{
  "type": "FeatureCollection",
  "generator": "overpass-turbo",
  "copyright": "The data included in this document is from www.openstreetmap.org. The data is made available under ODbL.",
  "timestamp": "2025-05-03T13:52:15Z",
  "features": [
    {
      "type": "Feature",
      "properties": {
        "start_km": 0.0,
        "end_km": 0.73
      },
      "geometry": {
        "type": "LineString",
        "coordinates": [
          [
            80.2755563,
            13.0827412
          ],
          [
            80.2754328,
            13.08351
          ],
          [
            80.2752106,
            13.0848971
          ],
          [
            80.2748224,
            13.0871674
          ],
          [
            80.2746913,
            13.0880228
          ],
          [
            80.2746642,
            13.0882668
          ],
          [
            80.2746385,
            13.0889228
          ],
          [
            80.2745887,
            13.0892673
          ]
        ]
      },
      "id": "way/22976476"
    },
    {
      "type": "Feature",
      "properties": {
        "start_km": 0.73,
        "end_km": 2.907
      },
      "geometry": {
        "type": "LineString",
        "coordinates": [
          [
            80.2924282,
            13.0935576
          ],
          [
            80.2914701,
            13.0904757
          ],
          [
            80.2907525,
            13.0881469
          ],
          [
            80.2907033,
            13.0879871
          ],
          [
            80.2904188,
            13.0870718
          ],
          [
            80.2902683,
            13.0866717
          ],
          [
            80.2900051,
            13.0861803
          ],
          [
            80.2898718,
            13.0859829
          ],
          [
            80.2896195,
            13.0857146
          ],
          [
            80.2893688,
            13.0854983
          ],
          [
            80.2891141,
            13.0853481
          ],
          [
            80.2888575,
            13.0852225
          ],
          [
            80.2885826,
            13.0851083
          ],
          [
            80.2882797,
            13.0850404
          ],
          [
            80.2878113,
            13.0849874
          ],
          [
            80.2874443,
            13.0849999
          ],
          [
            80.2853679,
            13.0851722
          ],
          [
            80.2849749,
            13.0851662
          ],
          [
            80.284619,
            13.0851197
          ],
          [
            80.2842265,
            13.0849734
          ],
          [
            80.2838495,
            13.0847657
          ],
          [
            80.283557,
            13.0845059
          ],
          [
            80.2833098,
            13.0841776
          ],
          [
            80.2828074,
            13.0833967
          ],
          [
            80.2820536,
            13.0821741
          ],
          [
            80.2818211,
            13.081817
          ],
          [
            80.2814601,
            13.0813665
          ],
          [
            80.2812176,
            13.0810262
          ],
          [
            80.2810189,
            13.080778
          ],
          [
            80.2808856,
            13.0806352
          ],
          [
            80.2806557,
            13.0804194
          ]
        ]
      },
      "id": "way/23297084"
    },
    {
      "type": "Feature",
      "properties": {
        "start_km": 2.907,
        "end_km": 3.208
      },
      "geometry": {
        "type": "LineString",
        "coordinates": [
          [
            80.2658352,
            13.1104368
          ],
          [
            80.2646907,
            13.1101449
          ],
          [
            80.2643987,
            13.110076
          ],
          [
            80.264017,
            13.1099843
          ],
          [
            80.2638023,
            13.1099255
          ],
          [
            80.2631371,
            13.1097764
          ]
        ]
      },
      "id": "way/23467816"
    },
    {
      "type": "Feature",
      "properties": {
        "start_km": 3.208,
        "end_km": 3.642
      },
      "geometry": {
        "type": "LineString",
        "coordinates": [
          [
            80.2742685,
            13.0913964
          ],
          [
            80.2743662,
            13.0911804
          ],
          [
            80.2744429,
            13.0909696
          ],
          [
            80.2745019,
            13.0907593
          ],
          [
            80.2745618,
            13.0904881
          ],
          [
            80.2746554,
            13.0897879
          ],
          [
            80.2748171,
            13.0888403
          ],
          [
            80.2748955,
            13.0884409
          ],
          [
            80.2749687,
            13.0880996
          ],
          [
            80.2750376,
            13.0878903
          ],
          [
            80.275142,
            13.0875901
          ]
        ]
      },
      "id": "way/23892263"
    },
    {
      "type": "Feature",
      "properties": {
        "start_km": 3.642,
        "end_km": 4.446
      },
      "geometry": {
        "type": "LineString",
        "coordinates": [
          [
            80.2722608,
            13.1061588
          ],
          [
            80.2721515,
            13.1058831
          ],
          [
            80.2720715,
            13.1056413
          ],
          [
            80.2719607,
            13.1053603
          ],
          [
            80.2719145,
            13.1051983
          ],
          [
            80.2718027,
            13.1047733
          ],
          [
            80.2717357,
            13.1045525
          ],
          [
            80.2716974,
            13.1043466
          ],
          [
            80.2716755,
            13.1041953
          ],
          [
            80.2716594,
            13.1040603
          ],
          [
            80.2716598,
            13.1039117
          ],
          [
            80.271667,
            13.1037426
          ],
          [
            80.2716837,
            13.1036218
          ],
          [
            80.2716992,
            13.1035093
          ],
          [
            80.2717548,
            13.1032306
          ],
          [
            80.271791,
            13.1030637
          ],
          [
            80.2718669,
            13.102716
          ],
          [
            80.2719874,
            13.1022944
          ],
          [
            80.2720066,
            13.1022179
          ],
          [
            80.2721106,
            13.1018038
          ],
          [
            80.2721088,
            13.1016853
          ],
          [
            80.2721059,
            13.1015038
          ],
          [
            80.2721039,
            13.1013789
          ],
          [
            80.272128,
            13.1009505
          ],
          [
            80.2721039,
            13.100702
          ],
          [
            80.2720738,
            13.1002782
          ],
          [
            80.2720707,
            13.0990243
          ]
        ]
      },
      "id": "way/23892265"
    },
    {
      "type": "Feature",
      "properties": {
        "start_km": 4.446,
        "end_km": 5.296
      },
      "geometry": {
        "type": "LineString",
        "coordinates": [
          [
            80.2723523,
            13.1022529
          ],
          [
            80.2724226,
            13.1021422
          ],
          [
            80.2727564,
            13.1015332
          ],
          [
            80.2729407,
            13.1010837
          ],
          [
            80.2731032,
            13.1008019
          ],
          [
            80.2732162,
            13.1005134
          ],
          [
            80.2733494,
            13.1001736
          ],
          [
            80.2734613,
            13.0998156
          ],
          [
            80.273539,
            13.0995931
          ],
          [
            80.2735627,
            13.0993593
          ],
          [
            80.2735854,
            13.0990393
          ],
          [
            80.2736176,
            13.0987411
          ],
          [
            80.2736328,
            13.0986
          ],
          [
            80.273671,
            13.0981876
          ],
          [
            80.2736776,
            13.0981172
          ],
          [
            80.2736835,
            13.0980694
          ],
          [
            80.2737077,
            13.0978732
          ],
          [
            80.2737109,
            13.0977963
          ],
          [
            80.2737161,
            13.0976694
          ],
          [
            80.2737139,
            13.0972812
          ],
          [
            80.2737058,
            13.0963082
          ],
          [
            80.2737064,
            13.0948318
          ]
        ]
      },
      "id": "way/23892268"
    },
    {
      "type": "Feature",
      "properties": {
        "start_km": 5.296,
        "end_km": 5.965
      },
      "geometry": {
        "type": "LineString",
        "coordinates": [
          [
            80.2734613,
            13.0998156
          ],
          [
            80.2734892,
            13.0996642
          ],
          [
            80.2734911,
            13.0995391
          ],
          [
            80.2734956,
            13.0993075
          ],
          [
            80.2734595,
            13.0991828
          ],
          [
            80.2734214,
            13.0990511
          ],
          [
            80.2733623,
            13.0988164
          ],
          [
            80.2728929,
            13.096805
          ],
          [
            80.2727146,
            13.0960963
          ],
          [
            80.2726378,
            13.095767
          ],
          [
            80.2725949,
            13.0954923
          ],
          [
            80.2725869,
            13.0952074
          ],
          [
            80.2726148,
            13.0950298
          ],
          [
            80.2726292,
            13.0946318
          ],
          [
            80.2727725,
            13.0942259
          ],
          [
            80.2729011,
            13.0939272
          ]
        ]
      },
      "id": "way/23892271"
    },
    {
      "type": "Feature",
      "properties": {
        "start_km": 5.965,
        "end_km": 6.281
      },
      "geometry": {
        "type": "LineString",
        "coordinates": [
          [
            80.2733873,
            13.0896471
          ],
          [
            80.2733767,
            13.0900408
          ],
          [
            80.2733392,
            13.0904718
          ],
          [
            80.273272,
            13.0911382
          ],
          [
            80.2731196,
            13.0924897
          ]
        ]
      },
      "id": "way/23892275"
    },
    {
      "type": "Feature",
      "properties": {
        "start_km": 6.281,
        "end_km": 6.316
      },
      "geometry": {
        "type": "LineString",
        "coordinates": [
          [
            80.273751,
            13.1103374
          ],
          [
            80.2740706,
            13.1102968
          ]
        ]
      },
      "id": "way/23966126"
    },
    {
      "type": "Feature",
      "properties": {
        "start_km": 6.316,
        "end_km": 6.681
      },
      "geometry": {
        "type": "LineString",
        "coordinates": [
          [
            80.2703926,
            13.1104724
          ],
          [
            80.2715962,
            13.1104811
          ],
          [
            80.2721137,
            13.1104776
          ],
          [
            80.2725953,
            13.1104447
          ],
          [
            80.273751,
            13.1103374
          ]
        ]
      },
      "id": "way/23966128"
    },
    {
      "type": "Feature",
      "properties": {
        "start_km": 6.681,
        "end_km": 6.737
      },
      "geometry": {
        "type": "LineString",
        "coordinates": [
          [
            80.2722542,
            13.1063037
          ],
          [
            80.2724733,
            13.1067616
          ]
        ]
      },
      "id": "way/23966129"
    },
    {
      "type": "Feature",
      "properties": {
        "start_km": 6.737,
        "end_km": 6.775
      },
      "geometry": {
        "type": "LineString",
        "coordinates": [
          [
            80.2660278,
            13.1102048
          ],
          [
            80.2663738,
            13.1102457
          ]
        ]
      },
      "id": "way/23966133"
    },
    {
      "type": "Feature",
      "properties": {
        "start_km": 6.775,
        "end_km": 6.804
      },
      "geometry": {
        "type": "LineString",
        "coordinates": [
          [
            80.2661017,
            13.1104981
          ],
          [
            80.2658352,
            13.1104368
          ]
        ]
      },
      "id": "way/23966135"
    },
    {
      "type": "Feature",
      "properties": {
        "start_km": 6.804,
        "end_km": 7.309
      },
      "geometry": {
        "type": "LineString",
        "coordinates": [
          [
            80.2702182,
            13.1125794
          ],
          [
            80.2692999,
            13.1120372
          ],
          [
            80.2681141,
            13.1113564
          ],
          [
            80.267321,
            13.1109186
          ],
          [
            80.267111,
            13.1108153
          ],
          [
            80.2669291,
            13.1107347
          ],
          [
            80.2667764,
            13.1106805
          ],
          [
            80.2666237,
            13.1106353
          ],
          [
            80.2661017,
            13.1104981
          ]
        ]
      },
      "id": "way/23966137"
    },
    {
      "type": "Feature",
      "properties": {
        "start_km": 7.309,
        "end_km": 9.845
      },
      "geometry": {
        "type": "LineString",
        "coordinates": [
          [
            80.2931941,
            13.0953002
          ],
          [
            80.2931579,
            13.0950214
          ],
          [
            80.2931352,
            13.0946572
          ],
          [
            80.2931487,
            13.0943082
          ],
          [
            80.2931457,
            13.0940679
          ],
          [
            80.2930687,
            13.0934207
          ],
          [
            80.2929141,
            13.0926016
          ],
          [
            80.2927334,
            13.0918719
          ],
          [
            80.2923885,
            13.0907293
          ],
          [
            80.2917949,
            13.0888428
          ],
          [
            80.2916334,
            13.0883106
          ],
          [
            80.2915014,
            13.0878418
          ],
          [
            80.2913772,
            13.0873747
          ],
          [
            80.2912943,
            13.0871346
          ],
          [
            80.2911725,
            13.0867321
          ],
          [
            80.2911358,
            13.0866078
          ],
          [
            80.291048,
            13.0863951
          ],
          [
            80.2909701,
            13.0861566
          ],
          [
            80.2908207,
            13.0856957
          ],
          [
            80.2907476,
            13.0854353
          ],
          [
            80.2905347,
            13.0847273
          ],
          [
            80.2904165,
            13.084326
          ],
          [
            80.2903435,
            13.0841086
          ],
          [
            80.2902621,
            13.0838652
          ],
          [
            80.2902456,
            13.0837151
          ],
          [
            80.2902473,
            13.0836094
          ],
          [
            80.2902534,
            13.0834816
          ],
          [
            80.2902915,
            13.0832337
          ],
          [
            80.290305,
            13.0830718
          ],
          [
            80.2903286,
            13.0828778
          ],
          [
            80.2903518,
            13.0826274
          ],
          [
            80.2903749,
            13.0823704
          ],
          [
            80.2904533,
            13.0817231
          ],
          [
            80.2904617,
            13.0816232
          ],
          [
            80.2905352,
            13.0810711
          ],
          [
            80.2905168,
            13.0807549
          ],
          [
            80.2904472,
            13.0804488
          ],
          [
            80.2901989,
            13.0796519
          ],
          [
            80.2898877,
            13.0786841
          ],
          [
            80.2894101,
            13.077136
          ],
          [
            80.289044,
            13.0760143
          ],
          [
            80.2886975,
            13.0749115
          ],
          [
            80.2883939,
            13.0739062
          ],
          [
            80.288339,
            13.0737109
          ],
          [
            80.2882554,
            13.0733103
          ],
          [
            80.2882005,
            13.0731346
          ]
        ]
      },
      "id": "way/24256741"
    },
    {
      "type": "Feature",
      "properties": {
        "start_km": 9.845,
        "end_km": 10.219
      },
      "geometry": {
        "type": "LineString",
        "coordinates": [
          [
            80.2879259,
            13.1065183
          ],
          [
            80.2882747,
            13.1062781
          ],
          [
            80.2886932,
            13.1059682
          ],
          [
            80.2891917,
            13.1056143
          ],
          [
            80.2896819,
            13.1052638
          ],
          [
            80.2900038,
            13.10504
          ],
          [
            80.2902578,
            13.1048165
          ],
          [
            80.2906104,
            13.1044143
          ]
        ]
      },
      "id": "way/24256812"
    },
    {
      "type": "Feature",
      "properties": {
        "start_km": 10.219,
        "end_km": 13.674
      },
      "geometry": {
        "type": "LineString",
        "coordinates": [
          [
            80.2724733,
            13.1067616
          ],
          [
            80.2726232,
            13.1070966
          ],
          [
            80.27276,
            13.107328
          ],
          [
            80.2728829,
            13.1075186
          ],
          [
            80.2729975,
            13.1076977
          ],
          [
            80.2731449,
            13.1078859
          ],
          [
            80.273268,
            13.1080398
          ],
          [
            80.2735177,
            13.1082972
          ],
          [
            80.2737348,
            13.1085046
          ],
          [
            80.2741214,
            13.1088298
          ],
          [
            80.2745791,
            13.1091321
          ],
          [
            80.274921,
            13.1093203
          ],
          [
            80.2751808,
            13.1094338
          ],
          [
            80.2754479,
            13.1095515
          ],
          [
            80.2757499,
            13.1096482
          ],
          [
            80.2760939,
            13.1097268
          ],
          [
            80.2764146,
            13.1097681
          ],
          [
            80.2767461,
            13.1097885
          ],
          [
            80.277076,
            13.1097818
          ],
          [
            80.2775213,
            13.1097385
          ],
          [
            80.2780545,
            13.1096813
          ],
          [
            80.2786019,
            13.109606
          ],
          [
            80.2789644,
            13.1095488
          ],
          [
            80.2798142,
            13.1093843
          ],
          [
            80.2802873,
            13.1092564
          ],
          [
            80.2808532,
            13.1091033
          ],
          [
            80.2811309,
            13.109026
          ],
          [
            80.2815006,
            13.1089233
          ],
          [
            80.2822049,
            13.1087376
          ],
          [
            80.2827335,
            13.1085828
          ],
          [
            80.2836135,
            13.1083563
          ],
          [
            80.2839598,
            13.1082488
          ],
          [
            80.2843379,
            13.1081119
          ],
          [
            80.2861265,
            13.1074097
          ],
          [
            80.2863618,
            13.107308
          ],
          [
            80.2865968,
            13.107209
          ],
          [
            80.2868132,
            13.1071178
          ],
          [
            80.2873335,
            13.1069034
          ],
          [
            80.2876743,
            13.106763
          ],
          [
            80.2883106,
            13.1064986
          ],
          [
            80.2887699,
            13.1063001
          ],
          [
            80.2894959,
            13.1060006
          ],
          [
            80.2903982,
            13.1055967
          ],
          [
            80.2908573,
            13.1053987
          ],
          [
            80.2911301,
            13.1052879
          ],
          [
            80.2915044,
            13.1051131
          ],
          [
            80.2918301,
            13.1049733
          ],
          [
            80.292135,
            13.1048275
          ],
          [
            80.2924085,
            13.1046772
          ],
          [
            80.2927569,
            13.1044618
          ],
          [
            80.2931903,
            13.1041595
          ],
          [
            80.2936062,
            13.1038451
          ],
          [
            80.2938041,
            13.1036891
          ],
          [
            80.2939035,
            13.1036107
          ],
          [
            80.2941679,
            13.1034015
          ],
          [
            80.2945226,
            13.1030151
          ],
          [
            80.2947019,
            13.1027416
          ],
          [
            80.2948473,
            13.1024192
          ],
          [
            80.2949058,
            13.1021971
          ],
          [
            80.2949373,
            13.1019682
          ],
          [
            80.2949549,
            13.1017839
          ],
          [
            80.2949515,
            13.1015495
          ],
          [
            80.2949157,
            13.1013117
          ],
          [
            80.2948144,
            13.1009196
          ],
          [
            80.2938044,
            13.0976511
          ],
          [
            80.293445,
            13.0964776
          ]
        ]
      },
      "id": "way/24256814"
    },
    {
      "type": "Feature",
      "properties": {
        "start_km": 13.674,
        "end_km": 14.572
      },
      "geometry": {
        "type": "LineString",
        "coordinates": [
          [
            80.2919792,
            13.1524059
          ],
          [
            80.2916064,
            13.151856
          ],
          [
            80.2915386,
            13.151721
          ],
          [
            80.2914945,
            13.1516333
          ],
          [
            80.2888653,
            13.1459028
          ],
          [
            80.2885838,
            13.1452787
          ],
          [
            80.2884833,
            13.1450579
          ]
        ]
      },
      "id": "way/25368370"
    },
    {
      "type": "Feature",
      "properties": {
        "start_km": 14.572,
        "end_km": 15.647
      },
      "geometry": {
        "type": "LineString",
        "coordinates": [
          [
            80.2914651,
            13.1524672
          ],
          [
            80.2916873,
            13.1529057
          ],
          [
            80.2917567,
            13.1530636
          ],
          [
            80.2918061,
            13.153202
          ],
          [
            80.2921624,
            13.1541758
          ],
          [
            80.2922068,
            13.1546637
          ],
          [
            80.2920448,
            13.1554575
          ],
          [
            80.2918861,
            13.1558833
          ],
          [
            80.2918665,
            13.1559523
          ],
          [
            80.2916476,
            13.1563576
          ],
          [
            80.2909365,
            13.1574468
          ],
          [
            80.2892199,
            13.158993
          ],
          [
            80.287652,
            13.1601176
          ],
          [
            80.2875664,
            13.160179
          ]
        ]
      },
      "id": "way/25368424"
    },
    {
      "type": "Feature",
      "properties": {
        "start_km": 15.647,
        "end_km": 18.534
      },
      "geometry": {
        "type": "LineString",
        "coordinates": [
          [
            80.2869148,
            13.1606228
          ],
          [
            80.2852293,
            13.1616578
          ],
          [
            80.2837828,
            13.1625461
          ],
          [
            80.2808646,
            13.1643012
          ],
          [
            80.2804023,
            13.1644683
          ],
          [
            80.2746907,
            13.1653567
          ],
          [
            80.274419,
            13.1653514
          ],
          [
            80.2736128,
            13.1652557
          ],
          [
            80.273254,
            13.1652152
          ],
          [
            80.2729988,
            13.165251
          ],
          [
            80.2729473,
            13.1652585
          ],
          [
            80.2711778,
            13.1655152
          ],
          [
            80.2710986,
            13.1655281
          ],
          [
            80.2695013,
            13.1657942
          ],
          [
            80.2686438,
            13.165898
          ],
          [
            80.268331,
            13.1659879
          ],
          [
            80.2679917,
            13.1661541
          ],
          [
            80.267539,
            13.1665148
          ],
          [
            80.2671356,
            13.1672754
          ],
          [
            80.2669757,
            13.1677571
          ],
          [
            80.2669518,
            13.1684306
          ],
          [
            80.2670326,
            13.1692477
          ],
          [
            80.2670519,
            13.1697836
          ],
          [
            80.2671356,
            13.1721059
          ]
        ]
      },
      "id": "way/25368471"
    },
    {
      "type": "Feature",
      "properties": {
        "start_km": 18.534,
        "end_km": 19.541
      },
      "geometry": {
        "type": "LineString",
        "coordinates": [
          [
            80.2837828,
            13.1625461
          ],
          [
            80.2832421,
            13.1631729
          ],
          [
            80.2830104,
            13.1638332
          ],
          [
            80.2831391,
            13.1649196
          ],
          [
            80.2844867,
            13.1712796
          ]
        ]
      },
      "id": "way/25368477"
    },
    {
      "type": "Feature",
      "properties": {
        "start_km": 19.541,
        "end_km": 22.422
      },
      "geometry": {
        "type": "LineString",
        "coordinates": [
          [
            80.207017,
            13.1103244
          ],
          [
            80.2065891,
            13.1103882
          ],
          [
            80.2061532,
            13.1104656
          ],
          [
            80.2044759,
            13.1106652
          ],
          [
            80.2042215,
            13.110701
          ],
          [
            80.2034195,
            13.1107891
          ],
          [
            80.2030732,
            13.1108272
          ],
          [
            80.2018965,
            13.1109566
          ],
          [
            80.201573,
            13.1109946
          ],
          [
            80.2013594,
            13.1110104
          ],
          [
            80.2011006,
            13.1110195
          ],
          [
            80.2007764,
            13.1110044
          ],
          [
            80.2004889,
            13.1109684
          ],
          [
            80.2002005,
            13.1109162
          ],
          [
            80.1999507,
            13.1108523
          ],
          [
            80.1997436,
            13.1107795
          ],
          [
            80.1994884,
            13.1106793
          ],
          [
            80.1992373,
            13.1105543
          ],
          [
            80.1989421,
            13.1103909
          ],
          [
            80.1986967,
            13.1102092
          ],
          [
            80.1984966,
            13.1100569
          ],
          [
            80.1982811,
            13.1098727
          ],
          [
            80.1979266,
            13.1095696
          ],
          [
            80.1971695,
            13.1088899
          ],
          [
            80.1965337,
            13.1083358
          ],
          [
            80.1962211,
            13.1080066
          ],
          [
            80.1959575,
            13.1076988
          ],
          [
            80.1956419,
            13.1072103
          ],
          [
            80.1953673,
            13.1066957
          ],
          [
            80.1952302,
            13.1063206
          ],
          [
            80.1950773,
            13.1058095
          ],
          [
            80.1950369,
            13.105599
          ],
          [
            80.1949944,
            13.105235
          ],
          [
            80.1948669,
            13.1031814
          ],
          [
            80.1947997,
            13.1022684
          ],
          [
            80.1947805,
            13.101667
          ],
          [
            80.1948178,
            13.1013074
          ],
          [
            80.194893,
            13.1009219
          ],
          [
            80.1950243,
            13.1005948
          ],
          [
            80.1951958,
            13.100273
          ],
          [
            80.1953841,
            13.1000073
          ],
          [
            80.1956565,
            13.0997495
          ],
          [
            80.1958521,
            13.0995899
          ],
          [
            80.1961995,
            13.099375
          ],
          [
            80.1964442,
            13.0992658
          ],
          [
            80.1967292,
            13.0991722
          ],
          [
            80.1972342,
            13.0990907
          ],
          [
            80.1979037,
            13.0990164
          ],
          [
            80.1984435,
            13.0989205
          ],
          [
            80.1987168,
            13.0988699
          ],
          [
            80.2011357,
            13.0985963
          ]
        ]
      },
      "id": "way/25377127"
    },
    {
      "type": "Feature",
      "properties": {
        "start_km": 22.422,
        "end_km": 23.864
      },
      "geometry": {
        "type": "LineString",
        "coordinates": [
          [
            80.2685776,
            13.1125866
          ],
          [
            80.268687,
            13.1129055
          ],
          [
            80.2687463,
            13.1131422
          ],
          [
            80.2689177,
            13.1139066
          ],
          [
            80.268925,
            13.1139415
          ],
          [
            80.2692531,
            13.1155028
          ],
          [
            80.2693289,
            13.1158719
          ],
          [
            80.2694183,
            13.1162809
          ],
          [
            80.269501,
            13.1166584
          ],
          [
            80.2699334,
            13.118717
          ],
          [
            80.27081,
            13.1229353
          ],
          [
            80.2708398,
            13.1232892
          ],
          [
            80.2708695,
            13.123643
          ],
          [
            80.2709646,
            13.1240992
          ],
          [
            80.2710691,
            13.1244826
          ],
          [
            80.2712058,
            13.124757
          ],
          [
            80.2713489,
            13.1249976
          ],
          [
            80.27152,
            13.1252428
          ]
        ]
      },
      "id": "way/26321867"
    },
    {
      "type": "Feature",
      "properties": {
        "start_km": 23.864,
        "end_km": 24.601
      },
      "geometry": {
        "type": "LineString",
        "coordinates": [
          [
            80.2746359,
            13.089353
          ],
          [
            80.2747104,
            13.0888735
          ],
          [
            80.2747892,
            13.0884066
          ],
          [
            80.2748319,
            13.0880245
          ],
          [
            80.2749131,
            13.08756
          ],
          [
            80.2755696,
            13.0835264
          ],
          [
            80.275694,
            13.0827764
          ]
        ]
      },
      "id": "way/27618290"
    },
    {
      "type": "Feature",
      "properties": {
        "start_km": 24.601,
        "end_km": 25.18
      },
      "geometry": {
        "type": "LineString",
        "coordinates": [
          [
            80.2748118,
            13.0885821
          ],
          [
            80.274931,
            13.0881184
          ],
          [
            80.2749756,
            13.0879276
          ],
          [
            80.2750776,
            13.087475
          ],
          [
            80.2752034,
            13.0867034
          ],
          [
            80.2757,
            13.08354
          ],
          [
            80.2757226,
            13.0834212
          ]
        ]
      },
      "id": "way/27618291"
    },
    {
      "type": "Feature",
      "properties": {
        "start_km": 25.18,
        "end_km": 25.51
      },
      "geometry": {
        "type": "LineString",
        "coordinates": [
          [
            80.2466039,
            13.0747275
          ],
          [
            80.2472066,
            13.0747856
          ],
          [
            80.247619,
            13.0748702
          ],
          [
            80.2482499,
            13.0750042
          ],
          [
            80.249568,
            13.0753496
          ]
        ]
      },
      "id": "way/28295521"
    },
    {
      "type": "Feature",
      "properties": {
        "start_km": 25.51,
        "end_km": 26.076
      },
      "geometry": {
        "type": "LineString",
        "coordinates": [
          [
            80.2460488,
            13.0747671
          ],
          [
            80.2467978,
            13.0748103
          ],
          [
            80.2473159,
            13.0748773
          ],
          [
            80.2479644,
            13.0750253
          ],
          [
            80.2491816,
            13.0753565
          ],
          [
            80.2502764,
            13.075628
          ],
          [
            80.2506216,
            13.0757309
          ],
          [
            80.2507501,
            13.0757559
          ],
          [
            80.2509567,
            13.0757752
          ],
          [
            80.2511515,
            13.0757569
          ]
        ]
      },
      "id": "way/28295522"
    },
    {
      "type": "Feature",
      "properties": {
        "start_km": 26.076,
        "end_km": 26.771
      },
      "geometry": {
        "type": "LineString",
        "coordinates": [
          [
            80.2457032,
            13.0748882
          ],
          [
            80.2459346,
            13.0749114
          ],
          [
            80.2464524,
            13.0749019
          ],
          [
            80.2467837,
            13.0749125
          ],
          [
            80.2472524,
            13.0749724
          ],
          [
            80.2478199,
            13.0750887
          ],
          [
            80.2483027,
            13.0752015
          ],
          [
            80.2505654,
            13.0758077
          ],
          [
            80.2509813,
            13.0759628
          ],
          [
            80.251902,
            13.0762927
          ]
        ]
      },
      "id": "way/28295523"
    },
    {
      "type": "Feature",
      "properties": {
        "start_km": 26.771,
        "end_km": 27.64
      },
      "geometry": {
        "type": "LineString",
        "coordinates": [
          [
            80.2459413,
            13.074958
          ],
          [
            80.2462592,
            13.0750074
          ],
          [
            80.2465335,
            13.07505
          ],
          [
            80.2473124,
            13.075191
          ],
          [
            80.2478093,
            13.0753037
          ],
          [
            80.2486023,
            13.0755082
          ],
          [
            80.2503434,
            13.0759487
          ],
          [
            80.2511963,
            13.076139
          ],
          [
            80.251902,
            13.0762927
          ],
          [
            80.2518809,
            13.0762865
          ],
          [
            80.2523001,
            13.0764006
          ],
          [
            80.2529806,
            13.0765792
          ],
          [
            80.2536966,
            13.0767297
          ]
        ]
      },
      "id": "way/28295524"
    },
    {
      "type": "Feature",
      "properties": {
        "start_km": 27.64,
        "end_km": 28.228
      },
      "geometry": {
        "type": "LineString",
        "coordinates": [
          [
            80.2459346,
            13.0749114
          ],
          [
            80.2465299,
            13.0749795
          ],
          [
            80.2469881,
            13.0750288
          ],
          [
            80.2475309,
            13.075131
          ],
          [
            80.2483908,
            13.075339
          ],
          [
            80.2506148,
            13.0759276
          ],
          [
            80.250945,
            13.0760338
          ],
          [
            80.2511297,
            13.076109
          ],
          [
            80.2511963,
            13.076139
          ]
        ]
      },
      "id": "way/28295525"
    },
    {
      "type": "Feature",
      "properties": {
        "start_km": 28.228,
        "end_km": 28.896
      },
      "geometry": {
        "type": "LineString",
        "coordinates": [
          [
            80.2278968,
            13.1035855
          ],
          [
            80.227677,
            13.1037439
          ],
          [
            80.2274521,
            13.10389
          ],
          [
            80.2271839,
            13.1040405
          ],
          [
            80.2269813,
            13.1041117
          ],
          [
            80.2268109,
            13.1041586
          ],
          [
            80.2266109,
            13.1042025
          ],
          [
            80.2260579,
            13.1042695
          ],
          [
            80.2248141,
            13.1044161
          ],
          [
            80.2240641,
            13.1045008
          ],
          [
            80.2234173,
            13.1045688
          ],
          [
            80.2228266,
            13.1046376
          ],
          [
            80.221928,
            13.1047396
          ]
        ]
      },
      "id": "way/28347536"
    },
    {
      "type": "Feature",
      "properties": {
        "start_km": 28.896,
        "end_km": 29.415
      },
      "geometry": {
        "type": "LineString",
        "coordinates": [
          [
            80.227697,
            13.1037721
          ],
          [
            80.2274301,
            13.1039585
          ],
          [
            80.2272271,
            13.1040744
          ],
          [
            80.22703,
            13.1041677
          ],
          [
            80.2267781,
            13.1042881
          ],
          [
            80.2265581,
            13.1043736
          ],
          [
            80.2261207,
            13.1045312
          ],
          [
            80.2258659,
            13.1046011
          ],
          [
            80.225633,
            13.1046456
          ],
          [
            80.2254329,
            13.1046748
          ],
          [
            80.2251309,
            13.1047128
          ],
          [
            80.2248042,
            13.1047506
          ],
          [
            80.2231304,
            13.1049309
          ]
        ]
      },
      "id": "way/28347541"
    },
    {
      "type": "Feature",
      "properties": {
        "start_km": 29.415,
        "end_km": 29.928
      },
      "geometry": {
        "type": "LineString",
        "coordinates": [
          [
            80.2265581,
            13.1043736
          ],
          [
            80.2260216,
            13.1047454
          ],
          [
            80.2257025,
            13.1049698
          ],
          [
            80.2255003,
            13.1050849
          ],
          [
            80.2252913,
            13.1051534
          ],
          [
            80.2250854,
            13.1051864
          ],
          [
            80.2249272,
            13.1052069
          ],
          [
            80.222091,
            13.105531
          ]
        ]
      },
      "id": "way/28347560"
    },
    {
      "type": "Feature",
      "properties": {
        "start_km": 29.928,
        "end_km": 30.191
      },
      "geometry": {
        "type": "LineString",
        "coordinates": [
          [
            80.2259076,
            13.1055276
          ],
          [
            80.225565,
            13.1057875
          ],
          [
            80.2252613,
            13.1059527
          ],
          [
            80.2250398,
            13.1060518
          ],
          [
            80.2248421,
            13.1061099
          ],
          [
            80.2246745,
            13.1061465
          ],
          [
            80.2244747,
            13.1061783
          ],
          [
            80.2242141,
            13.1062041
          ],
          [
            80.2236565,
            13.1062326
          ]
        ]
      },
      "id": "way/28347564"
    },
    {
      "type": "Feature",
      "properties": {
        "start_km": 30.191,
        "end_km": 31.134
      },
      "geometry": {
        "type": "LineString",
        "coordinates": [
          [
            80.2224041,
            13.1083973
          ],
          [
            80.2228051,
            13.1083305
          ],
          [
            80.2230011,
            13.1082934
          ],
          [
            80.2232224,
            13.1082485
          ],
          [
            80.2234359,
            13.1081891
          ],
          [
            80.2238128,
            13.1080241
          ],
          [
            80.2240333,
            13.1078634
          ],
          [
            80.2242031,
            13.1077023
          ],
          [
            80.2252003,
            13.1067412
          ],
          [
            80.2258995,
            13.1060736
          ],
          [
            80.2268502,
            13.1051582
          ],
          [
            80.2274384,
            13.1045971
          ],
          [
            80.2278586,
            13.1042131
          ],
          [
            80.2280868,
            13.1040666
          ],
          [
            80.2283462,
            13.1039454
          ],
          [
            80.229337,
            13.1035867
          ]
        ]
      },
      "id": "way/28347571"
    },
    {
      "type": "Feature",
      "properties": {
        "start_km": 31.134,
        "end_km": 31.463
      },
      "geometry": {
        "type": "LineString",
        "coordinates": [
          [
            80.2258995,
            13.1060736
          ],
          [
            80.2263292,
            13.105807
          ],
          [
            80.2267873,
            13.1055755
          ],
          [
            80.227073,
            13.1054514
          ],
          [
            80.2286888,
            13.1049475
          ]
        ]
      },
      "id": "way/28347575"
    },
    {
      "type": "Feature",
      "properties": {
        "start_km": 31.463,
        "end_km": 31.931
      },
      "geometry": {
        "type": "LineString",
        "coordinates": [
          [
            80.2238128,
            13.1080241
          ],
          [
            80.2242625,
            13.1077678
          ],
          [
            80.2248418,
            13.1075156
          ],
          [
            80.2278568,
            13.1065699
          ]
        ]
      },
      "id": "way/28347580"
    },
    {
      "type": "Feature",
      "properties": {
        "start_km": 31.931,
        "end_km": 32.386
      },
      "geometry": {
        "type": "LineString",
        "coordinates": [
          [
            80.2908514,
            13.0802722
          ],
          [
            80.2909203,
            13.0806777
          ],
          [
            80.2909151,
            13.0808374
          ],
          [
            80.2908897,
            13.0809802
          ],
          [
            80.2908514,
            13.0811737
          ],
          [
            80.2908416,
            13.0812185
          ],
          [
            80.2907805,
            13.0814899
          ],
          [
            80.2907498,
            13.081643
          ],
          [
            80.290693,
            13.0818805
          ],
          [
            80.2906363,
            13.0821576
          ],
          [
            80.2905299,
            13.082769
          ],
          [
            80.2904321,
            13.083194
          ],
          [
            80.2903963,
            13.0834213
          ],
          [
            80.2903578,
            13.0838462
          ],
          [
            80.2903741,
            13.08404
          ],
          [
            80.2903822,
            13.0841479
          ],
          [
            80.2904165,
            13.084326
          ]
        ]
      },
      "id": "way/28765015"
    },
    {
      "type": "Feature",
      "properties": {
        "start_km": 32.386,
        "end_km": 33.695
      },
      "geometry": {
        "type": "LineString",
        "coordinates": [
          [
            80.2952926,
            13.1010663
          ],
          [
            80.2953602,
            13.100862
          ],
          [
            80.2953773,
            13.1007066
          ],
          [
            80.2953885,
            13.1005348
          ],
          [
            80.2953888,
            13.1003438
          ],
          [
            80.2953842,
            13.1001844
          ],
          [
            80.2953569,
            13.0999526
          ],
          [
            80.2952935,
            13.0997283
          ],
          [
            80.295097,
            13.0991107
          ],
          [
            80.2948032,
            13.0981806
          ],
          [
            80.2946721,
            13.09774
          ],
          [
            80.2945818,
            13.0973743
          ],
          [
            80.2945777,
            13.0972962
          ],
          [
            80.2945761,
            13.0972155
          ],
          [
            80.2945691,
            13.0971217
          ],
          [
            80.2945467,
            13.0970304
          ],
          [
            80.2944463,
            13.0967
          ],
          [
            80.2944027,
            13.0965673
          ],
          [
            80.2943942,
            13.0965413
          ],
          [
            80.2943748,
            13.0964804
          ],
          [
            80.2942714,
            13.0961325
          ],
          [
            80.2941773,
            13.0958297
          ],
          [
            80.2939908,
            13.0952286
          ],
          [
            80.2938415,
            13.0947706
          ],
          [
            80.2933342,
            13.0931534
          ],
          [
            80.2932341,
            13.0927859
          ],
          [
            80.2925991,
            13.090664
          ],
          [
            80.2925325,
            13.0905174
          ],
          [
            80.2924667,
            13.0903642
          ],
          [
            80.2924094,
            13.0902428
          ],
          [
            80.2923319,
            13.090044
          ],
          [
            80.2922211,
            13.0897134
          ]
        ]
      },
      "id": "way/28894647"
    },
    {
      "type": "Feature",
      "properties": {
        "start_km": 33.695,
        "end_km": 36.556
      },
      "geometry": {
        "type": "LineString",
        "coordinates": [
          [
            80.2880999,
            13.0718926
          ],
          [
            80.2881598,
            13.072126
          ],
          [
            80.2882906,
            13.0727382
          ],
          [
            80.2883662,
            13.0729041
          ],
          [
            80.2885286,
            13.0732449
          ],
          [
            80.2886059,
            13.0733952
          ],
          [
            80.2886514,
            13.0734838
          ],
          [
            80.2887709,
            13.0737019
          ],
          [
            80.2888791,
            13.0739326
          ],
          [
            80.289747,
            13.076613
          ],
          [
            80.2905827,
            13.0793314
          ],
          [
            80.2906713,
            13.0796273
          ],
          [
            80.2907928,
            13.0801274
          ],
          [
            80.2908514,
            13.0802722
          ],
          [
            80.2909995,
            13.0807829
          ],
          [
            80.2910918,
            13.081009
          ],
          [
            80.2911844,
            13.0811673
          ],
          [
            80.2913055,
            13.0813311
          ],
          [
            80.2913828,
            13.0814217
          ],
          [
            80.2914716,
            13.0815011
          ],
          [
            80.2915716,
            13.0815778
          ],
          [
            80.2916566,
            13.0816306
          ],
          [
            80.2917932,
            13.0817211
          ],
          [
            80.2919392,
            13.0817876
          ],
          [
            80.2921454,
            13.081866
          ],
          [
            80.2922581,
            13.0818965
          ],
          [
            80.2924142,
            13.0819208
          ],
          [
            80.292612,
            13.0819452
          ],
          [
            80.2929179,
            13.0819784
          ],
          [
            80.2931684,
            13.0820029
          ],
          [
            80.2936912,
            13.0821504
          ],
          [
            80.2938208,
            13.082188
          ],
          [
            80.2940418,
            13.0822522
          ],
          [
            80.2941456,
            13.0822862
          ],
          [
            80.294261,
            13.0823253
          ],
          [
            80.294426,
            13.0823986
          ],
          [
            80.2945218,
            13.082442
          ],
          [
            80.2946228,
            13.0824978
          ],
          [
            80.2947085,
            13.0825511
          ],
          [
            80.2948798,
            13.0826854
          ],
          [
            80.2949084,
            13.0827139
          ],
          [
            80.2950625,
            13.0828879
          ],
          [
            80.2952116,
            13.0830789
          ],
          [
            80.2961019,
            13.0842533
          ],
          [
            80.2972129,
            13.0857188
          ],
          [
            80.2973614,
            13.0858613
          ],
          [
            80.2974477,
            13.0859363
          ],
          [
            80.2975819,
            13.0860238
          ],
          [
            80.2978226,
            13.0861762
          ],
          [
            80.298032,
            13.0863018
          ],
          [
            80.2982076,
            13.0864279
          ],
          [
            80.2983463,
            13.0865357
          ],
          [
            80.2984977,
            13.0866788
          ],
          [
            80.2985883,
            13.0867779
          ],
          [
            80.2989019,
            13.0871816
          ],
          [
            80.3001363,
            13.0888448
          ],
          [
            80.3014407,
            13.0905393
          ],
          [
            80.3019686,
            13.0912497
          ],
          [
            80.302309,
            13.0917004
          ],
          [
            80.302546,
            13.0920114
          ]
        ]
      },
      "id": "way/28894823"
    },
    {
      "type": "Feature",
      "properties": {
        "start_km": 36.556,
        "end_km": 36.706
      },
      "geometry": {
        "type": "LineString",
        "coordinates": [
          [
            80.2061532,
            13.1104656
          ],
          [
            80.2075346,
            13.1103834
          ]
        ]
      },
      "id": "way/29072819"
    },
    {
      "type": "Feature",
      "properties": {
        "start_km": 36.706,
        "end_km": 37.896
      },
      "geometry": {
        "type": "LineString",
        "coordinates": [
          [
            80.212708,
            13.0083355
          ],
          [
            80.2147964,
            13.0098759
          ],
          [
            80.2161356,
            13.0108627
          ],
          [
            80.2177998,
            13.0121083
          ],
          [
            80.2183147,
            13.0125305
          ],
          [
            80.2187555,
            13.012973
          ],
          [
            80.2191587,
            13.013514
          ],
          [
            80.2195218,
            13.0141275
          ],
          [
            80.2203194,
            13.0157945
          ]
        ]
      },
      "id": "way/30970277"
    },
    {
      "type": "Feature",
      "properties": {
        "start_km": 37.896,
        "end_km": 38.209
      },
      "geometry": {
        "type": "LineString",
        "coordinates": [
          [
            80.2631581,
            13.1098494
          ],
          [
            80.2638023,
            13.1099255
          ],
          [
            80.2646952,
            13.1100387
          ],
          [
            80.2660278,
            13.1102048
          ]
        ]
      },
      "id": "way/30974180"
    },
    {
      "type": "Feature",
      "properties": {
        "start_km": 38.209,
        "end_km": 38.656
      },
      "geometry": {
        "type": "LineString",
        "coordinates": [
          [
            80.2854088,
            13.1355851
          ],
          [
            80.2854999,
            13.1358189
          ],
          [
            80.2855621,
            13.1359783
          ],
          [
            80.2857785,
            13.1368048
          ],
          [
            80.285855,
            13.1371069
          ],
          [
            80.2860141,
            13.1376115
          ],
          [
            80.2860897,
            13.1379458
          ],
          [
            80.286136,
            13.1381544
          ],
          [
            80.2861603,
            13.1382468
          ],
          [
            80.2862076,
            13.1384262
          ],
          [
            80.286335,
            13.1387179
          ],
          [
            80.2864484,
            13.1392193
          ],
          [
            80.2865055,
            13.1394716
          ]
        ]
      },
      "id": "way/34097330"
    },
    {
      "type": "Feature",
      "properties": {
        "start_km": 38.656,
        "end_km": 39.414
      },
      "geometry": {
        "type": "LineString",
        "coordinates": [
          [
            80.2724226,
            13.1021422
          ],
          [
            80.2726768,
            13.1015653
          ],
          [
            80.2727532,
            13.1012825
          ],
          [
            80.2727594,
            13.1011631
          ],
          [
            80.27277,
            13.1010568
          ],
          [
            80.2727887,
            13.10087
          ],
          [
            80.2727767,
            13.1000682
          ],
          [
            80.2727689,
            13.0990772
          ],
          [
            80.2727069,
            13.0986359
          ],
          [
            80.2724943,
            13.0977603
          ],
          [
            80.2722675,
            13.0968561
          ],
          [
            80.2722386,
            13.096633
          ],
          [
            80.272223,
            13.0965266
          ],
          [
            80.2722053,
            13.0964046
          ],
          [
            80.2721966,
            13.0961601
          ],
          [
            80.2722119,
            13.0960051
          ],
          [
            80.2722668,
            13.0956808
          ],
          [
            80.2723008,
            13.0954212
          ]
        ]
      },
      "id": "way/48048780"
    },
    {
      "type": "Feature",
      "properties": {
        "start_km": 39.414,
        "end_km": 39.458
      },
      "geometry": {
        "type": "LineString",
        "coordinates": [
          [
            80.2699863,
            13.1104591
          ],
          [
            80.2703926,
            13.1104724
          ]
        ]
      },
      "id": "way/53349182"
    },
    {
      "type": "Feature",
      "properties": {
        "start_km": 39.458,
        "end_km": 39.847
      },
      "geometry": {
        "type": "LineString",
        "coordinates": [
          [
            80.2699758,
            13.110419
          ],
          [
            80.2677208,
            13.1103463
          ],
          [
            80.2674052,
            13.1103265
          ],
          [
            80.2670525,
            13.1102919
          ],
          [
            80.2667098,
            13.1102517
          ],
          [
            80.2664011,
            13.1102092
          ]
        ]
      },
      "id": "way/53349186"
    },
    {
      "type": "Feature",
      "properties": {
        "start_km": 39.847,
        "end_km": 39.893
      },
      "geometry": {
        "type": "LineString",
        "coordinates": [
          [
            80.2703989,
            13.1104283
          ],
          [
            80.2699758,
            13.110419
          ]
        ]
      },
      "id": "way/53349189"
    },
    {
      "type": "Feature",
      "properties": {
        "start_km": 39.893,
        "end_km": 41.131
      },
      "geometry": {
        "type": "LineString",
        "coordinates": [
          [
            80.2351015,
            13.1075386
          ],
          [
            80.2349271,
            13.1075728
          ],
          [
            80.23163,
            13.1077585
          ],
          [
            80.2308013,
            13.1078076
          ],
          [
            80.2283765,
            13.1079324
          ],
          [
            80.2277957,
            13.1079654
          ],
          [
            80.2262562,
            13.1080311
          ],
          [
            80.2256684,
            13.1081003
          ],
          [
            80.2243744,
            13.1082526
          ],
          [
            80.2240697,
            13.1082742
          ],
          [
            80.2237131,
            13.1082711
          ]
        ]
      },
      "id": "way/53349192"
    },
    {
      "type": "Feature",
      "properties": {
        "start_km": 41.131,
        "end_km": 41.505
      },
      "geometry": {
        "type": "LineString",
        "coordinates": [
          [
            80.2914827,
            13.1054175
          ],
          [
            80.2917771,
            13.1053184
          ],
          [
            80.2919678,
            13.1052681
          ],
          [
            80.2921227,
            13.1052507
          ],
          [
            80.2923049,
            13.1052191
          ],
          [
            80.2925004,
            13.105192
          ],
          [
            80.2927343,
            13.1051354
          ],
          [
            80.292964,
            13.1050467
          ],
          [
            80.2932249,
            13.1049288
          ],
          [
            80.2934372,
            13.1048062
          ],
          [
            80.2935919,
            13.1046989
          ],
          [
            80.2937609,
            13.1045832
          ],
          [
            80.2939583,
            13.1044838
          ],
          [
            80.2941273,
            13.1044219
          ],
          [
            80.2943397,
            13.1043649
          ],
          [
            80.2946977,
            13.104303
          ]
        ]
      },
      "id": "way/53349196"
    },
    {
      "type": "Feature",
      "properties": {
        "start_km": 41.505,
        "end_km": 41.898
      },
      "geometry": {
        "type": "LineString",
        "coordinates": [
          [
            80.2663738,
            13.1102457
          ],
          [
            80.2666933,
            13.1102904
          ],
          [
            80.2670424,
            13.1103313
          ],
          [
            80.2673895,
            13.1103651
          ],
          [
            80.2677294,
            13.1103902
          ],
          [
            80.2699863,
            13.1104591
          ]
        ]
      },
      "id": "way/53349198"
    },
    {
      "type": "Feature",
      "properties": {
        "start_km": 41.898,
        "end_km": 42.261
      },
      "geometry": {
        "type": "LineString",
        "coordinates": [
          [
            80.2737407,
            13.1102899
          ],
          [
            80.2725931,
            13.1104003
          ],
          [
            80.2721104,
            13.110433
          ],
          [
            80.2715962,
            13.110443
          ],
          [
            80.2703989,
            13.1104283
          ]
        ]
      },
      "id": "way/53349199"
    },
    {
      "type": "Feature",
      "properties": {
        "start_km": 42.261,
        "end_km": 42.578
      },
      "geometry": {
        "type": "LineString",
        "coordinates": [
          [
            80.2660335,
            13.1101592
          ],
          [
            80.2646755,
            13.1099777
          ],
          [
            80.2638192,
            13.1098847
          ],
          [
            80.2631371,
            13.1097764
          ]
        ]
      },
      "id": "way/53349201"
    },
    {
      "type": "Feature",
      "properties": {
        "start_km": 42.578,
        "end_km": 42.618
      },
      "geometry": {
        "type": "LineString",
        "coordinates": [
          [
            80.2664011,
            13.1102092
          ],
          [
            80.2660335,
            13.1101592
          ]
        ]
      },
      "id": "way/53349202"
    },
    {
      "type": "Feature",
      "properties": {
        "start_km": 42.618,
        "end_km": 42.653
      },
      "geometry": {
        "type": "LineString",
        "coordinates": [
          [
            80.274062,
            13.1102472
          ],
          [
            80.2737407,
            13.1102899
          ]
        ]
      },
      "id": "way/53349203"
    },
    {
      "type": "Feature",
      "properties": {
        "start_km": 42.653,
        "end_km": 43.841
      },
      "geometry": {
        "type": "LineString",
        "coordinates": [
          [
            80.2478338,
            13.0062997
          ],
          [
            80.2477769,
            13.0052262
          ],
          [
            80.2477566,
            13.0045647
          ],
          [
            80.2477564,
            13.0043884
          ],
          [
            80.2477559,
            13.0039812
          ],
          [
            80.2478257,
            13.003507
          ],
          [
            80.2479192,
            13.0030753
          ],
          [
            80.2480859,
            13.0024296
          ],
          [
            80.2482206,
            13.0018544
          ],
          [
            80.24981,
            12.9958128
          ]
        ]
      },
      "id": "way/86829256"
    },
    {
      "type": "Feature",
      "properties": {
        "start_km": 43.841,
        "end_km": 44.138
      },
      "geometry": {
        "type": "LineString",
        "coordinates": [
          [
            80.2631581,
            13.1098494
          ],
          [
            80.2637331,
            13.1099549
          ],
          [
            80.264051,
            13.1100328
          ],
          [
            80.2645724,
            13.110166
          ],
          [
            80.2646885,
            13.1101957
          ],
          [
            80.2647053,
            13.1102016
          ],
          [
            80.2658203,
            13.1104718
          ]
        ]
      },
      "id": "way/97699155"
    },
    {
      "type": "Feature",
      "properties": {
        "start_km": 44.138,
        "end_km": 44.172
      },
      "geometry": {
        "type": "LineString",
        "coordinates": [
          [
            80.2658203,
            13.1104718
          ],
          [
            80.2661264,
            13.1105405
          ]
        ]
      },
      "id": "way/97699175"
    },
    {
      "type": "Feature",
      "properties": {
        "start_km": 44.172,
        "end_km": 49.875
      },
      "geometry": {
        "type": "LineString",
        "coordinates": [
          [
            80.2810887,
            13.1255977
          ],
          [
            80.2806004,
            13.1245814
          ],
          [
            80.2804362,
            13.1241923
          ],
          [
            80.2800628,
            13.1234009
          ],
          [
            80.2798887,
            13.1230298
          ],
          [
            80.2793349,
            13.1217716
          ],
          [
            80.2789545,
            13.1208195
          ],
          [
            80.278256,
            13.1192397
          ],
          [
            80.2780668,
            13.118829
          ],
          [
            80.2779729,
            13.1186549
          ],
          [
            80.2778208,
            13.1183853
          ],
          [
            80.2776547,
            13.1180715
          ],
          [
            80.2773849,
            13.1175085
          ],
          [
            80.2772146,
            13.1171238
          ],
          [
            80.277033,
            13.1167321
          ],
          [
            80.2768801,
            13.1163318
          ],
          [
            80.2767903,
            13.1160577
          ],
          [
            80.2767308,
            13.1157932
          ],
          [
            80.2766909,
            13.1155951
          ],
          [
            80.2766374,
            13.1153047
          ],
          [
            80.2766051,
            13.1149992
          ],
          [
            80.2765924,
            13.1147539
          ],
          [
            80.2765826,
            13.1144429
          ],
          [
            80.2766079,
            13.1140757
          ],
          [
            80.2766346,
            13.1138264
          ],
          [
            80.2766712,
            13.1136154
          ],
          [
            80.2767472,
            13.1132715
          ],
          [
            80.2768175,
            13.1130016
          ],
          [
            80.2768977,
            13.1127509
          ],
          [
            80.2770144,
            13.1124248
          ],
          [
            80.277062,
            13.1123247
          ],
          [
            80.2771804,
            13.1121028
          ],
          [
            80.2773872,
            13.1117096
          ],
          [
            80.2775532,
            13.1114521
          ],
          [
            80.2777122,
            13.1112123
          ],
          [
            80.2779415,
            13.1109684
          ],
          [
            80.278213,
            13.1106862
          ],
          [
            80.2785295,
            13.1104094
          ],
          [
            80.2787813,
            13.1102067
          ],
          [
            80.2790078,
            13.1100395
          ],
          [
            80.2794031,
            13.1098121
          ],
          [
            80.2797562,
            13.1096422
          ],
          [
            80.2800404,
            13.1095161
          ],
          [
            80.2803034,
            13.1094093
          ],
          [
            80.2808436,
            13.1092449
          ],
          [
            80.2812811,
            13.1091489
          ],
          [
            80.2817116,
            13.1090626
          ],
          [
            80.2819845,
            13.109001
          ],
          [
            80.2822912,
            13.1089133
          ],
          [
            80.2826175,
            13.1088119
          ],
          [
            80.2831001,
            13.1086585
          ],
          [
            80.2837556,
            13.1084406
          ],
          [
            80.2842522,
            13.1082611
          ],
          [
            80.284933,
            13.1080145
          ],
          [
            80.2855787,
            13.1077432
          ],
          [
            80.2861738,
            13.1075172
          ],
          [
            80.2868364,
            13.1072568
          ],
          [
            80.2871853,
            13.1071335
          ],
          [
            80.2875763,
            13.1069828
          ],
          [
            80.2879857,
            13.1068239
          ],
          [
            80.2882558,
            13.1067129
          ],
          [
            80.2885011,
            13.1066159
          ],
          [
            80.2889363,
            13.1064344
          ],
          [
            80.2890992,
            13.1063681
          ],
          [
            80.2899449,
            13.1060329
          ],
          [
            80.2907196,
            13.1057238
          ],
          [
            80.2912533,
            13.1055115
          ],
          [
            80.2914827,
            13.1054175
          ],
          [
            80.2920294,
            13.1051991
          ],
          [
            80.2924795,
            13.1050231
          ],
          [
            80.2928626,
            13.1048602
          ],
          [
            80.2931804,
            13.1047315
          ],
          [
            80.2934196,
            13.104606
          ],
          [
            80.2936789,
            13.1044496
          ],
          [
            80.2939265,
            13.1042557
          ],
          [
            80.2941323,
            13.1040928
          ],
          [
            80.29441,
            13.1037995
          ],
          [
            80.294584,
            13.1036089
          ],
          [
            80.2947697,
            13.103353
          ],
          [
            80.2949119,
            13.1031575
          ],
          [
            80.2950005,
            13.1029962
          ],
          [
            80.2951059,
            13.1027665
          ],
          [
            80.2951545,
            13.1025856
          ],
          [
            80.2951896,
            13.1024096
          ],
          [
            80.295218,
            13.1022223
          ],
          [
            80.2952147,
            13.1019648
          ],
          [
            80.2952013,
            13.1017383
          ],
          [
            80.295126,
            13.1014239
          ],
          [
            80.2950323,
            13.1011371
          ],
          [
            80.2949137,
            13.1007558
          ],
          [
            80.2948182,
            13.1004511
          ],
          [
            80.2946281,
            13.0998309
          ],
          [
            80.2945086,
            13.0994624
          ],
          [
            80.2942905,
            13.0987622
          ],
          [
            80.2941034,
            13.0981566
          ],
          [
            80.2938516,
            13.0973688
          ],
          [
            80.2936223,
            13.0966029
          ],
          [
            80.2934204,
            13.0959388
          ],
          [
            80.2933527,
            13.0957122
          ],
          [
            80.2933127,
            13.0955782
          ],
          [
            80.2932429,
            13.0952625
          ],
          [
            80.2931921,
            13.0946415
          ],
          [
            80.2931941,
            13.0945457
          ],
          [
            80.2932003,
            13.094252
          ],
          [
            80.2931861,
            13.0938914
          ],
          [
            80.2930937,
            13.0933178
          ],
          [
            80.2929423,
            13.0925835
          ],
          [
            80.2928286,
            13.0919711
          ],
          [
            80.2927875,
            13.0917828
          ],
          [
            80.2924373,
            13.0906616
          ],
          [
            80.2920253,
            13.089342
          ],
          [
            80.2914678,
            13.0875505
          ],
          [
            80.2913247,
            13.0871014
          ],
          [
            80.2911725,
            13.0867321
          ]
        ]
      },
      "id": "way/102543669"
    },
    {
      "type": "Feature",
      "properties": {
        "start_km": 49.875,
        "end_km": 49.938
      },
      "geometry": {
        "type": "LineString",
        "coordinates": [
          [
            80.2724482,
            13.1068542
          ],
          [
            80.2722171,
            13.1063377
          ]
        ]
      },
      "id": "way/102545467"
    },
    {
      "type": "Feature",
      "properties": {
        "start_km": 49.938,
        "end_km": 49.978
      },
      "geometry": {
        "type": "LineString",
        "coordinates": [
          [
            80.2702017,
            13.1126314
          ],
          [
            80.2705267,
            13.1128062
          ]
        ]
      },
      "id": "way/102545475"
    },
    {
      "type": "Feature",
      "properties": {
        "start_km": 49.978,
        "end_km": 50.479
      },
      "geometry": {
        "type": "LineString",
        "coordinates": [
          [
            80.2661264,
            13.1105405
          ],
          [
            80.2665632,
            13.1106586
          ],
          [
            80.2667429,
            13.1107165
          ],
          [
            80.2669063,
            13.110779
          ],
          [
            80.2670671,
            13.1108493
          ],
          [
            80.2672607,
            13.1109468
          ],
          [
            80.2679527,
            13.1113198
          ],
          [
            80.2692688,
            13.1120761
          ],
          [
            80.2702017,
            13.1126314
          ]
        ]
      },
      "id": "way/102545476"
    },
    {
      "type": "Feature",
      "properties": {
        "start_km": 50.479,
        "end_km": 50.543
      },
      "geometry": {
        "type": "LineString",
        "coordinates": [
          [
            80.2721783,
            13.1063619
          ],
          [
            80.2724177,
            13.1068988
          ]
        ]
      },
      "id": "way/102545481"
    },
    {
      "type": "Feature",
      "properties": {
        "start_km": 50.543,
        "end_km": 50.57
      },
      "geometry": {
        "type": "LineString",
        "coordinates": [
          [
            80.2738455,
            13.1261988
          ],
          [
            80.273597,
            13.1261947
          ]
        ]
      },
      "id": "way/102545482"
    },
    {
      "type": "Feature",
      "properties": {
        "start_km": 50.57,
        "end_km": 50.595
      },
      "geometry": {
        "type": "LineString",
        "coordinates": [
          [
            80.2718922,
            13.1255979
          ],
          [
            80.271722,
            13.1254529
          ]
        ]
      },
      "id": "way/102545484"
    },
    {
      "type": "Feature",
      "properties": {
        "start_km": 50.595,
        "end_km": 51.166
      },
      "geometry": {
        "type": "LineString",
        "coordinates": [
          [
            80.27521,
            13.083459
          ],
          [
            80.2751985,
            13.0835317
          ],
          [
            80.2747115,
            13.0866015
          ],
          [
            80.2746172,
            13.0872596
          ],
          [
            80.2745797,
            13.0878581
          ],
          [
            80.2745729,
            13.0881486
          ],
          [
            80.2745963,
            13.0885713
          ]
        ]
      },
      "id": "way/102545486"
    },
    {
      "type": "Feature",
      "properties": {
        "start_km": 51.166,
        "end_km": 51.208
      },
      "geometry": {
        "type": "LineString",
        "coordinates": [
          [
            80.270551,
            13.1127813
          ],
          [
            80.2702182,
            13.1125794
          ]
        ]
      },
      "id": "way/102545492"
    },
    {
      "type": "Feature",
      "properties": {
        "start_km": 51.208,
        "end_km": 52.204
      },
      "geometry": {
        "type": "LineString",
        "coordinates": [
          [
            80.2706759,
            13.1243475
          ],
          [
            80.2700964,
            13.1235439
          ],
          [
            80.2698404,
            13.1231041
          ],
          [
            80.2697242,
            13.1229082
          ],
          [
            80.2695683,
            13.1225868
          ],
          [
            80.269376,
            13.1221714
          ],
          [
            80.2692312,
            13.1218432
          ],
          [
            80.2690048,
            13.1211867
          ],
          [
            80.2689126,
            13.1207482
          ],
          [
            80.2688652,
            13.1203353
          ],
          [
            80.2688758,
            13.1195685
          ],
          [
            80.2689148,
            13.1168913
          ],
          [
            80.268921,
            13.1165501
          ],
          [
            80.2689207,
            13.1165193
          ],
          [
            80.2689179,
            13.116269
          ],
          [
            80.2689012,
            13.1160347
          ],
          [
            80.2688922,
            13.1157725
          ]
        ]
      },
      "id": "way/102545495"
    },
    {
      "type": "Feature",
      "properties": {
        "start_km": 52.204,
        "end_km": 52.339
      },
      "geometry": {
        "type": "LineString",
        "coordinates": [
          [
            80.2729967,
            13.1261312
          ],
          [
            80.2726929,
            13.1260369
          ],
          [
            80.2723673,
            13.1258965
          ],
          [
            80.2722368,
            13.1258307
          ],
          [
            80.2718922,
            13.1255979
          ]
        ]
      },
      "id": "way/102545504"
    },
    {
      "type": "Feature",
      "properties": {
        "start_km": 52.339,
        "end_km": 54.243
      },
      "geometry": {
        "type": "LineString",
        "coordinates": [
          [
            80.271722,
            13.1254529
          ],
          [
            80.27152,
            13.1252428
          ],
          [
            80.2706759,
            13.1243475
          ],
          [
            80.270131,
            13.1237648
          ],
          [
            80.2696366,
            13.1231897
          ],
          [
            80.269515,
            13.1230355
          ],
          [
            80.2693252,
            13.1227184
          ],
          [
            80.2690948,
            13.1223299
          ],
          [
            80.26895,
            13.121953
          ],
          [
            80.2688207,
            13.1216068
          ],
          [
            80.2687161,
            13.1212485
          ],
          [
            80.2686345,
            13.1208203
          ],
          [
            80.2685806,
            13.120368
          ],
          [
            80.2685777,
            13.1195498
          ],
          [
            80.2686273,
            13.1172291
          ],
          [
            80.2686477,
            13.117007
          ],
          [
            80.2687135,
            13.1166762
          ],
          [
            80.2687685,
            13.1164827
          ],
          [
            80.2687951,
            13.1163891
          ],
          [
            80.2688329,
            13.1162455
          ],
          [
            80.2688614,
            13.1160779
          ],
          [
            80.2688922,
            13.1157725
          ],
          [
            80.268817,
            13.1149474
          ],
          [
            80.2687634,
            13.1142612
          ],
          [
            80.2687396,
            13.113957
          ],
          [
            80.2687098,
            13.1135751
          ],
          [
            80.2686814,
            13.1132301
          ],
          [
            80.268653,
            13.1129796
          ],
          [
            80.2685776,
            13.1125866
          ],
          [
            80.268431,
            13.112251
          ],
          [
            80.2683371,
            13.1120853
          ],
          [
            80.2682246,
            13.1118924
          ],
          [
            80.2680926,
            13.1117331
          ],
          [
            80.2679155,
            13.1115377
          ],
          [
            80.2677291,
            13.1113735
          ],
          [
            80.2674,
            13.1111197
          ],
          [
            80.2670894,
            13.1109296
          ],
          [
            80.2668616,
            13.1108224
          ],
          [
            80.2666061,
            13.1107421
          ],
          [
            80.2663507,
            13.1106733
          ],
          [
            80.266174,
            13.1106245
          ],
          [
            80.2660981,
            13.1106043
          ]
        ]
      },
      "id": "way/102545505"
    },
    {
      "type": "Feature",
      "properties": {
        "start_km": 54.243,
        "end_km": 57.219
      },
      "geometry": {
        "type": "LineString",
        "coordinates": [
          [
            80.2836287,
            13.1314207
          ],
          [
            80.2832041,
            13.1304869
          ],
          [
            80.2826326,
            13.1292816
          ],
          [
            80.2822917,
            13.1284995
          ],
          [
            80.2818126,
            13.1274462
          ],
          [
            80.2805134,
            13.1246159
          ],
          [
            80.2797649,
            13.1229852
          ],
          [
            80.2792296,
            13.1218298
          ],
          [
            80.2782824,
            13.1197205
          ],
          [
            80.2778223,
            13.1187338
          ],
          [
            80.2775952,
            13.1182225
          ],
          [
            80.2774234,
            13.1178462
          ],
          [
            80.2773291,
            13.1176398
          ],
          [
            80.2771016,
            13.1171583
          ],
          [
            80.2767708,
            13.1164447
          ],
          [
            80.2765035,
            13.115853
          ],
          [
            80.2763677,
            13.1155522
          ],
          [
            80.2742756,
            13.110922
          ],
          [
            80.2729904,
            13.1080159
          ],
          [
            80.2725694,
            13.107103
          ],
          [
            80.2724482,
            13.1068542
          ]
        ]
      },
      "id": "way/102545507"
    },
    {
      "type": "Feature",
      "properties": {
        "start_km": 57.219,
        "end_km": 59.426
      },
      "geometry": {
        "type": "LineString",
        "coordinates": [
          [
            80.2820946,
            13.1282047
          ],
          [
            80.2818682,
            13.1279354
          ],
          [
            80.2816258,
            13.1275939
          ],
          [
            80.281328,
            13.1271466
          ],
          [
            80.2811918,
            13.126869
          ],
          [
            80.2810239,
            13.1264494
          ],
          [
            80.2809004,
            13.1260608
          ],
          [
            80.2807705,
            13.1256104
          ],
          [
            80.2803524,
            13.1246634
          ],
          [
            80.278251,
            13.1200499
          ],
          [
            80.2781328,
            13.1197393
          ],
          [
            80.278031,
            13.1194985
          ],
          [
            80.2778793,
            13.1190919
          ],
          [
            80.2777418,
            13.118781
          ],
          [
            80.2772656,
            13.1177489
          ],
          [
            80.2772493,
            13.1177135
          ],
          [
            80.277057,
            13.1172968
          ],
          [
            80.2769184,
            13.1170041
          ],
          [
            80.2768231,
            13.1168459
          ],
          [
            80.2766626,
            13.1166005
          ],
          [
            80.2764258,
            13.1163113
          ],
          [
            80.2762671,
            13.1161408
          ],
          [
            80.2760961,
            13.1159729
          ],
          [
            80.2751796,
            13.1153904
          ],
          [
            80.274944,
            13.1152575
          ],
          [
            80.270551,
            13.1127813
          ]
        ]
      },
      "id": "way/102545508"
    },
    {
      "type": "Feature",
      "properties": {
        "start_km": 59.426,
        "end_km": 65.39
      },
      "geometry": {
        "type": "LineString",
        "coordinates": [
          [
            80.2806651,
            13.0803712
          ],
          [
            80.2809141,
            13.0805927
          ],
          [
            80.2810722,
            13.0807607
          ],
          [
            80.2812503,
            13.0809873
          ],
          [
            80.2815157,
            13.0813342
          ],
          [
            80.2818608,
            13.0817812
          ],
          [
            80.2821032,
            13.0821606
          ],
          [
            80.2833284,
            13.0841413
          ],
          [
            80.2835948,
            13.0844747
          ],
          [
            80.2838674,
            13.0847084
          ],
          [
            80.2842527,
            13.0849243
          ],
          [
            80.2846235,
            13.0850589
          ],
          [
            80.2849833,
            13.0851155
          ],
          [
            80.2853723,
            13.0851226
          ],
          [
            80.2856049,
            13.0851084
          ],
          [
            80.2874319,
            13.0849528
          ],
          [
            80.2878292,
            13.0849321
          ],
          [
            80.2882696,
            13.084974
          ],
          [
            80.2885995,
            13.0850493
          ],
          [
            80.288857,
            13.0851541
          ],
          [
            80.2891031,
            13.0852735
          ],
          [
            80.2893718,
            13.0854448
          ],
          [
            80.2896785,
            13.085689
          ],
          [
            80.289909,
            13.0859433
          ],
          [
            80.2900685,
            13.0861741
          ],
          [
            80.2902269,
            13.0864397
          ],
          [
            80.290311,
            13.0865967
          ],
          [
            80.2903385,
            13.0866482
          ],
          [
            80.2905098,
            13.0870047
          ],
          [
            80.2906682,
            13.0873452
          ],
          [
            80.2909852,
            13.0882662
          ],
          [
            80.2913586,
            13.0895203
          ],
          [
            80.2922138,
            13.0922532
          ],
          [
            80.2925181,
            13.0932257
          ],
          [
            80.2926276,
            13.0935838
          ],
          [
            80.2927708,
            13.0940181
          ],
          [
            80.2929885,
            13.0948437
          ],
          [
            80.2930405,
            13.0950557
          ],
          [
            80.2931459,
            13.0954235
          ],
          [
            80.2932409,
            13.0957256
          ],
          [
            80.2934713,
            13.0964783
          ],
          [
            80.2935673,
            13.0967848
          ],
          [
            80.2935882,
            13.0968515
          ],
          [
            80.2941709,
            13.098712
          ],
          [
            80.294853,
            13.100866
          ],
          [
            80.2949608,
            13.1012415
          ],
          [
            80.2949925,
            13.101396
          ],
          [
            80.2950135,
            13.1015557
          ],
          [
            80.2950167,
            13.1016786
          ],
          [
            80.2950121,
            13.1018371
          ],
          [
            80.2949893,
            13.1020078
          ],
          [
            80.2949613,
            13.1021692
          ],
          [
            80.2949048,
            13.1023794
          ],
          [
            80.2948428,
            13.1025883
          ],
          [
            80.2947388,
            13.1028227
          ],
          [
            80.29461,
            13.103036
          ],
          [
            80.294425,
            13.1032844
          ],
          [
            80.2942643,
            13.1034687
          ],
          [
            80.294129,
            13.1035831
          ],
          [
            80.2939264,
            13.1037432
          ],
          [
            80.2936564,
            13.1039631
          ],
          [
            80.2933667,
            13.1041868
          ],
          [
            80.2930603,
            13.1044104
          ],
          [
            80.2927449,
            13.1045995
          ],
          [
            80.2925569,
            13.1047079
          ],
          [
            80.2923927,
            13.1047988
          ],
          [
            80.2920106,
            13.1049776
          ],
          [
            80.2916063,
            13.1051484
          ],
          [
            80.2911503,
            13.1053326
          ],
          [
            80.2907786,
            13.1054958
          ],
          [
            80.2900563,
            13.1058077
          ],
          [
            80.2895431,
            13.1060285
          ],
          [
            80.2890875,
            13.1062266
          ],
          [
            80.2883254,
            13.1065388
          ],
          [
            80.2881905,
            13.1065999
          ],
          [
            80.2877692,
            13.1067783
          ],
          [
            80.2875007,
            13.1068861
          ],
          [
            80.2869648,
            13.1071078
          ],
          [
            80.2855543,
            13.1076713
          ],
          [
            80.2851696,
            13.1078281
          ],
          [
            80.2846107,
            13.1080479
          ],
          [
            80.2841057,
            13.1082321
          ],
          [
            80.2836572,
            13.1083818
          ],
          [
            80.2819651,
            13.1088417
          ],
          [
            80.281392,
            13.1089948
          ],
          [
            80.2804531,
            13.1092541
          ],
          [
            80.2800054,
            13.1093757
          ],
          [
            80.2798211,
            13.1094287
          ],
          [
            80.279313,
            13.1095276
          ],
          [
            80.2788308,
            13.1096183
          ],
          [
            80.2786245,
            13.1096449
          ],
          [
            80.2780383,
            13.1097243
          ],
          [
            80.2775291,
            13.1097804
          ],
          [
            80.277036,
            13.109826
          ],
          [
            80.2767059,
            13.109834
          ],
          [
            80.2764134,
            13.1098185
          ],
          [
            80.2761101,
            13.1097855
          ],
          [
            80.2758642,
            13.1097385
          ],
          [
            80.275613,
            13.1096732
          ],
          [
            80.2753122,
            13.1095582
          ],
          [
            80.2750382,
            13.1094431
          ],
          [
            80.2747323,
            13.1092917
          ],
          [
            80.2744613,
            13.109135
          ],
          [
            80.2742287,
            13.1089729
          ],
          [
            80.2740336,
            13.108816
          ],
          [
            80.2736923,
            13.1085243
          ],
          [
            80.2735025,
            13.1083522
          ],
          [
            80.2732846,
            13.10813
          ],
          [
            80.2730752,
            13.1078843
          ],
          [
            80.2729556,
            13.1077251
          ],
          [
            80.2728337,
            13.1075477
          ],
          [
            80.2725694,
            13.107103
          ]
        ]
      },
      "id": "way/102545509"
    },
    {
      "type": "Feature",
      "properties": {
        "start_km": 65.39,
        "end_km": 66.428
      },
      "geometry": {
        "type": "LineString",
        "coordinates": [
          [
            80.268817,
            13.1149474
          ],
          [
            80.2687399,
            13.1157749
          ],
          [
            80.2686713,
            13.1162087
          ],
          [
            80.2686081,
            13.1164442
          ],
          [
            80.2685173,
            13.1167822
          ],
          [
            80.2684514,
            13.1170879
          ],
          [
            80.2684097,
            13.1174298
          ],
          [
            80.2683944,
            13.1195647
          ],
          [
            80.2683893,
            13.1200188
          ],
          [
            80.2683935,
            13.1204338
          ],
          [
            80.2684386,
            13.1208251
          ],
          [
            80.2685282,
            13.121261
          ],
          [
            80.2686335,
            13.1216607
          ],
          [
            80.2687356,
            13.1219824
          ],
          [
            80.2688434,
            13.1222227
          ],
          [
            80.2689961,
            13.1225236
          ],
          [
            80.2691816,
            13.1227874
          ],
          [
            80.269412,
            13.1230966
          ],
          [
            80.269548,
            13.1232436
          ],
          [
            80.270131,
            13.1237648
          ]
        ]
      },
      "id": "way/102545510"
    },
    {
      "type": "Feature",
      "properties": {
        "start_km": 66.428,
        "end_km": 66.46
      },
      "geometry": {
        "type": "LineString",
        "coordinates": [
          [
            80.2875664,
            13.160179
          ],
          [
            80.2873267,
            13.1603503
          ]
        ]
      },
      "id": "way/102553748"
    },
    {
      "type": "Feature",
      "properties": {
        "start_km": 66.46,
        "end_km": 66.752
      },
      "geometry": {
        "type": "LineString",
        "coordinates": [
          [
            80.2670396,
            13.1663865
          ],
          [
            80.2666485,
            13.1667176
          ],
          [
            80.2662587,
            13.1672459
          ],
          [
            80.2655475,
            13.1685488
          ]
        ]
      },
      "id": "way/102553751"
    },
    {
      "type": "Feature",
      "properties": {
        "start_km": 66.752,
        "end_km": 67.806
      },
      "geometry": {
        "type": "LineString",
        "coordinates": [
          [
            80.2845089,
            13.1621128
          ],
          [
            80.2841599,
            13.162459
          ],
          [
            80.2837978,
            13.1630489
          ],
          [
            80.28362,
            13.1634528
          ],
          [
            80.2835607,
            13.1638375
          ],
          [
            80.2836134,
            13.1642799
          ],
          [
            80.2851033,
            13.1709982
          ],
          [
            80.2851476,
            13.1711982
          ]
        ]
      },
      "id": "way/102553780"
    },
    {
      "type": "Feature",
      "properties": {
        "start_km": 67.806,
        "end_km": 68.626
      },
      "geometry": {
        "type": "LineString",
        "coordinates": [
          [
            80.2842916,
            13.1631002
          ],
          [
            80.2842455,
            13.1636452
          ],
          [
            80.2842785,
            13.1641838
          ],
          [
            80.2844431,
            13.1647801
          ],
          [
            80.2846538,
            13.1652225
          ],
          [
            80.2847789,
            13.1656136
          ],
          [
            80.2853913,
            13.168486
          ],
          [
            80.2853979,
            13.1688451
          ],
          [
            80.285174,
            13.1703454
          ]
        ]
      },
      "id": "way/102553788"
    },
    {
      "type": "Feature",
      "properties": {
        "start_km": 68.626,
        "end_km": 69.441
      },
      "geometry": {
        "type": "LineString",
        "coordinates": [
          [
            80.2686438,
            13.165898
          ],
          [
            80.2679865,
            13.16602
          ],
          [
            80.267307,
            13.1662457
          ],
          [
            80.2670396,
            13.1663865
          ],
          [
            80.2667223,
            13.1665535
          ],
          [
            80.2662692,
            13.1668612
          ],
          [
            80.2657951,
            13.1672921
          ],
          [
            80.265379,
            13.1678768
          ],
          [
            80.2649101,
            13.168836
          ],
          [
            80.2647257,
            13.1691951
          ],
          [
            80.2646204,
            13.1695593
          ],
          [
            80.264573,
            13.1698722
          ],
          [
            80.2645835,
            13.1711853
          ]
        ]
      },
      "id": "way/102553793"
    },
    {
      "type": "Feature",
      "properties": {
        "start_km": 69.441,
        "end_km": 69.495
      },
      "geometry": {
        "type": "LineString",
        "coordinates": [
          [
            80.2873267,
            13.1603503
          ],
          [
            80.2869148,
            13.1606228
          ]
        ]
      },
      "id": "way/102553822"
    },
    {
      "type": "Feature",
      "properties": {
        "start_km": 69.495,
        "end_km": 70.577
      },
      "geometry": {
        "type": "LineString",
        "coordinates": [
          [
            80.2851033,
            13.1709982
          ],
          [
            80.2851213,
            13.1706724
          ],
          [
            80.285174,
            13.1703454
          ],
          [
            80.2852069,
            13.1698004
          ],
          [
            80.2851081,
            13.169108
          ],
          [
            80.284048,
            13.1641581
          ],
          [
            80.2840875,
            13.1637862
          ],
          [
            80.2842916,
            13.1631002
          ],
          [
            80.2846538,
            13.1623115
          ],
          [
            80.2848711,
            13.1620486
          ],
          [
            80.2852293,
            13.1616578
          ]
        ]
      },
      "id": "way/102553837"
    },
    {
      "type": "Feature",
      "properties": {
        "start_km": 70.577,
        "end_km": 71.583
      },
      "geometry": {
        "type": "LineString",
        "coordinates": [
          [
            80.2826869,
            13.1296031
          ],
          [
            80.2827952,
            13.1299203
          ],
          [
            80.282828,
            13.1300163
          ],
          [
            80.2828913,
            13.1303182
          ],
          [
            80.2829843,
            13.1306593
          ],
          [
            80.2830116,
            13.1308491
          ],
          [
            80.2830812,
            13.1312605
          ],
          [
            80.2831439,
            13.1317106
          ],
          [
            80.2831723,
            13.1319087
          ],
          [
            80.283281,
            13.1322467
          ],
          [
            80.283319,
            13.1323413
          ],
          [
            80.2834575,
            13.1326856
          ],
          [
            80.285562,
            13.1372849
          ],
          [
            80.2856546,
            13.137466
          ],
          [
            80.2858102,
            13.1377011
          ],
          [
            80.2860282,
            13.1380266
          ]
        ]
      },
      "id": "way/102591565"
    },
    {
      "type": "Feature",
      "properties": {
        "start_km": 71.583,
        "end_km": 71.791
      },
      "geometry": {
        "type": "LineString",
        "coordinates": [
          [
            80.2825867,
            13.1306991
          ],
          [
            80.2825195,
            13.1311247
          ],
          [
            80.2820951,
            13.1325078
          ]
        ]
      },
      "id": "way/102591566"
    },
    {
      "type": "Feature",
      "properties": {
        "start_km": 71.791,
        "end_km": 85.718
      },
      "geometry": {
        "type": "LineString",
        "coordinates": [
          [
            80.2802873,
            13.1092564
          ],
          [
            80.2800054,
            13.1093757
          ],
          [
            80.2796644,
            13.1095161
          ],
          [
            80.279488,
            13.1096018
          ],
          [
            80.2791817,
            13.109767
          ],
          [
            80.2788487,
            13.1099746
          ],
          [
            80.2785917,
            13.1101595
          ],
          [
            80.2783599,
            13.1103443
          ],
          [
            80.2780457,
            13.1106391
          ],
          [
            80.2777557,
            13.1109462
          ],
          [
            80.2775065,
            13.1112561
          ],
          [
            80.2772271,
            13.1116715
          ],
          [
            80.2769213,
            13.1122598
          ],
          [
            80.2767566,
            13.1127062
          ],
          [
            80.2766964,
            13.1129105
          ],
          [
            80.2766132,
            13.1131644
          ],
          [
            80.2765617,
            13.1133637
          ],
          [
            80.2765217,
            13.1135737
          ],
          [
            80.2764703,
            13.1138926
          ],
          [
            80.2764372,
            13.1142046
          ],
          [
            80.2764309,
            13.1145008
          ],
          [
            80.2764324,
            13.1146937
          ],
          [
            80.2764559,
            13.114909
          ],
          [
            80.2764905,
            13.1152478
          ],
          [
            80.2765381,
            13.1155373
          ],
          [
            80.2766086,
            13.1158412
          ],
          [
            80.2767233,
            13.1161684
          ],
          [
            80.2768027,
            13.1163683
          ],
          [
            80.2769755,
            13.1167487
          ],
          [
            80.2771564,
            13.1171391
          ],
          [
            80.2773355,
            13.1175166
          ],
          [
            80.2774837,
            13.11783
          ],
          [
            80.2776202,
            13.1181186
          ],
          [
            80.2777741,
            13.1184118
          ],
          [
            80.2778903,
            13.1186125
          ],
          [
            80.2779301,
            13.1186813
          ],
          [
            80.2779705,
            13.1187649
          ],
          [
            80.2780382,
            13.118905
          ],
          [
            80.2781833,
            13.1192227
          ],
          [
            80.2784123,
            13.1197087
          ],
          [
            80.2786664,
            13.1202587
          ],
          [
            80.2789021,
            13.1207987
          ],
          [
            80.2793146,
            13.1218312
          ],
          [
            80.2795101,
            13.1222715
          ],
          [
            80.2798336,
            13.1230003
          ],
          [
            80.2805811,
            13.1246291
          ],
          [
            80.2810499,
            13.1255236
          ],
          [
            80.2810887,
            13.1255977
          ],
          [
            80.2814118,
            13.1262394
          ],
          [
            80.2820919,
            13.1277492
          ],
          [
            80.2821563,
            13.1279247
          ],
          [
            80.2821807,
            13.127994
          ],
          [
            80.2823648,
            13.1285153
          ],
          [
            80.2827043,
            13.1293021
          ],
          [
            80.2832662,
            13.1305111
          ],
          [
            80.2836567,
            13.1313989
          ],
          [
            80.2850904,
            13.1345014
          ],
          [
            80.2857682,
            13.1360511
          ],
          [
            80.2871223,
            13.1389748
          ],
          [
            80.2882854,
            13.1414663
          ],
          [
            80.2888801,
            13.1427401
          ],
          [
            80.2894012,
            13.1437596
          ],
          [
            80.2912237,
            13.1476677
          ],
          [
            80.2918604,
            13.1491012
          ],
          [
            80.2921929,
            13.1498839
          ],
          [
            80.2927489,
            13.151341
          ],
          [
            80.2933643,
            13.1527386
          ],
          [
            80.2937097,
            13.1534665
          ],
          [
            80.2941026,
            13.154345
          ],
          [
            80.2941932,
            13.1545426
          ],
          [
            80.294492,
            13.1551903
          ],
          [
            80.2956743,
            13.1578038
          ],
          [
            80.2958275,
            13.1581268
          ],
          [
            80.2961278,
            13.1587995
          ],
          [
            80.2964608,
            13.1595298
          ],
          [
            80.2967018,
            13.1600584
          ],
          [
            80.2972718,
            13.1613461
          ],
          [
            80.2977399,
            13.1623154
          ],
          [
            80.2983165,
            13.1635464
          ],
          [
            80.2987464,
            13.1644902
          ],
          [
            80.2992463,
            13.1655892
          ],
          [
            80.2994508,
            13.1660455
          ],
          [
            80.2996511,
            13.1664835
          ],
          [
            80.299901,
            13.1670674
          ],
          [
            80.3003329,
            13.1679755
          ],
          [
            80.3010424,
            13.1695469
          ],
          [
            80.3018298,
            13.1712963
          ],
          [
            80.3022732,
            13.1722932
          ],
          [
            80.3026433,
            13.1730662
          ],
          [
            80.3036464,
            13.175239
          ],
          [
            80.3041828,
            13.1764452
          ],
          [
            80.3051585,
            13.1784692
          ],
          [
            80.3056356,
            13.1794694
          ],
          [
            80.3057575,
            13.179725
          ],
          [
            80.3065338,
            13.1814186
          ],
          [
            80.3073518,
            13.1833376
          ],
          [
            80.307777,
            13.1841928
          ],
          [
            80.3096451,
            13.1883013
          ],
          [
            80.3103744,
            13.1899471
          ],
          [
            80.3106265,
            13.1904894
          ],
          [
            80.3111639,
            13.191645
          ],
          [
            80.3117401,
            13.1929484
          ],
          [
            80.3121685,
            13.1938952
          ],
          [
            80.3126175,
            13.1948504
          ],
          [
            80.3140561,
            13.1980465
          ],
          [
            80.3152367,
            13.2006109
          ],
          [
            80.3163037,
            13.2028025
          ],
          [
            80.3165571,
            13.2033603
          ],
          [
            80.3169243,
            13.2040954
          ],
          [
            80.3172359,
            13.2047842
          ],
          [
            80.3174352,
            13.2052936
          ],
          [
            80.3177278,
            13.206016
          ],
          [
            80.3182241,
            13.2071739
          ],
          [
            80.318414,
            13.2075862
          ],
          [
            80.3187123,
            13.2082338
          ],
          [
            80.319035,
            13.2089458
          ],
          [
            80.3199111,
            13.2108651
          ],
          [
            80.3199255,
            13.2108967
          ],
          [
            80.3200846,
            13.2112453
          ],
          [
            80.3207726,
            13.2127442
          ],
          [
            80.3212012,
            13.2137004
          ],
          [
            80.3213466,
            13.214052
          ],
          [
            80.3215714,
            13.2146268
          ],
          [
            80.3217974,
            13.2154608
          ],
          [
            80.321839,
            13.2156525
          ],
          [
            80.3219167,
            13.2160645
          ],
          [
            80.3219461,
            13.2162768
          ],
          [
            80.3219567,
            13.2164427
          ],
          [
            80.3219581,
            13.2173518
          ],
          [
            80.3218492,
            13.218226
          ],
          [
            80.3216225,
            13.219132
          ],
          [
            80.3215822,
            13.2192592
          ],
          [
            80.3214829,
            13.2195725
          ],
          [
            80.3212978,
            13.2200796
          ],
          [
            80.3211283,
            13.2204829
          ],
          [
            80.3209429,
            13.2208606
          ],
          [
            80.3206346,
            13.2213452
          ],
          [
            80.3203523,
            13.2217737
          ],
          [
            80.319819,
            13.2225314
          ],
          [
            80.3192028,
            13.2233426
          ]
        ]
      },
      "id": "way/102591569"
    },
    {
      "type": "Feature",
      "properties": {
        "start_km": 85.718,
        "end_km": 85.877
      },
      "geometry": {
        "type": "LineString",
        "coordinates": [
          [
            80.2825195,
            13.1311247
          ],
          [
            80.282467,
            13.1314582
          ],
          [
            80.2824102,
            13.1317037
          ],
          [
            80.2821623,
            13.13252
          ]
        ]
      },
      "id": "way/102591570"
    },
    {
      "type": "Feature",
      "properties": {
        "start_km": 85.877,
        "end_km": 86.258
      },
      "geometry": {
        "type": "LineString",
        "coordinates": [
          [
            80.2825504,
            13.1293145
          ],
          [
            80.2827482,
            13.1298751
          ],
          [
            80.2828668,
            13.1303522
          ],
          [
            80.2829608,
            13.1307949
          ],
          [
            80.2829934,
            13.1310054
          ],
          [
            80.2830364,
            13.1312733
          ],
          [
            80.2830412,
            13.1317019
          ],
          [
            80.2830115,
            13.1319389
          ],
          [
            80.2829479,
            13.132194
          ],
          [
            80.2828888,
            13.1324728
          ],
          [
            80.2828579,
            13.1326784
          ]
        ]
      },
      "id": "way/102591572"
    },
    {
      "type": "Feature",
      "properties": {
        "start_km": 86.258,
        "end_km": 88.15
      },
      "geometry": {
        "type": "LineString",
        "coordinates": [
          [
            80.2822772,
            13.1289842
          ],
          [
            80.2825535,
            13.129608
          ],
          [
            80.2826248,
            13.1298243
          ],
          [
            80.282728,
            13.1302169
          ],
          [
            80.2828084,
            13.1305823
          ],
          [
            80.2828524,
            13.1309054
          ],
          [
            80.2828694,
            13.1312339
          ],
          [
            80.2828579,
            13.1326784
          ],
          [
            80.2828465,
            13.1327807
          ],
          [
            80.2828719,
            13.1334637
          ],
          [
            80.2829619,
            13.1340756
          ],
          [
            80.2830223,
            13.1343108
          ],
          [
            80.2830802,
            13.1345018
          ],
          [
            80.2831995,
            13.1347819
          ],
          [
            80.2838104,
            13.1361215
          ],
          [
            80.2846784,
            13.1380461
          ],
          [
            80.2848783,
            13.138412
          ],
          [
            80.2851655,
            13.138821
          ],
          [
            80.2857342,
            13.1395853
          ],
          [
            80.2862884,
            13.1403557
          ],
          [
            80.2865025,
            13.1406461
          ],
          [
            80.2866238,
            13.1408424
          ],
          [
            80.286724,
            13.1410468
          ],
          [
            80.2869515,
            13.1415516
          ],
          [
            80.2873401,
            13.1424058
          ],
          [
            80.2878538,
            13.1435375
          ],
          [
            80.2882551,
            13.1444309
          ],
          [
            80.2883759,
            13.1446748
          ]
        ]
      },
      "id": "way/102591574"
    },
    {
      "type": "Feature",
      "properties": {
        "start_km": 88.15,
        "end_km": 88.291
      },
      "geometry": {
        "type": "LineString",
        "coordinates": [
          [
            80.2821948,
            13.1312872
          ],
          [
            80.2819186,
            13.1316341
          ],
          [
            80.2818262,
            13.1318817
          ],
          [
            80.2816539,
            13.1324321
          ]
        ]
      },
      "id": "way/102591575"
    },
    {
      "type": "Feature",
      "properties": {
        "start_km": 88.291,
        "end_km": 88.671
      },
      "geometry": {
        "type": "LineString",
        "coordinates": [
          [
            80.2825457,
            13.1297777
          ],
          [
            80.2826308,
            13.130204
          ],
          [
            80.2826308,
            13.1304782
          ],
          [
            80.2825867,
            13.1306991
          ],
          [
            80.2824775,
            13.1311247
          ],
          [
            80.2823472,
            13.1314684
          ],
          [
            80.2818388,
            13.1330908
          ]
        ]
      },
      "id": "way/102591577"
    },
    {
      "type": "Feature",
      "properties": {
        "start_km": 88.671,
        "end_km": 89.537
      },
      "geometry": {
        "type": "LineString",
        "coordinates": [
          [
            80.2834235,
            13.1328233
          ],
          [
            80.2836555,
            13.1333777
          ],
          [
            80.2863436,
            13.1392196
          ],
          [
            80.2864981,
            13.1395672
          ],
          [
            80.2865563,
            13.1397851
          ],
          [
            80.2865916,
            13.1399991
          ]
        ]
      },
      "id": "way/102591578"
    },
    {
      "type": "Feature",
      "properties": {
        "start_km": 89.537,
        "end_km": 90.424
      },
      "geometry": {
        "type": "LineString",
        "coordinates": [
          [
            80.2880844,
            13.1442859
          ],
          [
            80.2879377,
            13.1440204
          ],
          [
            80.2878349,
            13.1438717
          ],
          [
            80.2873939,
            13.1432683
          ],
          [
            80.2871543,
            13.1429347
          ],
          [
            80.2868559,
            13.1424874
          ],
          [
            80.2853053,
            13.1401236
          ],
          [
            80.2851063,
            13.139836
          ],
          [
            80.2849476,
            13.1396648
          ],
          [
            80.2848162,
            13.139549
          ],
          [
            80.2845801,
            13.13938
          ],
          [
            80.2843182,
            13.1392451
          ],
          [
            80.2840851,
            13.1391568
          ],
          [
            80.2839368,
            13.1391193
          ],
          [
            80.283767,
            13.1390923
          ],
          [
            80.2835446,
            13.1390734
          ],
          [
            80.2833302,
            13.1390703
          ],
          [
            80.2829936,
            13.1390986
          ],
          [
            80.2826026,
            13.1391674
          ]
        ]
      },
      "id": "way/102591581"
    },
    {
      "type": "Feature",
      "properties": {
        "start_km": 90.424,
        "end_km": 90.677
      },
      "geometry": {
        "type": "LineString",
        "coordinates": [
          [
            80.2824349,
            13.1307305
          ],
          [
            80.2823115,
            13.1310551
          ],
          [
            80.2822275,
            13.1312352
          ],
          [
            80.2821948,
            13.1312872
          ],
          [
            80.2821056,
            13.1314295
          ],
          [
            80.2819859,
            13.1316423
          ],
          [
            80.281885,
            13.1319062
          ],
          [
            80.281593,
            13.1328515
          ]
        ]
      },
      "id": "way/102591584"
    },
    {
      "type": "Feature",
      "properties": {
        "start_km": 90.677,
        "end_km": 91.169
      },
      "geometry": {
        "type": "LineString",
        "coordinates": [
          [
            80.2842523,
            13.1410763
          ],
          [
            80.2863626,
            13.142479
          ],
          [
            80.2866297,
            13.1427103
          ],
          [
            80.2868938,
            13.1429909
          ],
          [
            80.2870476,
            13.1431918
          ],
          [
            80.2872931,
            13.1434871
          ],
          [
            80.287696,
            13.1439109
          ]
        ]
      },
      "id": "way/102591586"
    },
    {
      "type": "Feature",
      "properties": {
        "start_km": 91.169,
        "end_km": 92.106
      },
      "geometry": {
        "type": "LineString",
        "coordinates": [
          [
            80.2865825,
            13.140166
          ],
          [
            80.2865178,
            13.1398246
          ],
          [
            80.2864479,
            13.1395958
          ],
          [
            80.2862942,
            13.1392497
          ],
          [
            80.2845543,
            13.1354318
          ],
          [
            80.283608,
            13.1334104
          ],
          [
            80.2834944,
            13.1331024
          ],
          [
            80.2834235,
            13.1328233
          ],
          [
            80.2833582,
            13.132544
          ],
          [
            80.283319,
            13.1323413
          ]
        ]
      },
      "id": "way/102591587"
    },
    {
      "type": "Feature",
      "properties": {
        "start_km": 92.106,
        "end_km": 93.049
      },
      "geometry": {
        "type": "LineString",
        "coordinates": [
          [
            80.2816258,
            13.1275939
          ],
          [
            80.2818222,
            13.1279354
          ],
          [
            80.2819895,
            13.1282496
          ],
          [
            80.2821198,
            13.1285571
          ],
          [
            80.2822772,
            13.1289842
          ],
          [
            80.2824195,
            13.1293705
          ],
          [
            80.2825457,
            13.1297777
          ],
          [
            80.2825667,
            13.1301536
          ],
          [
            80.2825405,
            13.1304605
          ],
          [
            80.2824879,
            13.1306319
          ],
          [
            80.2824349,
            13.1307305
          ],
          [
            80.2822752,
            13.1310385
          ],
          [
            80.2821434,
            13.1312371
          ],
          [
            80.2820336,
            13.1313454
          ],
          [
            80.2818314,
            13.1315986
          ],
          [
            80.2817185,
            13.1318492
          ],
          [
            80.281406,
            13.1328952
          ],
          [
            80.2813246,
            13.1332839
          ],
          [
            80.2812904,
            13.1336369
          ],
          [
            80.2813114,
            13.1339284
          ],
          [
            80.2816791,
            13.135601
          ]
        ]
      },
      "id": "way/102591589"
    },
    {
      "type": "Feature",
      "properties": {
        "start_km": 93.049,
        "end_km": 94.174
      },
      "geometry": {
        "type": "LineString",
        "coordinates": [
          [
            80.2831439,
            13.1317106
          ],
          [
            80.2831682,
            13.1324139
          ],
          [
            80.283151,
            13.1334296
          ],
          [
            80.2831739,
            13.133711
          ],
          [
            80.2832658,
            13.1339923
          ],
          [
            80.2834495,
            13.1344321
          ],
          [
            80.2856891,
            13.1393561
          ],
          [
            80.2858745,
            13.1396665
          ],
          [
            80.286537,
            13.140552
          ],
          [
            80.2866,
            13.1406629
          ],
          [
            80.2868092,
            13.1410315
          ]
        ]
      },
      "id": "way/102591592"
    },
    {
      "type": "Feature",
      "properties": {
        "start_km": 94.174,
        "end_km": 94.532
      },
      "geometry": {
        "type": "LineString",
        "coordinates": [
          [
            80.2868938,
            13.1429909
          ],
          [
            80.2866219,
            13.1426329
          ],
          [
            80.2864767,
            13.1424896
          ],
          [
            80.2863263,
            13.1423827
          ],
          [
            80.2859608,
            13.1421386
          ],
          [
            80.2842893,
            13.1410365
          ]
        ]
      },
      "id": "way/102591598"
    },
    {
      "type": "Feature",
      "properties": {
        "start_km": 94.532,
        "end_km": 94.676
      },
      "geometry": {
        "type": "LineString",
        "coordinates": [
          [
            80.2821434,
            13.1312371
          ],
          [
            80.2820573,
            13.1313682
          ],
          [
            80.2818934,
            13.1316219
          ],
          [
            80.2817758,
            13.1318653
          ],
          [
            80.2816098,
            13.1324198
          ]
        ]
      },
      "id": "way/102591602"
    },
    {
      "type": "Feature",
      "properties": {
        "start_km": 94.676,
        "end_km": 95.661
      },
      "geometry": {
        "type": "LineString",
        "coordinates": [
          [
            80.2865473,
            13.1402725
          ],
          [
            80.2862939,
            13.1396799
          ],
          [
            80.2851537,
            13.1372101
          ],
          [
            80.2847747,
            13.1364031
          ],
          [
            80.2845984,
            13.1360276
          ],
          [
            80.2841844,
            13.1351067
          ],
          [
            80.2835815,
            13.1337967
          ],
          [
            80.283391,
            13.1333598
          ],
          [
            80.2833409,
            13.1331446
          ],
          [
            80.2832637,
            13.1327979
          ],
          [
            80.283185,
            13.1320512
          ]
        ]
      },
      "id": "way/102591603"
    },
    {
      "type": "Feature",
      "properties": {
        "start_km": 95.661,
        "end_km": 96.702
      },
      "geometry": {
        "type": "LineString",
        "coordinates": [
          [
            80.2831723,
            13.1319087
          ],
          [
            80.283185,
            13.1320512
          ],
          [
            80.2833134,
            13.1326262
          ],
          [
            80.2833845,
            13.1329447
          ],
          [
            80.2834323,
            13.1331357
          ],
          [
            80.2835065,
            13.133364
          ],
          [
            80.2836618,
            13.1337216
          ],
          [
            80.2842593,
            13.1350271
          ],
          [
            80.2846933,
            13.1359796
          ],
          [
            80.2852409,
            13.1371943
          ],
          [
            80.2863778,
            13.1396594
          ],
          [
            80.2864542,
            13.1399226
          ],
          [
            80.2865294,
            13.1401716
          ],
          [
            80.2865473,
            13.1402725
          ],
          [
            80.286582,
            13.1404342
          ],
          [
            80.2866595,
            13.1406366
          ]
        ]
      },
      "id": "way/102591614"
    },
    {
      "type": "Feature",
      "properties": {
        "start_km": 96.702,
        "end_km": 97.113
      },
      "geometry": {
        "type": "LineString",
        "coordinates": [
          [
            80.2879162,
            13.1434534
          ],
          [
            80.2868092,
            13.1410315
          ],
          [
            80.286673,
            13.1406722
          ],
          [
            80.2866595,
            13.1406366
          ],
          [
            80.2865972,
            13.1403841
          ],
          [
            80.2865825,
            13.140166
          ],
          [
            80.2865916,
            13.1399991
          ]
        ]
      },
      "id": "way/102591620"
    },
    {
      "type": "Feature",
      "properties": {
        "start_km": 97.113,
        "end_km": 97.377
      },
      "geometry": {
        "type": "LineString",
        "coordinates": [
          [
            80.2824879,
            13.1306319
          ],
          [
            80.2823514,
            13.1310776
          ],
          [
            80.2822863,
            13.1312536
          ],
          [
            80.282177,
            13.1314909
          ],
          [
            80.2820699,
            13.1316853
          ],
          [
            80.2819627,
            13.1319267
          ],
          [
            80.2816644,
            13.1328699
          ]
        ]
      },
      "id": "way/102591622"
    },
    {
      "type": "Feature",
      "properties": {
        "start_km": 97.377,
        "end_km": 98.257
      },
      "geometry": {
        "type": "LineString",
        "coordinates": [
          [
            80.287976,
            13.1441428
          ],
          [
            80.2875226,
            13.1436071
          ],
          [
            80.2873863,
            13.1434231
          ],
          [
            80.2869707,
            13.1428289
          ],
          [
            80.2867771,
            13.1425439
          ],
          [
            80.2857515,
            13.1409636
          ],
          [
            80.2850804,
            13.1399454
          ],
          [
            80.2849297,
            13.1397591
          ],
          [
            80.2846996,
            13.1395648
          ],
          [
            80.2844673,
            13.1394185
          ],
          [
            80.284278,
            13.1393276
          ],
          [
            80.2840327,
            13.1392371
          ],
          [
            80.2837828,
            13.1391871
          ],
          [
            80.2834868,
            13.1391611
          ],
          [
            80.2832935,
            13.1391649
          ],
          [
            80.283062,
            13.1391806
          ],
          [
            80.2829659,
            13.1391871
          ],
          [
            80.2823971,
            13.13922
          ]
        ]
      },
      "id": "way/102591627"
    },
    {
      "type": "Feature",
      "properties": {
        "start_km": 98.257,
        "end_km": 100.383
      },
      "geometry": {
        "type": "LineString",
        "coordinates": [
          [
            80.2705267,
            13.1128062
          ],
          [
            80.2742634,
            13.1149247
          ],
          [
            80.2749186,
            13.1152973
          ],
          [
            80.2760608,
            13.116031
          ],
          [
            80.2762302,
            13.1161868
          ],
          [
            80.2764637,
            13.1164415
          ],
          [
            80.2765811,
            13.1165883
          ],
          [
            80.2766985,
            13.116743
          ],
          [
            80.2767971,
            13.1168935
          ],
          [
            80.2768658,
            13.1170149
          ],
          [
            80.2770169,
            13.117325
          ],
          [
            80.2776962,
            13.1187973
          ],
          [
            80.2778481,
            13.1191425
          ],
          [
            80.2780215,
            13.1196095
          ],
          [
            80.2781522,
            13.1199469
          ],
          [
            80.2783138,
            13.1203266
          ],
          [
            80.2803031,
            13.1246754
          ],
          [
            80.2807259,
            13.1256346
          ],
          [
            80.2808583,
            13.1260644
          ],
          [
            80.280986,
            13.1264648
          ],
          [
            80.281144,
            13.1268833
          ],
          [
            80.2812926,
            13.1271796
          ],
          [
            80.2816098,
            13.1276624
          ]
        ]
      },
      "id": "way/102591630"
    },
    {
      "type": "Feature",
      "properties": {
        "start_km": 100.383,
        "end_km": 100.549
      },
      "geometry": {
        "type": "LineString",
        "coordinates": [
          [
            80.2826248,
            13.1298243
          ],
          [
            80.2827853,
            13.1301855
          ],
          [
            80.2828977,
            13.1305768
          ],
          [
            80.2829608,
            13.1307949
          ],
          [
            80.2830149,
            13.1309845
          ],
          [
            80.2830812,
            13.1312605
          ]
        ]
      },
      "id": "way/102591635"
    },
    {
      "type": "Feature",
      "properties": {
        "start_km": 100.549,
        "end_km": 101.512
      },
      "geometry": {
        "type": "LineString",
        "coordinates": [
          [
            80.292964,
            13.1538084
          ],
          [
            80.2928145,
            13.1536663
          ],
          [
            80.2926141,
            13.1534256
          ],
          [
            80.2925419,
            13.153309
          ],
          [
            80.2922594,
            13.1529164
          ],
          [
            80.2920531,
            13.1527004
          ],
          [
            80.2919454,
            13.1525971
          ],
          [
            80.2917699,
            13.1524059
          ],
          [
            80.2915846,
            13.1521824
          ],
          [
            80.2914264,
            13.1519108
          ],
          [
            80.2913763,
            13.1518053
          ],
          [
            80.2910358,
            13.1510889
          ],
          [
            80.2891138,
            13.1468773
          ],
          [
            80.2888066,
            13.1461887
          ]
        ]
      },
      "id": "way/102594186"
    },
    {
      "type": "Feature",
      "properties": {
        "start_km": 101.512,
        "end_km": 102.327
      },
      "geometry": {
        "type": "LineString",
        "coordinates": [
          [
            80.2913972,
            13.1510801
          ],
          [
            80.2912078,
            13.1507817
          ],
          [
            80.2904849,
            13.1491723
          ],
          [
            80.2891563,
            13.1463137
          ],
          [
            80.2887475,
            13.1454007
          ],
          [
            80.2885475,
            13.1449843
          ],
          [
            80.2884603,
            13.1447529
          ],
          [
            80.2882952,
            13.1443811
          ]
        ]
      },
      "id": "way/102594187"
    },
    {
      "type": "Feature",
      "properties": {
        "start_km": 102.327,
        "end_km": 103.225
      },
      "geometry": {
        "type": "LineString",
        "coordinates": [
          [
            80.2885799,
            13.1453851
          ],
          [
            80.2887579,
            13.1457424
          ],
          [
            80.2914676,
            13.1516617
          ],
          [
            80.2915071,
            13.1517369
          ],
          [
            80.2916201,
            13.1519522
          ],
          [
            80.2921302,
            13.152708
          ]
        ]
      },
      "id": "way/102594188"
    },
    {
      "type": "Feature",
      "properties": {
        "start_km": 103.225,
        "end_km": 104.101
      },
      "geometry": {
        "type": "LineString",
        "coordinates": [
          [
            80.2920531,
            13.1527004
          ],
          [
            80.2917835,
            13.1523582
          ],
          [
            80.2915822,
            13.1520363
          ],
          [
            80.2915113,
            13.1518637
          ],
          [
            80.2914577,
            13.1517543
          ],
          [
            80.2914182,
            13.1516738
          ],
          [
            80.2888334,
            13.1460277
          ],
          [
            80.2888078,
            13.1459718
          ],
          [
            80.288626,
            13.1455427
          ]
        ]
      },
      "id": "way/102594191"
    },
    {
      "type": "Feature",
      "properties": {
        "start_km": 104.101,
        "end_km": 104.959
      },
      "geometry": {
        "type": "LineString",
        "coordinates": [
          [
            80.2883332,
            13.1443387
          ],
          [
            80.2884532,
            13.1445513
          ],
          [
            80.2905684,
            13.1491322
          ],
          [
            80.2913607,
            13.1508879
          ],
          [
            80.291532,
            13.1512955
          ],
          [
            80.2916025,
            13.1513926
          ]
        ]
      },
      "id": "way/102594193"
    },
    {
      "type": "Feature",
      "properties": {
        "start_km": 104.959,
        "end_km": 105.967
      },
      "geometry": {
        "type": "LineString",
        "coordinates": [
          [
            80.2883759,
            13.1446748
          ],
          [
            80.2885247,
            13.145031
          ],
          [
            80.2886088,
            13.1452164
          ],
          [
            80.2889009,
            13.145879
          ],
          [
            80.2912793,
            13.1510443
          ],
          [
            80.2916236,
            13.1516815
          ],
          [
            80.2916463,
            13.1517236
          ],
          [
            80.2918359,
            13.1520799
          ],
          [
            80.2919792,
            13.1524059
          ],
          [
            80.2921408,
            13.152721
          ],
          [
            80.2921302,
            13.152708
          ],
          [
            80.2922594,
            13.1529164
          ]
        ]
      },
      "id": "way/102594194"
    },
    {
      "type": "Feature",
      "properties": {
        "start_km": 105.967,
        "end_km": 106.84
      },
      "geometry": {
        "type": "LineString",
        "coordinates": [
          [
            80.2882194,
            13.1441054
          ],
          [
            80.2883332,
            13.1443387
          ],
          [
            80.288427,
            13.1445669
          ],
          [
            80.2894598,
            13.1468639
          ],
          [
            80.2905254,
            13.1491447
          ],
          [
            80.2912388,
            13.1507467
          ],
          [
            80.2913972,
            13.1510801
          ],
          [
            80.291532,
            13.1512955
          ]
        ]
      },
      "id": "way/102594195"
    },
    {
      "type": "Feature",
      "properties": {
        "start_km": 106.84,
        "end_km": 108.305
      },
      "geometry": {
        "type": "LineString",
        "coordinates": [
          [
            80.2864484,
            13.1392193
          ],
          [
            80.286627,
            13.1396904
          ],
          [
            80.2866967,
            13.1399608
          ],
          [
            80.2867088,
            13.1400313
          ],
          [
            80.2867691,
            13.1402197
          ],
          [
            80.2869676,
            13.1406607
          ],
          [
            80.2871446,
            13.1410721
          ],
          [
            80.287264,
            13.1413124
          ],
          [
            80.2873485,
            13.1415566
          ],
          [
            80.2874196,
            13.1417682
          ],
          [
            80.2874705,
            13.1419981
          ],
          [
            80.287602,
            13.1423389
          ],
          [
            80.2877173,
            13.1426889
          ],
          [
            80.2878018,
            13.1429527
          ],
          [
            80.288121,
            13.1436671
          ],
          [
            80.28842,
            13.1443371
          ],
          [
            80.2885998,
            13.1447422
          ],
          [
            80.2889457,
            13.1455026
          ],
          [
            80.2913787,
            13.1508524
          ],
          [
            80.2916695,
            13.1514096
          ]
        ]
      },
      "id": "way/102594200"
    },
    {
      "type": "Feature",
      "properties": {
        "start_km": 108.305,
        "end_km": 108.574
      },
      "geometry": {
        "type": "LineString",
        "coordinates": [
          [
            80.2913037,
            13.1044848
          ],
          [
            80.2915443,
            13.1043327
          ],
          [
            80.2918802,
            13.1041257
          ],
          [
            80.2924631,
            13.1038053
          ],
          [
            80.2934163,
            13.1032113
          ]
        ]
      },
      "id": "way/125206044"
    },
    {
      "type": "Feature",
      "properties": {
        "start_km": 108.574,
        "end_km": 108.947
      },
      "geometry": {
        "type": "LineString",
        "coordinates": [
          [
            80.2921831,
            13.1032718
          ],
          [
            80.291305,
            13.1043786
          ],
          [
            80.2911752,
            13.1045191
          ],
          [
            80.2907204,
            13.104797
          ],
          [
            80.2902884,
            13.1050588
          ],
          [
            80.2896487,
            13.10548
          ]
        ]
      },
      "id": "way/125206045"
    },
    {
      "type": "Feature",
      "properties": {
        "start_km": 108.947,
        "end_km": 111.117
      },
      "geometry": {
        "type": "LineString",
        "coordinates": [
          [
            80.2923919,
            13.0935624
          ],
          [
            80.2913046,
            13.0900597
          ],
          [
            80.2911991,
            13.0897491
          ],
          [
            80.2910664,
            13.089313
          ],
          [
            80.2909216,
            13.0888701
          ],
          [
            80.2906481,
            13.0880036
          ],
          [
            80.2903636,
            13.0870966
          ],
          [
            80.2902453,
            13.0867753
          ],
          [
            80.2901604,
            13.086574
          ],
          [
            80.2899684,
            13.0861982
          ],
          [
            80.2898423,
            13.0860119
          ],
          [
            80.2895798,
            13.0857417
          ],
          [
            80.2893265,
            13.0855261
          ],
          [
            80.2891171,
            13.0853954
          ],
          [
            80.2888097,
            13.0852529
          ],
          [
            80.2885837,
            13.0851599
          ],
          [
            80.2882378,
            13.08508
          ],
          [
            80.2878689,
            13.0850362
          ],
          [
            80.2874614,
            13.0850484
          ],
          [
            80.2853534,
            13.0852079
          ],
          [
            80.285161,
            13.0852184
          ],
          [
            80.2849863,
            13.0852158
          ],
          [
            80.2847984,
            13.0852019
          ],
          [
            80.2845977,
            13.0851756
          ],
          [
            80.2844002,
            13.0851192
          ],
          [
            80.2842028,
            13.0850503
          ],
          [
            80.2839511,
            13.0849299
          ],
          [
            80.2836878,
            13.084767
          ],
          [
            80.2834289,
            13.0845639
          ],
          [
            80.283265,
            13.0843909
          ],
          [
            80.2831,
            13.0841818
          ],
          [
            80.2826722,
            13.0834778
          ],
          [
            80.2819889,
            13.0823689
          ],
          [
            80.2817126,
            13.0818976
          ],
          [
            80.2811614,
            13.0810469
          ],
          [
            80.2809733,
            13.080793
          ],
          [
            80.2808337,
            13.0806307
          ],
          [
            80.2806782,
            13.0804961
          ]
        ]
      },
      "id": "way/209558510"
    },
    {
      "type": "Feature",
      "properties": {
        "start_km": 111.117,
        "end_km": 112.394
      },
      "geometry": {
        "type": "LineString",
        "coordinates": [
          [
            80.2530089,
            13.0766648
          ],
          [
            80.2538201,
            13.0767934
          ],
          [
            80.2546239,
            13.076931
          ],
          [
            80.2550181,
            13.0769966
          ],
          [
            80.255568,
            13.0770881
          ],
          [
            80.2561668,
            13.0771757
          ],
          [
            80.2578351,
            13.0774736
          ],
          [
            80.2595628,
            13.0777999
          ],
          [
            80.2615048,
            13.0781047
          ],
          [
            80.2627143,
            13.0782946
          ],
          [
            80.2635023,
            13.0784282
          ],
          [
            80.2639497,
            13.0784847
          ],
          [
            80.2641049,
            13.0785192
          ],
          [
            80.2644839,
            13.0786295
          ],
          [
            80.264595,
            13.0786618
          ]
        ]
      },
      "id": "way/209558556"
    },
    {
      "type": "Feature",
      "properties": {
        "start_km": 112.394,
        "end_km": 113.06
      },
      "geometry": {
        "type": "LineString",
        "coordinates": [
          [
            80.2634432,
            13.0785994
          ],
          [
            80.2629602,
            13.0785979
          ],
          [
            80.2626889,
            13.0785842
          ],
          [
            80.2621761,
            13.0785261
          ],
          [
            80.2614501,
            13.0784164
          ],
          [
            80.259245,
            13.0780831
          ],
          [
            80.2588922,
            13.0780159
          ],
          [
            80.2586726,
            13.0779655
          ],
          [
            80.25829,
            13.0778372
          ],
          [
            80.2578038,
            13.0776401
          ],
          [
            80.2574275,
            13.0775408
          ]
        ]
      },
      "id": "way/209558558"
    },
    {
      "type": "Feature",
      "properties": {
        "start_km": 113.06,
        "end_km": 114.428
      },
      "geometry": {
        "type": "LineString",
        "coordinates": [
          [
            80.2529679,
            13.0765973
          ],
          [
            80.2520943,
            13.0764299
          ],
          [
            80.2517368,
            13.0763981
          ],
          [
            80.2514886,
            13.0763761
          ],
          [
            80.2513417,
            13.0763434
          ],
          [
            80.2510645,
            13.0762817
          ],
          [
            80.2507481,
            13.0762018
          ],
          [
            80.2495493,
            13.075916
          ],
          [
            80.2484556,
            13.0756047
          ],
          [
            80.2474964,
            13.0753794
          ],
          [
            80.2472616,
            13.0753243
          ],
          [
            80.2467122,
            13.0751913
          ],
          [
            80.2459413,
            13.074958
          ],
          [
            80.2457032,
            13.0748882
          ],
          [
            80.2452904,
            13.0747872
          ],
          [
            80.2445581,
            13.0745768
          ],
          [
            80.2442585,
            13.0744698
          ],
          [
            80.2435969,
            13.0742507
          ],
          [
            80.2415647,
            13.0736676
          ],
          [
            80.2412063,
            13.0735673
          ],
          [
            80.2408498,
            13.0734838
          ],
          [
            80.2407793,
            13.0734657
          ]
        ]
      },
      "id": "way/209558560"
    },
    {
      "type": "Feature",
      "properties": {
        "start_km": 114.428,
        "end_km": 115.161
      },
      "geometry": {
        "type": "LineString",
        "coordinates": [
          [
            80.2571075,
            13.0774446
          ],
          [
            80.2574447,
            13.0775133
          ],
          [
            80.2577536,
            13.0775851
          ],
          [
            80.2580093,
            13.0776737
          ],
          [
            80.2585142,
            13.0778632
          ],
          [
            80.2587793,
            13.077938
          ],
          [
            80.2592058,
            13.0780159
          ],
          [
            80.26146,
            13.0783611
          ],
          [
            80.262278,
            13.0784864
          ],
          [
            80.2627407,
            13.078546
          ],
          [
            80.2631029,
            13.0785597
          ],
          [
            80.2634856,
            13.0785628
          ],
          [
            80.2637417,
            13.0785642
          ]
        ]
      },
      "id": "way/209558564"
    },
    {
      "type": "Feature",
      "properties": {
        "start_km": 115.161,
        "end_km": 116.277
      },
      "geometry": {
        "type": "LineString",
        "coordinates": [
          [
            80.2642415,
            13.0785842
          ],
          [
            80.2639466,
            13.0785338
          ],
          [
            80.2635483,
            13.0785001
          ],
          [
            80.2629806,
            13.078439
          ],
          [
            80.2623564,
            13.078355
          ],
          [
            80.2614998,
            13.0782233
          ],
          [
            80.2589392,
            13.0778295
          ],
          [
            80.2586491,
            13.07777
          ],
          [
            80.2580924,
            13.0776233
          ],
          [
            80.2577521,
            13.0775424
          ],
          [
            80.2567051,
            13.0773406
          ],
          [
            80.2566026,
            13.0773209
          ],
          [
            80.2562435,
            13.0772664
          ],
          [
            80.2555346,
            13.0771589
          ],
          [
            80.2551831,
            13.0770991
          ],
          [
            80.254101,
            13.0769467
          ]
        ]
      },
      "id": "way/209558566"
    },
    {
      "type": "Feature",
      "properties": {
        "start_km": 116.277,
        "end_km": 117.142
      },
      "geometry": {
        "type": "LineString",
        "coordinates": [
          [
            80.2604591,
            13.0777231
          ],
          [
            80.2600514,
            13.0776606
          ],
          [
            80.2595493,
            13.0775836
          ],
          [
            80.2572942,
            13.0771605
          ],
          [
            80.2570072,
            13.0771299
          ],
          [
            80.2566763,
            13.0770994
          ],
          [
            80.2564614,
            13.0770933
          ],
          [
            80.2563659,
            13.0770952
          ],
          [
            80.256165,
            13.0770994
          ],
          [
            80.2560035,
            13.0770887
          ],
          [
            80.2557604,
            13.0770765
          ],
          [
            80.2551425,
            13.0769542
          ],
          [
            80.2544483,
            13.0768435
          ],
          [
            80.2543286,
            13.0768244
          ],
          [
            80.2536966,
            13.0767297
          ],
          [
            80.2530089,
            13.0766648
          ],
          [
            80.2525751,
            13.0766239
          ]
        ]
      },
      "id": "way/209558567"
    },
    {
      "type": "Feature",
      "properties": {
        "start_km": 117.142,
        "end_km": 118.008
      },
      "geometry": {
        "type": "LineString",
        "coordinates": [
          [
            80.2644839,
            13.0786295
          ],
          [
            80.2642415,
            13.0785842
          ],
          [
            80.2639357,
            13.0785551
          ],
          [
            80.2637417,
            13.0785642
          ],
          [
            80.2634432,
            13.0785994
          ],
          [
            80.2629053,
            13.0786743
          ],
          [
            80.262623,
            13.0786789
          ],
          [
            80.2622498,
            13.0786636
          ],
          [
            80.2617589,
            13.0785994
          ],
          [
            80.2614302,
            13.0785478
          ],
          [
            80.2592874,
            13.0782114
          ],
          [
            80.2589377,
            13.0781427
          ],
          [
            80.2586475,
            13.0780572
          ],
          [
            80.2583606,
            13.0779472
          ],
          [
            80.257738,
            13.0776585
          ],
          [
            80.2574275,
            13.0775408
          ],
          [
            80.2571075,
            13.0774446
          ],
          [
            80.2567051,
            13.0773406
          ]
        ]
      },
      "id": "way/209558568"
    },
    {
      "type": "Feature",
      "properties": {
        "start_km": 118.008,
        "end_km": 118.816
      },
      "geometry": {
        "type": "LineString",
        "coordinates": [
          [
            80.2635023,
            13.0784282
          ],
          [
            80.2626253,
            13.0782305
          ],
          [
            80.2615176,
            13.0780514
          ],
          [
            80.2595295,
            13.0777523
          ],
          [
            80.2572651,
            13.0773332
          ],
          [
            80.2564578,
            13.0772036
          ],
          [
            80.2561668,
            13.0771757
          ]
        ]
      },
      "id": "way/209558572"
    },
    {
      "type": "Feature",
      "properties": {
        "start_km": 118.816,
        "end_km": 119.238
      },
      "geometry": {
        "type": "LineString",
        "coordinates": [
          [
            80.2602053,
            13.0775656
          ],
          [
            80.2600618,
            13.0775443
          ],
          [
            80.2595336,
            13.077466
          ],
          [
            80.2573302,
            13.0770581
          ],
          [
            80.2571169,
            13.0770352
          ],
          [
            80.2567251,
            13.0770535
          ],
          [
            80.2566433,
            13.0770627
          ],
          [
            80.2563659,
            13.0770952
          ]
        ]
      },
      "id": "way/209558573"
    },
    {
      "type": "Feature",
      "properties": {
        "start_km": 119.238,
        "end_km": 119.753
      },
      "geometry": {
        "type": "LineString",
        "coordinates": [
          [
            80.2557604,
            13.0770765
          ],
          [
            80.2562215,
            13.0771391
          ],
          [
            80.2563344,
            13.0771467
          ],
          [
            80.2567468,
            13.0771589
          ],
          [
            80.2572942,
            13.0772048
          ],
          [
            80.2576078,
            13.0772506
          ],
          [
            80.259554,
            13.0776248
          ],
          [
            80.2600443,
            13.0776988
          ],
          [
            80.2604557,
            13.0777608
          ]
        ]
      },
      "id": "way/209558574"
    },
    {
      "type": "Feature",
      "properties": {
        "start_km": 119.753,
        "end_km": 119.829
      },
      "geometry": {
        "type": "LineString",
        "coordinates": [
          [
            80.2562435,
            13.0772664
          ],
          [
            80.255568,
            13.0770881
          ]
        ]
      },
      "id": "way/209561039"
    },
    {
      "type": "Feature",
      "properties": {
        "start_km": 119.829,
        "end_km": 119.893
      },
      "geometry": {
        "type": "LineString",
        "coordinates": [
          [
            80.2550181,
            13.0769966
          ],
          [
            80.2544483,
            13.0768435
          ]
        ]
      },
      "id": "way/209561040"
    },
    {
      "type": "Feature",
      "properties": {
        "start_km": 119.893,
        "end_km": 120.026
      },
      "geometry": {
        "type": "LineString",
        "coordinates": [
          [
            80.2582284,
            13.077088
          ],
          [
            80.2594515,
            13.0770179
          ]
        ]
      },
      "id": "way/209613878"
    },
    {
      "type": "Feature",
      "properties": {
        "start_km": 120.026,
        "end_km": 120.196
      },
      "geometry": {
        "type": "LineString",
        "coordinates": [
          [
            80.2602487,
            13.0773177
          ],
          [
            80.2590256,
            13.0771419
          ],
          [
            80.2586958,
            13.0771267
          ]
        ]
      },
      "id": "way/209613881"
    },
    {
      "type": "Feature",
      "properties": {
        "start_km": 120.196,
        "end_km": 120.412
      },
      "geometry": {
        "type": "LineString",
        "coordinates": [
          [
            80.2581608,
            13.077169
          ],
          [
            80.2585972,
            13.0771912
          ],
          [
            80.2587698,
            13.0772076
          ],
          [
            80.2601358,
            13.0774277
          ]
        ]
      },
      "id": "way/209613883"
    },
    {
      "type": "Feature",
      "properties": {
        "start_km": 120.412,
        "end_km": 120.706
      },
      "geometry": {
        "type": "LineString",
        "coordinates": [
          [
            80.2575597,
            13.0770571
          ],
          [
            80.2582284,
            13.077088
          ],
          [
            80.2583258,
            13.0770925
          ],
          [
            80.2586958,
            13.0771267
          ],
          [
            80.26025,
            13.0773531
          ]
        ]
      },
      "id": "way/209613885"
    },
    {
      "type": "Feature",
      "properties": {
        "start_km": 120.706,
        "end_km": 121.046
      },
      "geometry": {
        "type": "LineString",
        "coordinates": [
          [
            80.2602099,
            13.0775292
          ],
          [
            80.2595567,
            13.0774264
          ],
          [
            80.2582323,
            13.0771823
          ],
          [
            80.2581608,
            13.077169
          ],
          [
            80.2575597,
            13.0770571
          ],
          [
            80.2573844,
            13.077042
          ],
          [
            80.2571169,
            13.0770352
          ]
        ]
      },
      "id": "way/209613887"
    },
    {
      "type": "Feature",
      "properties": {
        "start_km": 121.046,
        "end_km": 121.951
      },
      "geometry": {
        "type": "LineString",
        "coordinates": [
          [
            80.2299599,
            13.04574
          ],
          [
            80.2301868,
            13.0467944
          ],
          [
            80.2304867,
            13.0488399
          ],
          [
            80.2306273,
            13.0497951
          ],
          [
            80.2307481,
            13.0503923
          ],
          [
            80.2310875,
            13.0526396
          ],
          [
            80.2311269,
            13.0529754
          ],
          [
            80.2311155,
            13.0533133
          ],
          [
            80.2311868,
            13.0538204
          ]
        ]
      },
      "id": "way/214599839"
    },
    {
      "type": "Feature",
      "properties": {
        "start_km": 121.951,
        "end_km": 124.391
      },
      "geometry": {
        "type": "LineString",
        "coordinates": [
          [
            80.2738879,
            13.0834721
          ],
          [
            80.2738737,
            13.0835608
          ],
          [
            80.2737885,
            13.0840936
          ],
          [
            80.2737474,
            13.0843506
          ],
          [
            80.2735031,
            13.0858104
          ],
          [
            80.2734676,
            13.0862129
          ],
          [
            80.2734223,
            13.0868278
          ],
          [
            80.2733031,
            13.0876837
          ],
          [
            80.2732828,
            13.0879914
          ],
          [
            80.2732936,
            13.0883898
          ],
          [
            80.2733043,
            13.0885491
          ],
          [
            80.2733393,
            13.0889124
          ],
          [
            80.2733873,
            13.0896471
          ],
          [
            80.273444,
            13.0905516
          ],
          [
            80.2734639,
            13.0908678
          ],
          [
            80.2734646,
            13.0911784
          ],
          [
            80.273445,
            13.0914433
          ],
          [
            80.2734035,
            13.0918239
          ],
          [
            80.2733601,
            13.0920715
          ],
          [
            80.273315,
            13.0922498
          ],
          [
            80.2732708,
            13.092413
          ],
          [
            80.2732125,
            13.092569
          ],
          [
            80.2731447,
            13.0927318
          ],
          [
            80.273037,
            13.0929357
          ],
          [
            80.2722528,
            13.0944032
          ],
          [
            80.272011,
            13.0948982
          ],
          [
            80.2718456,
            13.0953134
          ],
          [
            80.2717395,
            13.095627
          ],
          [
            80.2716534,
            13.0959333
          ],
          [
            80.271582,
            13.0962547
          ],
          [
            80.2715297,
            13.0965821
          ],
          [
            80.2715073,
            13.0967952
          ],
          [
            80.271469,
            13.0972758
          ],
          [
            80.2713947,
            13.0985106
          ],
          [
            80.2713115,
            13.0996657
          ],
          [
            80.2712351,
            13.1005545
          ],
          [
            80.2712183,
            13.1008032
          ],
          [
            80.2711955,
            13.1013688
          ],
          [
            80.2711311,
            13.1023158
          ],
          [
            80.2711188,
            13.1024603
          ],
          [
            80.2710513,
            13.1037559
          ],
          [
            80.2710302,
            13.1039883
          ],
          [
            80.2709917,
            13.1042079
          ],
          [
            80.2709112,
            13.1044275
          ],
          [
            80.2708532,
            13.1045936
          ],
          [
            80.2707765,
            13.1047506
          ],
          [
            80.2706372,
            13.1050009
          ]
        ]
      },
      "id": "way/217635220"
    },
    {
      "type": "Feature",
      "properties": {
        "start_km": 124.391,
        "end_km": 124.444
      },
      "geometry": {
        "type": "LineString",
        "coordinates": [
          [
            80.2731951,
            13.0929921
          ],
          [
            80.2734249,
            13.0925684
          ]
        ]
      },
      "id": "way/217635227"
    },
    {
      "type": "Feature",
      "properties": {
        "start_km": 124.444,
        "end_km": 124.691
      },
      "geometry": {
        "type": "LineString",
        "coordinates": [
          [
            80.2742366,
            13.0889347
          ],
          [
            80.2742591,
            13.0893852
          ],
          [
            80.2742544,
            13.0895614
          ],
          [
            80.2742254,
            13.0904166
          ],
          [
            80.2742133,
            13.0907792
          ],
          [
            80.274176,
            13.0909827
          ],
          [
            80.2741296,
            13.0911582
          ]
        ]
      },
      "id": "way/217635229"
    },
    {
      "type": "Feature",
      "properties": {
        "start_km": 124.691,
        "end_km": 125.294
      },
      "geometry": {
        "type": "LineString",
        "coordinates": [
          [
            80.2747517,
            13.0835878
          ],
          [
            80.2747381,
            13.083673
          ],
          [
            80.274285,
            13.0865118
          ],
          [
            80.274241,
            13.0867563
          ],
          [
            80.2742195,
            13.0871686
          ],
          [
            80.2742487,
            13.0880535
          ],
          [
            80.2743287,
            13.0887692
          ],
          [
            80.274352,
            13.0889962
          ]
        ]
      },
      "id": "way/217635240"
    },
    {
      "type": "Feature",
      "properties": {
        "start_km": 125.294,
        "end_km": 125.351
      },
      "geometry": {
        "type": "LineString",
        "coordinates": [
          [
            80.2737867,
            13.0921122
          ],
          [
            80.2735841,
            13.0925885
          ]
        ]
      },
      "id": "way/217635244"
    },
    {
      "type": "Feature",
      "properties": {
        "start_km": 125.351,
        "end_km": 126.285
      },
      "geometry": {
        "type": "LineString",
        "coordinates": [
          [
            80.2865583,
            13.1071653
          ],
          [
            80.2871727,
            13.1069123
          ],
          [
            80.2872616,
            13.1068742
          ],
          [
            80.2880828,
            13.1065474
          ],
          [
            80.2887949,
            13.1062548
          ],
          [
            80.2893545,
            13.1060125
          ],
          [
            80.2896652,
            13.1058754
          ],
          [
            80.290728,
            13.105387
          ],
          [
            80.2911656,
            13.105196
          ],
          [
            80.2919522,
            13.1048551
          ],
          [
            80.2923244,
            13.1046797
          ],
          [
            80.2926174,
            13.1045018
          ],
          [
            80.2929858,
            13.1042289
          ],
          [
            80.2932638,
            13.1040219
          ],
          [
            80.2933823,
            13.1039337
          ],
          [
            80.2936066,
            13.1037605
          ],
          [
            80.2941708,
            13.1033265
          ]
        ]
      },
      "id": "way/217677432"
    },
    {
      "type": "Feature",
      "properties": {
        "start_km": 126.285,
        "end_km": 126.917
      },
      "geometry": {
        "type": "LineString",
        "coordinates": [
          [
            80.2740706,
            13.1102968
          ],
          [
            80.2777803,
            13.1098878
          ],
          [
            80.2780311,
            13.109858
          ],
          [
            80.2783882,
            13.109803
          ],
          [
            80.278741,
            13.1097376
          ],
          [
            80.2792127,
            13.1096131
          ],
          [
            80.2798211,
            13.1094287
          ]
        ]
      },
      "id": "way/217875243"
    },
    {
      "type": "Feature",
      "properties": {
        "start_km": 126.917,
        "end_km": 127.801
      },
      "geometry": {
        "type": "LineString",
        "coordinates": [
          [
            80.2922705,
            13.0936136
          ],
          [
            80.2920059,
            13.0928029
          ],
          [
            80.2915686,
            13.0913927
          ],
          [
            80.2914475,
            13.0910013
          ],
          [
            80.291355,
            13.0906468
          ],
          [
            80.2912637,
            13.0901162
          ],
          [
            80.2909984,
            13.0893146
          ],
          [
            80.2908807,
            13.0889578
          ],
          [
            80.2906529,
            13.0882737
          ],
          [
            80.29042,
            13.0875372
          ],
          [
            80.2902067,
            13.0869422
          ],
          [
            80.2900827,
            13.0866612
          ],
          [
            80.2899561,
            13.0864188
          ],
          [
            80.2897172,
            13.0860558
          ]
        ]
      },
      "id": "way/217960163"
    },
    {
      "type": "Feature",
      "properties": {
        "start_km": 127.801,
        "end_km": 128.193
      },
      "geometry": {
        "type": "LineString",
        "coordinates": [
          [
            80.2897707,
            13.0860177
          ],
          [
            80.290002,
            13.0863813
          ],
          [
            80.2902104,
            13.086829
          ],
          [
            80.2904303,
            13.0874206
          ],
          [
            80.2906905,
            13.0882785
          ],
          [
            80.2909214,
            13.0889621
          ],
          [
            80.2910664,
            13.089313
          ]
        ]
      },
      "id": "way/217960168"
    },
    {
      "type": "Feature",
      "properties": {
        "start_km": 128.193,
        "end_km": 129.307
      },
      "geometry": {
        "type": "LineString",
        "coordinates": [
          [
            80.2903958,
            13.0868662
          ],
          [
            80.2906042,
            13.0873653
          ],
          [
            80.2907537,
            13.0877522
          ],
          [
            80.290789,
            13.0878517
          ],
          [
            80.2909452,
            13.0882922
          ],
          [
            80.2912159,
            13.0891393
          ],
          [
            80.2925861,
            13.0935935
          ],
          [
            80.2927248,
            13.0940197
          ],
          [
            80.292909,
            13.094718
          ],
          [
            80.292998,
            13.0950574
          ],
          [
            80.2930862,
            13.0953796
          ],
          [
            80.293445,
            13.0964776
          ]
        ]
      },
      "id": "way/217960169"
    },
    {
      "type": "Feature",
      "properties": {
        "start_km": 129.307,
        "end_km": 130.311
      },
      "geometry": {
        "type": "LineString",
        "coordinates": [
          [
            80.2902028,
            13.0862072
          ],
          [
            80.2904904,
            13.0868101
          ],
          [
            80.2905649,
            13.0870176
          ],
          [
            80.2907483,
            13.0873769
          ],
          [
            80.2909054,
            13.0877311
          ],
          [
            80.2910523,
            13.088153
          ],
          [
            80.291126,
            13.0885367
          ],
          [
            80.2911998,
            13.0888554
          ],
          [
            80.2912845,
            13.0891576
          ],
          [
            80.2923976,
            13.0927443
          ],
          [
            80.2926713,
            13.0935662
          ],
          [
            80.2926823,
            13.0935996
          ],
          [
            80.2928177,
            13.094009
          ],
          [
            80.2929064,
            13.0944147
          ],
          [
            80.2929885,
            13.0948437
          ]
        ]
      },
      "id": "way/217960170"
    },
    {
      "type": "Feature",
      "properties": {
        "start_km": 130.311,
        "end_km": 131.377
      },
      "geometry": {
        "type": "LineString",
        "coordinates": [
          [
            80.2903518,
            13.0826274
          ],
          [
            80.2903443,
            13.0823218
          ],
          [
            80.2904258,
            13.0815872
          ],
          [
            80.2904544,
            13.0812762
          ],
          [
            80.2904602,
            13.0812215
          ],
          [
            80.2904469,
            13.0809181
          ],
          [
            80.2904126,
            13.0807491
          ],
          [
            80.2901035,
            13.0796845
          ],
          [
            80.2898655,
            13.0788966
          ],
          [
            80.2894992,
            13.0777645
          ],
          [
            80.2891582,
            13.0766524
          ],
          [
            80.2889827,
            13.0760538
          ],
          [
            80.2887791,
            13.0753687
          ],
          [
            80.2885259,
            13.0745848
          ],
          [
            80.2883306,
            13.0738556
          ],
          [
            80.2881697,
            13.0733236
          ]
        ]
      },
      "id": "way/217978735"
    },
    {
      "type": "Feature",
      "properties": {
        "start_km": 131.377,
        "end_km": 132.32
      },
      "geometry": {
        "type": "LineString",
        "coordinates": [
          [
            80.2931352,
            13.0946572
          ],
          [
            80.2930767,
            13.0939312
          ],
          [
            80.2929423,
            13.0932951
          ],
          [
            80.2928237,
            13.0927436
          ],
          [
            80.2926925,
            13.0921771
          ],
          [
            80.2923482,
            13.0909447
          ],
          [
            80.2919954,
            13.0897809
          ],
          [
            80.2919077,
            13.0894993
          ],
          [
            80.2915996,
            13.0885418
          ],
          [
            80.2914561,
            13.0880255
          ],
          [
            80.2913138,
            13.0874494
          ],
          [
            80.2911889,
            13.0869362
          ],
          [
            80.291048,
            13.0863951
          ]
        ]
      },
      "id": "way/217978740"
    },
    {
      "type": "Feature",
      "properties": {
        "start_km": 132.32,
        "end_km": 132.577
      },
      "geometry": {
        "type": "LineString",
        "coordinates": [
          [
            80.2905916,
            13.0806285
          ],
          [
            80.2907046,
            13.0811021
          ],
          [
            80.2907247,
            13.081294
          ],
          [
            80.2907142,
            13.0814905
          ],
          [
            80.2907082,
            13.0816035
          ],
          [
            80.2906641,
            13.0818528
          ],
          [
            80.290595,
            13.0820805
          ],
          [
            80.2905105,
            13.0822798
          ],
          [
            80.2904119,
            13.0825276
          ],
          [
            80.2903702,
            13.0826868
          ],
          [
            80.2903286,
            13.0828778
          ]
        ]
      },
      "id": "way/217978742"
    },
    {
      "type": "Feature",
      "properties": {
        "start_km": 132.577,
        "end_km": 133.877
      },
      "geometry": {
        "type": "LineString",
        "coordinates": [
          [
            80.2981824,
            13.0891081
          ],
          [
            80.2971732,
            13.0877919
          ],
          [
            80.296411,
            13.0867624
          ],
          [
            80.2954278,
            13.0854301
          ],
          [
            80.2952238,
            13.0851186
          ],
          [
            80.2951683,
            13.0850394
          ],
          [
            80.2950591,
            13.0848915
          ],
          [
            80.294425,
            13.0840692
          ],
          [
            80.2940699,
            13.0836123
          ],
          [
            80.2938561,
            13.0833226
          ],
          [
            80.2936188,
            13.0829682
          ],
          [
            80.2934629,
            13.0827049
          ],
          [
            80.2933477,
            13.082526
          ],
          [
            80.2932448,
            13.0823932
          ],
          [
            80.2931177,
            13.0822709
          ],
          [
            80.2930001,
            13.0821841
          ],
          [
            80.2928927,
            13.0821158
          ],
          [
            80.2928149,
            13.0820788
          ],
          [
            80.2927252,
            13.0820476
          ],
          [
            80.2926342,
            13.082035
          ],
          [
            80.2925408,
            13.0820171
          ],
          [
            80.2924162,
            13.0820187
          ],
          [
            80.2923653,
            13.0820193
          ],
          [
            80.292026,
            13.0820341
          ],
          [
            80.2918403,
            13.0820314
          ],
          [
            80.2917436,
            13.0820187
          ],
          [
            80.2916582,
            13.0820017
          ],
          [
            80.2915237,
            13.0819482
          ],
          [
            80.2914165,
            13.0818939
          ],
          [
            80.291262,
            13.0817891
          ],
          [
            80.2911752,
            13.0817103
          ],
          [
            80.291093,
            13.0816271
          ],
          [
            80.2910237,
            13.0815479
          ],
          [
            80.2909635,
            13.0814424
          ],
          [
            80.2908416,
            13.0812185
          ],
          [
            80.2907191,
            13.0809596
          ],
          [
            80.2905916,
            13.0806285
          ]
        ]
      },
      "id": "way/217978746"
    },
    {
      "type": "Feature",
      "properties": {
        "start_km": 133.877,
        "end_km": 134.528
      },
      "geometry": {
        "type": "LineString",
        "coordinates": [
          [
            80.2887709,
            13.0737019
          ],
          [
            80.2904092,
            13.0788916
          ],
          [
            80.2905302,
            13.0793248
          ]
        ]
      },
      "id": "way/217978748"
    },
    {
      "type": "Feature",
      "properties": {
        "start_km": 134.528,
        "end_km": 134.786
      },
      "geometry": {
        "type": "LineString",
        "coordinates": [
          [
            80.2936188,
            13.0829682
          ],
          [
            80.2937317,
            13.0831466
          ],
          [
            80.2938869,
            13.0834566
          ],
          [
            80.2940862,
            13.083735
          ],
          [
            80.2946643,
            13.0844906
          ],
          [
            80.2949679,
            13.0848827
          ]
        ]
      },
      "id": "way/217978754"
    },
    {
      "type": "Feature",
      "properties": {
        "start_km": 134.786,
        "end_km": 135.314
      },
      "geometry": {
        "type": "LineString",
        "coordinates": [
          [
            80.2928286,
            13.0919711
          ],
          [
            80.2928961,
            13.0922054
          ],
          [
            80.2929177,
            13.0922533
          ],
          [
            80.2929567,
            13.0923205
          ],
          [
            80.2930435,
            13.0924553
          ],
          [
            80.2931316,
            13.0925828
          ],
          [
            80.2931749,
            13.0926814
          ],
          [
            80.293208,
            13.0927799
          ],
          [
            80.2933834,
            13.0934198
          ],
          [
            80.2936864,
            13.094386
          ],
          [
            80.2938185,
            13.0948061
          ],
          [
            80.2939647,
            13.0952352
          ],
          [
            80.2941076,
            13.0956821
          ],
          [
            80.2942607,
            13.0961541
          ],
          [
            80.2943748,
            13.0964804
          ]
        ]
      },
      "id": "way/217978757"
    },
    {
      "type": "Feature",
      "properties": {
        "start_km": 135.314,
        "end_km": 136.179
      },
      "geometry": {
        "type": "LineString",
        "coordinates": [
          [
            80.288339,
            13.0737109
          ],
          [
            80.2883903,
            13.0740088
          ],
          [
            80.2885892,
            13.0746306
          ],
          [
            80.288761,
            13.0752031
          ],
          [
            80.2889346,
            13.075802
          ],
          [
            80.2890738,
            13.0762336
          ],
          [
            80.2892818,
            13.0768589
          ],
          [
            80.2895151,
            13.0776569
          ],
          [
            80.2897285,
            13.0783086
          ],
          [
            80.2898645,
            13.0787624
          ],
          [
            80.2904037,
            13.0804557
          ],
          [
            80.2904776,
            13.080751
          ],
          [
            80.2904754,
            13.0809209
          ],
          [
            80.2904602,
            13.0812215
          ]
        ]
      },
      "id": "way/217978758"
    },
    {
      "type": "Feature",
      "properties": {
        "start_km": 136.179,
        "end_km": 136.687
      },
      "geometry": {
        "type": "LineString",
        "coordinates": [
          [
            80.2905993,
            13.079701
          ],
          [
            80.2901244,
            13.0788058
          ],
          [
            80.2894848,
            13.0767411
          ],
          [
            80.2892055,
            13.0759016
          ],
          [
            80.2889995,
            13.0753928
          ]
        ]
      },
      "id": "way/217978761"
    },
    {
      "type": "Feature",
      "properties": {
        "start_km": 136.687,
        "end_km": 136.913
      },
      "geometry": {
        "type": "LineString",
        "coordinates": [
          [
            80.2923653,
            13.0820193
          ],
          [
            80.2921121,
            13.0820032
          ],
          [
            80.2918711,
            13.0819593
          ],
          [
            80.2917352,
            13.0819206
          ],
          [
            80.2915594,
            13.0818332
          ],
          [
            80.291442,
            13.0817438
          ],
          [
            80.2913461,
            13.0816434
          ],
          [
            80.2912818,
            13.0815583
          ],
          [
            80.2912151,
            13.0814478
          ],
          [
            80.2911409,
            13.0812725
          ],
          [
            80.2909995,
            13.0807829
          ]
        ]
      },
      "id": "way/217978764"
    },
    {
      "type": "Feature",
      "properties": {
        "start_km": 136.913,
        "end_km": 137.627
      },
      "geometry": {
        "type": "LineString",
        "coordinates": [
          [
            80.2906713,
            13.0796273
          ],
          [
            80.2905302,
            13.0793248
          ],
          [
            80.2903414,
            13.0788539
          ],
          [
            80.2895825,
            13.0764208
          ],
          [
            80.2888303,
            13.0740021
          ],
          [
            80.2886514,
            13.0734838
          ]
        ]
      },
      "id": "way/217978766"
    },
    {
      "type": "Feature",
      "properties": {
        "start_km": 137.627,
        "end_km": 138.428
      },
      "geometry": {
        "type": "LineString",
        "coordinates": [
          [
            80.2907928,
            13.0801274
          ],
          [
            80.2905993,
            13.079701
          ],
          [
            80.2905523,
            13.0795514
          ],
          [
            80.2902796,
            13.0787765
          ],
          [
            80.2887923,
            13.074005
          ],
          [
            80.2887212,
            13.073744
          ],
          [
            80.2885885,
            13.0734001
          ],
          [
            80.2885286,
            13.0732449
          ]
        ]
      },
      "id": "way/217978767"
    },
    {
      "type": "Feature",
      "properties": {
        "start_km": 138.428,
        "end_km": 139.298
      },
      "geometry": {
        "type": "LineString",
        "coordinates": [
          [
            80.2905916,
            13.0806285
          ],
          [
            80.2904497,
            13.0801609
          ],
          [
            80.2904025,
            13.0799673
          ],
          [
            80.2899738,
            13.0786615
          ],
          [
            80.288967,
            13.075434
          ],
          [
            80.288501,
            13.0739492
          ],
          [
            80.2883488,
            13.0734809
          ],
          [
            80.2882334,
            13.0731125
          ]
        ]
      },
      "id": "way/217978770"
    },
    {
      "type": "Feature",
      "properties": {
        "start_km": 139.298,
        "end_km": 140.339
      },
      "geometry": {
        "type": "LineString",
        "coordinates": [
          [
            80.2882554,
            13.0733103
          ],
          [
            80.2883995,
            13.0737773
          ],
          [
            80.2891816,
            13.0762819
          ],
          [
            80.2896826,
            13.0778705
          ],
          [
            80.2900337,
            13.0790084
          ],
          [
            80.2903868,
            13.0800983
          ],
          [
            80.2905493,
            13.080717
          ],
          [
            80.2905766,
            13.0808719
          ],
          [
            80.2905681,
            13.0811508
          ],
          [
            80.2905296,
            13.081437
          ],
          [
            80.2905058,
            13.0816732
          ],
          [
            80.2904826,
            13.081872
          ],
          [
            80.2903749,
            13.0823704
          ]
        ]
      },
      "id": "way/217978771"
    },
    {
      "type": "Feature",
      "properties": {
        "start_km": 140.339,
        "end_km": 141.117
      },
      "geometry": {
        "type": "LineString",
        "coordinates": [
          [
            80.2912943,
            13.0871346
          ],
          [
            80.2914245,
            13.0877093
          ],
          [
            80.2916154,
            13.0884193
          ],
          [
            80.291824,
            13.089092
          ],
          [
            80.29223,
            13.0903888
          ],
          [
            80.2926871,
            13.0918933
          ],
          [
            80.2928561,
            13.0926803
          ],
          [
            80.2930488,
            13.0936258
          ],
          [
            80.2930767,
            13.0939312
          ]
        ]
      },
      "id": "way/217978773"
    },
    {
      "type": "Feature",
      "properties": {
        "start_km": 141.117,
        "end_km": 141.612
      },
      "geometry": {
        "type": "LineString",
        "coordinates": [
          [
            80.2735148,
            13.0988994
          ],
          [
            80.2733968,
            13.0983689
          ],
          [
            80.2731743,
            13.09744
          ],
          [
            80.2729919,
            13.0966824
          ],
          [
            80.272836,
            13.0960299
          ],
          [
            80.2727241,
            13.0955693
          ],
          [
            80.2726802,
            13.0953436
          ],
          [
            80.2726642,
            13.0950815
          ],
          [
            80.2726734,
            13.0947403
          ],
          [
            80.2727254,
            13.0945257
          ]
        ]
      },
      "id": "way/217978774"
    },
    {
      "type": "Feature",
      "properties": {
        "start_km": 141.612,
        "end_km": 142.133
      },
      "geometry": {
        "type": "LineString",
        "coordinates": [
          [
            80.2727594,
            13.1011631
          ],
          [
            80.2728073,
            13.1009921
          ],
          [
            80.2728224,
            13.1007133
          ],
          [
            80.2728243,
            13.1002619
          ],
          [
            80.2728167,
            13.0995996
          ],
          [
            80.2728054,
            13.0990511
          ],
          [
            80.2727828,
            13.0988364
          ],
          [
            80.2726924,
            13.0984053
          ],
          [
            80.2724494,
            13.0974311
          ],
          [
            80.2722705,
            13.0966899
          ],
          [
            80.272223,
            13.0965266
          ]
        ]
      },
      "id": "way/217978775"
    },
    {
      "type": "Feature",
      "properties": {
        "start_km": 142.133,
        "end_km": 142.712
      },
      "geometry": {
        "type": "LineString",
        "coordinates": [
          [
            80.2722554,
            13.0958616
          ],
          [
            80.2722968,
            13.0962055
          ],
          [
            80.2724174,
            13.0967376
          ],
          [
            80.2728017,
            13.0983264
          ],
          [
            80.2728883,
            13.0986676
          ],
          [
            80.272926,
            13.0989355
          ],
          [
            80.2729599,
            13.0993666
          ],
          [
            80.2729599,
            13.1003684
          ],
          [
            80.2729448,
            13.1005922
          ],
          [
            80.2729279,
            13.1007867
          ],
          [
            80.2728563,
            13.1010178
          ]
        ]
      },
      "id": "way/217978776"
    },
    {
      "type": "Feature",
      "properties": {
        "start_km": 142.712,
        "end_km": 143.3
      },
      "geometry": {
        "type": "LineString",
        "coordinates": [
          [
            80.2725253,
            13.0953097
          ],
          [
            80.27257,
            13.0957578
          ],
          [
            80.2726585,
            13.0962459
          ],
          [
            80.27299,
            13.0976219
          ],
          [
            80.2732443,
            13.0986493
          ],
          [
            80.2733272,
            13.0989942
          ],
          [
            80.2733668,
            13.0992199
          ],
          [
            80.2733799,
            13.0994877
          ],
          [
            80.2733611,
            13.0998987
          ],
          [
            80.2732952,
            13.1002087
          ],
          [
            80.2732162,
            13.1005134
          ]
        ]
      },
      "id": "way/217978777"
    },
    {
      "type": "Feature",
      "properties": {
        "start_km": 143.3,
        "end_km": 143.833
      },
      "geometry": {
        "type": "LineString",
        "coordinates": [
          [
            80.2728633,
            13.1008101
          ],
          [
            80.2729053,
            13.1005959
          ],
          [
            80.2729071,
            13.100383
          ],
          [
            80.2729147,
            13.0997171
          ],
          [
            80.2729034,
            13.0993465
          ],
          [
            80.2728958,
            13.0990676
          ],
          [
            80.2728695,
            13.0987961
          ],
          [
            80.2727847,
            13.0984199
          ],
          [
            80.2725304,
            13.0973999
          ],
          [
            80.2723948,
            13.0968256
          ],
          [
            80.2723175,
            13.0964624
          ],
          [
            80.2722422,
            13.0960716
          ]
        ]
      },
      "id": "way/217978778"
    },
    {
      "type": "Feature",
      "properties": {
        "start_km": 143.833,
        "end_km": 144.279
      },
      "geometry": {
        "type": "LineString",
        "coordinates": [
          [
            80.272816,
            13.0953462
          ],
          [
            80.2729985,
            13.0961713
          ],
          [
            80.2733009,
            13.0974167
          ],
          [
            80.2734381,
            13.0979732
          ],
          [
            80.2734687,
            13.0982366
          ],
          [
            80.273475,
            13.0984699
          ],
          [
            80.2734793,
            13.0986297
          ],
          [
            80.2735148,
            13.0988994
          ],
          [
            80.2735233,
            13.0989644
          ],
          [
            80.273518,
            13.0990436
          ],
          [
            80.2735087,
            13.0991836
          ],
          [
            80.2734956,
            13.0993075
          ]
        ]
      },
      "id": "way/217978779"
    },
    {
      "type": "Feature",
      "properties": {
        "start_km": 144.279,
        "end_km": 144.912
      },
      "geometry": {
        "type": "LineString",
        "coordinates": [
          [
            80.2722252,
            13.0969412
          ],
          [
            80.2724155,
            13.0976659
          ],
          [
            80.2725662,
            13.0983245
          ],
          [
            80.2726641,
            13.0987502
          ],
          [
            80.2727037,
            13.098985
          ],
          [
            80.2727188,
            13.0992804
          ],
          [
            80.2727188,
            13.0999189
          ],
          [
            80.2727207,
            13.1003904
          ],
          [
            80.272698,
            13.1006986
          ],
          [
            80.2726114,
            13.1010674
          ],
          [
            80.2724061,
            13.1018049
          ],
          [
            80.2722968,
            13.1022048
          ],
          [
            80.272273,
            13.1022687
          ],
          [
            80.2721739,
            13.1025341
          ]
        ]
      },
      "id": "way/217978780"
    },
    {
      "type": "Feature",
      "properties": {
        "start_km": 144.912,
        "end_km": 145.597
      },
      "geometry": {
        "type": "LineString",
        "coordinates": [
          [
            80.2724881,
            13.0950128
          ],
          [
            80.2724569,
            13.0953725
          ],
          [
            80.2724155,
            13.0956881
          ],
          [
            80.2725285,
            13.0963725
          ],
          [
            80.272779,
            13.0974127
          ],
          [
            80.2730936,
            13.098697
          ],
          [
            80.2731784,
            13.0990474
          ],
          [
            80.2732142,
            13.0994749
          ],
          [
            80.2731822,
            13.0999335
          ],
          [
            80.2731464,
            13.1002363
          ],
          [
            80.2730861,
            13.1006105
          ],
          [
            80.2730051,
            13.1008637
          ],
          [
            80.2729407,
            13.1010837
          ]
        ]
      },
      "id": "way/217978781"
    },
    {
      "type": "Feature",
      "properties": {
        "start_km": 145.597,
        "end_km": 145.982
      },
      "geometry": {
        "type": "LineString",
        "coordinates": [
          [
            80.2720888,
            13.0959153
          ],
          [
            80.2720738,
            13.0960859
          ],
          [
            80.2720559,
            13.0962669
          ],
          [
            80.2720097,
            13.0965409
          ],
          [
            80.2720151,
            13.0967568
          ],
          [
            80.2720069,
            13.0969229
          ],
          [
            80.2719852,
            13.097361
          ],
          [
            80.2719607,
            13.0976638
          ],
          [
            80.271844,
            13.0983389
          ],
          [
            80.2718015,
            13.0985699
          ],
          [
            80.2717667,
            13.0988801
          ],
          [
            80.2717441,
            13.0990765
          ],
          [
            80.2717441,
            13.0993792
          ]
        ]
      },
      "id": "way/217978782"
    },
    {
      "type": "Feature",
      "properties": {
        "start_km": 145.982,
        "end_km": 146.661
      },
      "geometry": {
        "type": "LineString",
        "coordinates": [
          [
            80.2731032,
            13.1008019
          ],
          [
            80.2731784,
            13.1004307
          ],
          [
            80.2732669,
            13.1000803
          ],
          [
            80.2733423,
            13.0996198
          ],
          [
            80.2733234,
            13.0992988
          ],
          [
            80.2732481,
            13.0988676
          ],
          [
            80.2728977,
            13.0974164
          ],
          [
            80.2725888,
            13.0961083
          ],
          [
            80.2725285,
            13.095778
          ],
          [
            80.2725134,
            13.095545
          ],
          [
            80.2725253,
            13.0953097
          ],
          [
            80.2725398,
            13.0950221
          ],
          [
            80.2725794,
            13.0947799
          ]
        ]
      },
      "id": "way/217978783"
    },
    {
      "type": "Feature",
      "properties": {
        "start_km": 146.661,
        "end_km": 147.323
      },
      "geometry": {
        "type": "LineString",
        "coordinates": [
          [
            80.2722668,
            13.0956808
          ],
          [
            80.2722554,
            13.0958616
          ],
          [
            80.2722422,
            13.0960716
          ],
          [
            80.2722573,
            13.0963725
          ],
          [
            80.2723533,
            13.0968091
          ],
          [
            80.2726962,
            13.09822
          ],
          [
            80.2728243,
            13.0987942
          ],
          [
            80.2728563,
            13.0991336
          ],
          [
            80.2728751,
            13.0998895
          ],
          [
            80.2728695,
            13.1006289
          ],
          [
            80.2728633,
            13.1008101
          ],
          [
            80.2728563,
            13.1010178
          ],
          [
            80.2727979,
            13.101271
          ],
          [
            80.2726768,
            13.1015653
          ]
        ]
      },
      "id": "way/217978784"
    },
    {
      "type": "Feature",
      "properties": {
        "start_km": 147.323,
        "end_km": 148.02
      },
      "geometry": {
        "type": "LineString",
        "coordinates": [
          [
            80.2729712,
            13.100794
          ],
          [
            80.2730409,
            13.1005335
          ],
          [
            80.2731068,
            13.1000088
          ],
          [
            80.2731501,
            13.0995868
          ],
          [
            80.2731351,
            13.099218
          ],
          [
            80.2730823,
            13.0989226
          ],
          [
            80.2728017,
            13.0977485
          ],
          [
            80.2725361,
            13.096633
          ],
          [
            80.2723872,
            13.0960018
          ],
          [
            80.2723571,
            13.0957798
          ],
          [
            80.2723741,
            13.0954955
          ],
          [
            80.2724155,
            13.0951983
          ],
          [
            80.2724881,
            13.0950128
          ],
          [
            80.2725794,
            13.0947799
          ],
          [
            80.2726292,
            13.0946318
          ]
        ]
      },
      "id": "way/217978786"
    },
    {
      "type": "Feature",
      "properties": {
        "start_km": 148.02,
        "end_km": 148.724
      },
      "geometry": {
        "type": "LineString",
        "coordinates": [
          [
            80.2720081,
            13.1025201
          ],
          [
            80.2720689,
            13.1022298
          ],
          [
            80.2720885,
            13.102136
          ],
          [
            80.2721439,
            13.1019444
          ],
          [
            80.2722003,
            13.1017528
          ],
          [
            80.2722566,
            13.1015564
          ],
          [
            80.272309,
            13.1013599
          ],
          [
            80.2723634,
            13.1011645
          ],
          [
            80.2724207,
            13.1009681
          ],
          [
            80.2724672,
            13.1007678
          ],
          [
            80.2724988,
            13.1005714
          ],
          [
            80.2725126,
            13.1003682
          ],
          [
            80.2725126,
            13.100167
          ],
          [
            80.2725315,
            13.0991957
          ],
          [
            80.2725255,
            13.0989711
          ],
          [
            80.2724957,
            13.0987701
          ],
          [
            80.2724504,
            13.0985686
          ],
          [
            80.2724019,
            13.0983761
          ],
          [
            80.2723564,
            13.0981777
          ],
          [
            80.272307,
            13.0979832
          ],
          [
            80.2722566,
            13.0977839
          ],
          [
            80.2721887,
            13.0975078
          ],
          [
            80.2721485,
            13.0973696
          ],
          [
            80.2721143,
            13.0972094
          ],
          [
            80.2720899,
            13.0970333
          ],
          [
            80.2720662,
            13.0968125
          ],
          [
            80.2720719,
            13.0965483
          ],
          [
            80.2720559,
            13.0962669
          ]
        ]
      },
      "id": "way/217978787"
    },
    {
      "type": "Feature",
      "properties": {
        "start_km": 148.724,
        "end_km": 149.389
      },
      "geometry": {
        "type": "LineString",
        "coordinates": [
          [
            80.2727979,
            13.101271
          ],
          [
            80.2728789,
            13.101071
          ],
          [
            80.2729712,
            13.100794
          ],
          [
            80.2729938,
            13.1005812
          ],
          [
            80.2730032,
            13.1003041
          ],
          [
            80.2730013,
            13.0991923
          ],
          [
            80.2729938,
            13.0990254
          ],
          [
            80.2729618,
            13.0987685
          ],
          [
            80.2728657,
            13.0983466
          ],
          [
            80.2725907,
            13.0972421
          ],
          [
            80.2724362,
            13.0966091
          ],
          [
            80.2723571,
            13.0962495
          ],
          [
            80.2723326,
            13.096033
          ],
          [
            80.272327,
            13.0956569
          ],
          [
            80.2723198,
            13.095363
          ]
        ]
      },
      "id": "way/217978788"
    },
    {
      "type": "Feature",
      "properties": {
        "start_km": 149.389,
        "end_km": 150.147
      },
      "geometry": {
        "type": "LineString",
        "coordinates": [
          [
            80.2720628,
            13.1027093
          ],
          [
            80.2722064,
            13.1023314
          ],
          [
            80.2722262,
            13.1022598
          ],
          [
            80.2723628,
            13.1017664
          ],
          [
            80.2726001,
            13.1009279
          ],
          [
            80.2726717,
            13.1004913
          ],
          [
            80.2726811,
            13.1002161
          ],
          [
            80.2726773,
            13.0993391
          ],
          [
            80.2726679,
            13.0990547
          ],
          [
            80.2726284,
            13.0987814
          ],
          [
            80.2725361,
            13.0983667
          ],
          [
            80.2723703,
            13.0976916
          ],
          [
            80.2722629,
            13.0972751
          ],
          [
            80.2722252,
            13.0969412
          ],
          [
            80.2721914,
            13.0967777
          ],
          [
            80.2721617,
            13.0966044
          ],
          [
            80.2721498,
            13.0964465
          ],
          [
            80.2721537,
            13.0963046
          ],
          [
            80.2722119,
            13.0960051
          ]
        ]
      },
      "id": "way/217978789"
    },
    {
      "type": "Feature",
      "properties": {
        "start_km": 150.147,
        "end_km": 150.221
      },
      "geometry": {
        "type": "LineString",
        "coordinates": [
          [
            80.2716972,
            13.1045871
          ],
          [
            80.2718202,
            13.1052505
          ]
        ]
      },
      "id": "way/217978790"
    },
    {
      "type": "Feature",
      "properties": {
        "start_km": 150.221,
        "end_km": 150.295
      },
      "geometry": {
        "type": "LineString",
        "coordinates": [
          [
            80.2716458,
            13.1046041
          ],
          [
            80.2718669,
            13.1052352
          ]
        ]
      },
      "id": "way/217978792"
    },
    {
      "type": "Feature",
      "properties": {
        "start_km": 150.295,
        "end_km": 150.46
      },
      "geometry": {
        "type": "LineString",
        "coordinates": [
          [
            80.2721943,
            13.0990086
          ],
          [
            80.2721857,
            13.0987948
          ],
          [
            80.2721661,
            13.0983408
          ],
          [
            80.2721485,
            13.0978549
          ],
          [
            80.2721225,
            13.0976995
          ],
          [
            80.2720826,
            13.0975281
          ]
        ]
      },
      "id": "way/217978794"
    },
    {
      "type": "Feature",
      "properties": {
        "start_km": 150.46,
        "end_km": 150.549
      },
      "geometry": {
        "type": "LineString",
        "coordinates": [
          [
            80.2750226,
            13.0880603
          ],
          [
            80.2749287,
            13.0884756
          ],
          [
            80.2748171,
            13.0888403
          ]
        ]
      },
      "id": "way/217978795"
    },
    {
      "type": "Feature",
      "properties": {
        "start_km": 150.549,
        "end_km": 150.674
      },
      "geometry": {
        "type": "LineString",
        "coordinates": [
          [
            80.2723407,
            13.0983259
          ],
          [
            80.2722674,
            13.0980833
          ],
          [
            80.2721472,
            13.0976252
          ],
          [
            80.272068,
            13.0972239
          ]
        ]
      },
      "id": "way/217978796"
    },
    {
      "type": "Feature",
      "properties": {
        "start_km": 150.674,
        "end_km": 150.916
      },
      "geometry": {
        "type": "LineString",
        "coordinates": [
          [
            80.2934754,
            13.1032614
          ],
          [
            80.2923737,
            13.1039684
          ],
          [
            80.2922171,
            13.1040491
          ],
          [
            80.2919956,
            13.1041339
          ],
          [
            80.2918306,
            13.104194
          ],
          [
            80.2915443,
            13.1043327
          ]
        ]
      },
      "id": "way/217978797"
    },
    {
      "type": "Feature",
      "properties": {
        "start_km": 150.916,
        "end_km": 151.103
      },
      "geometry": {
        "type": "LineString",
        "coordinates": [
          [
            80.2721039,
            13.100702
          ],
          [
            80.2721322,
            13.1002561
          ],
          [
            80.2721359,
            13.0995645
          ],
          [
            80.2721322,
            13.0990122
          ]
        ]
      },
      "id": "way/217978800"
    },
    {
      "type": "Feature",
      "properties": {
        "start_km": 151.103,
        "end_km": 151.318
      },
      "geometry": {
        "type": "LineString",
        "coordinates": [
          [
            80.272128,
            13.1009505
          ],
          [
            80.2721811,
            13.1004396
          ],
          [
            80.2722019,
            13.1001461
          ],
          [
            80.2721943,
            13.0990086
          ]
        ]
      },
      "id": "way/217978801"
    },
    {
      "type": "Feature",
      "properties": {
        "start_km": 151.318,
        "end_km": 151.396
      },
      "geometry": {
        "type": "LineString",
        "coordinates": [
          [
            80.2728293,
            13.107331
          ],
          [
            80.2725026,
            13.1067001
          ]
        ]
      },
      "id": "way/217978802"
    },
    {
      "type": "Feature",
      "properties": {
        "start_km": 151.396,
        "end_km": 151.585
      },
      "geometry": {
        "type": "LineString",
        "coordinates": [
          [
            80.2736583,
            13.0980931
          ],
          [
            80.2735553,
            13.0976697
          ],
          [
            80.2733874,
            13.0970145
          ],
          [
            80.2732369,
            13.0964385
          ]
        ]
      },
      "id": "way/217978804"
    },
    {
      "type": "Feature",
      "properties": {
        "start_km": 151.585,
        "end_km": 151.746
      },
      "geometry": {
        "type": "LineString",
        "coordinates": [
          [
            80.2737109,
            13.0977963
          ],
          [
            80.2736352,
            13.0973791
          ],
          [
            80.2735326,
            13.0969951
          ],
          [
            80.2733928,
            13.0963788
          ]
        ]
      },
      "id": "way/217978806"
    },
    {
      "type": "Feature",
      "properties": {
        "start_km": 151.746,
        "end_km": 151.93
      },
      "geometry": {
        "type": "LineString",
        "coordinates": [
          [
            80.2720069,
            13.0969229
          ],
          [
            80.2718797,
            13.0976839
          ],
          [
            80.2718176,
            13.0981995
          ],
          [
            80.2718015,
            13.0985699
          ]
        ]
      },
      "id": "way/217978809"
    },
    {
      "type": "Feature",
      "properties": {
        "start_km": 151.93,
        "end_km": 152.117
      },
      "geometry": {
        "type": "LineString",
        "coordinates": [
          [
            80.2733382,
            13.0964074
          ],
          [
            80.2735579,
            13.0973596
          ],
          [
            80.2736525,
            13.0977501
          ],
          [
            80.2736835,
            13.0980694
          ]
        ]
      },
      "id": "way/217978810"
    },
    {
      "type": "Feature",
      "properties": {
        "start_km": 152.117,
        "end_km": 152.25
      },
      "geometry": {
        "type": "LineString",
        "coordinates": [
          [
            80.273671,
            13.0981876
          ],
          [
            80.2736583,
            13.0980931
          ],
          [
            80.2736259,
            13.0978513
          ],
          [
            80.2735646,
            13.0975503
          ],
          [
            80.2734394,
            13.097008
          ]
        ]
      },
      "id": "way/217978811"
    },
    {
      "type": "Feature",
      "properties": {
        "start_km": 152.25,
        "end_km": 152.55
      },
      "geometry": {
        "type": "LineString",
        "coordinates": [
          [
            80.2721088,
            13.1016853
          ],
          [
            80.2722452,
            13.1010762
          ],
          [
            80.2723695,
            13.1005534
          ],
          [
            80.2723827,
            13.1003332
          ],
          [
            80.2723902,
            13.0990067
          ]
        ]
      },
      "id": "way/217978812"
    },
    {
      "type": "Feature",
      "properties": {
        "start_km": 152.55,
        "end_km": 152.943
      },
      "geometry": {
        "type": "LineString",
        "coordinates": [
          [
            80.271771,
            13.0978611
          ],
          [
            80.2717969,
            13.097328
          ],
          [
            80.2718948,
            13.0966272
          ],
          [
            80.2719607,
            13.0961667
          ],
          [
            80.2719702,
            13.0959905
          ],
          [
            80.2720241,
            13.0956444
          ],
          [
            80.2722012,
            13.0951545
          ],
          [
            80.2723822,
            13.0947979
          ],
          [
            80.2726049,
            13.094459
          ]
        ]
      },
      "id": "way/217978813"
    },
    {
      "type": "Feature",
      "properties": {
        "start_km": 152.943,
        "end_km": 153.251
      },
      "geometry": {
        "type": "LineString",
        "coordinates": [
          [
            80.2734687,
            13.0982366
          ],
          [
            80.2733328,
            13.0977254
          ],
          [
            80.2730944,
            13.096746
          ],
          [
            80.2729013,
            13.0959351
          ],
          [
            80.2728014,
            13.095533
          ]
        ]
      },
      "id": "way/217978814"
    },
    {
      "type": "Feature",
      "properties": {
        "start_km": 153.251,
        "end_km": 153.528
      },
      "geometry": {
        "type": "LineString",
        "coordinates": [
          [
            80.2721059,
            13.1015038
          ],
          [
            80.2722226,
            13.1008157
          ],
          [
            80.2722847,
            13.1003699
          ],
          [
            80.2722866,
            13.0995718
          ],
          [
            80.2722772,
            13.0990141
          ]
        ]
      },
      "id": "way/217978815"
    },
    {
      "type": "Feature",
      "properties": {
        "start_km": 153.528,
        "end_km": 154.095
      },
      "geometry": {
        "type": "LineString",
        "coordinates": [
          [
            80.2754043,
            13.0835056
          ],
          [
            80.2753618,
            13.0837745
          ],
          [
            80.2751112,
            13.0852712
          ],
          [
            80.2748033,
            13.0871169
          ],
          [
            80.2746724,
            13.0878721
          ],
          [
            80.2746333,
            13.0881638
          ],
          [
            80.2745963,
            13.0885713
          ]
        ]
      },
      "id": "way/217978818"
    },
    {
      "type": "Feature",
      "properties": {
        "start_km": 154.095,
        "end_km": 154.28
      },
      "geometry": {
        "type": "LineString",
        "coordinates": [
          [
            80.2718176,
            13.0981995
          ],
          [
            80.27181,
            13.0978417
          ],
          [
            80.2718571,
            13.0975133
          ],
          [
            80.2719363,
            13.0969336
          ],
          [
            80.2719778,
            13.0966516
          ],
          [
            80.2720097,
            13.0965409
          ]
        ]
      },
      "id": "way/217978819"
    },
    {
      "type": "Feature",
      "properties": {
        "start_km": 154.28,
        "end_km": 154.525
      },
      "geometry": {
        "type": "LineString",
        "coordinates": [
          [
            80.2721106,
            13.1018038
          ],
          [
            80.2721943,
            13.1015184
          ],
          [
            80.2723469,
            13.1009331
          ],
          [
            80.2724467,
            13.1005387
          ],
          [
            80.2724693,
            13.1002158
          ],
          [
            80.2724561,
            13.0996324
          ]
        ]
      },
      "id": "way/217978820"
    },
    {
      "type": "Feature",
      "properties": {
        "start_km": 154.525,
        "end_km": 154.769
      },
      "geometry": {
        "type": "LineString",
        "coordinates": [
          [
            80.2720662,
            13.0968125
          ],
          [
            80.2720587,
            13.0970381
          ],
          [
            80.272068,
            13.0972239
          ],
          [
            80.2720813,
            13.0974876
          ],
          [
            80.2720826,
            13.0975281
          ],
          [
            80.2721096,
            13.0983426
          ],
          [
            80.2721322,
            13.0990122
          ]
        ]
      },
      "id": "way/217978821"
    },
    {
      "type": "Feature",
      "properties": {
        "start_km": 154.769,
        "end_km": 155.095
      },
      "geometry": {
        "type": "LineString",
        "coordinates": [
          [
            80.2735593,
            13.0982054
          ],
          [
            80.2734301,
            13.0977241
          ],
          [
            80.2731916,
            13.0967395
          ],
          [
            80.2729892,
            13.0959222
          ],
          [
            80.2728946,
            13.0955096
          ],
          [
            80.2728587,
            13.0953436
          ]
        ]
      },
      "id": "way/217978822"
    },
    {
      "type": "Feature",
      "properties": {
        "start_km": 155.095,
        "end_km": 155.408
      },
      "geometry": {
        "type": "LineString",
        "coordinates": [
          [
            80.2742133,
            13.0907792
          ],
          [
            80.2742677,
            13.0903702
          ],
          [
            80.2743141,
            13.0895699
          ],
          [
            80.2743195,
            13.0894008
          ],
          [
            80.2743047,
            13.0891203
          ],
          [
            80.2742597,
            13.0887215
          ],
          [
            80.2742053,
            13.0879595
          ]
        ]
      },
      "id": "way/217978823"
    },
    {
      "type": "Feature",
      "properties": {
        "start_km": 155.408,
        "end_km": 155.665
      },
      "geometry": {
        "type": "LineString",
        "coordinates": [
          [
            80.2936967,
            13.1026645
          ],
          [
            80.2933417,
            13.1029168
          ],
          [
            80.2931053,
            13.1030601
          ],
          [
            80.2924098,
            13.103503
          ],
          [
            80.2921554,
            13.1036768
          ],
          [
            80.2919741,
            13.1038433
          ],
          [
            80.2917894,
            13.1040395
          ]
        ]
      },
      "id": "way/217978824"
    },
    {
      "type": "Feature",
      "properties": {
        "start_km": 155.665,
        "end_km": 156.049
      },
      "geometry": {
        "type": "LineString",
        "coordinates": [
          [
            80.2915296,
            13.1043069
          ],
          [
            80.2917514,
            13.1041192
          ],
          [
            80.2920736,
            13.1038417
          ],
          [
            80.2924378,
            13.1035471
          ],
          [
            80.293381,
            13.1029538
          ],
          [
            80.2937931,
            13.1026579
          ],
          [
            80.2940742,
            13.1025039
          ],
          [
            80.2943021,
            13.1024355
          ],
          [
            80.294446,
            13.1023873
          ]
        ]
      },
      "id": "way/217978827"
    },
    {
      "type": "Feature",
      "properties": {
        "start_km": 156.049,
        "end_km": 156.301
      },
      "geometry": {
        "type": "LineString",
        "coordinates": [
          [
            80.274352,
            13.0889962
          ],
          [
            80.274374,
            13.0893948
          ],
          [
            80.2743738,
            13.0895635
          ],
          [
            80.2743101,
            13.090374
          ],
          [
            80.2742857,
            13.0905841
          ],
          [
            80.2742301,
            13.0908799
          ],
          [
            80.2741742,
            13.0910546
          ],
          [
            80.2741296,
            13.0911582
          ],
          [
            80.2740971,
            13.0912382
          ]
        ]
      },
      "id": "way/217978828"
    },
    {
      "type": "Feature",
      "properties": {
        "start_km": 156.301,
        "end_km": 156.78
      },
      "geometry": {
        "type": "LineString",
        "coordinates": [
          [
            80.2727725,
            13.0942259
          ],
          [
            80.2727254,
            13.0945257
          ],
          [
            80.2727135,
            13.0947581
          ],
          [
            80.2727015,
            13.0950218
          ],
          [
            80.2727641,
            13.0955472
          ],
          [
            80.2729945,
            13.0965086
          ],
          [
            80.2732756,
            13.0976502
          ],
          [
            80.273475,
            13.0984699
          ]
        ]
      },
      "id": "way/217978829"
    },
    {
      "type": "Feature",
      "properties": {
        "start_km": 156.78,
        "end_km": 157.2
      },
      "geometry": {
        "type": "LineString",
        "coordinates": [
          [
            80.273518,
            13.0990436
          ],
          [
            80.2734128,
            13.0986102
          ],
          [
            80.2731903,
            13.0976748
          ],
          [
            80.2729532,
            13.0967071
          ],
          [
            80.2727455,
            13.0958804
          ],
          [
            80.2726871,
            13.095541
          ],
          [
            80.2726802,
            13.0953436
          ]
        ]
      },
      "id": "way/217978830"
    },
    {
      "type": "Feature",
      "properties": {
        "start_km": 157.2,
        "end_km": 157.588
      },
      "geometry": {
        "type": "LineString",
        "coordinates": [
          [
            80.2728627,
            13.0951036
          ],
          [
            80.2729332,
            13.0955096
          ],
          [
            80.2731477,
            13.0963853
          ],
          [
            80.2733675,
            13.0973038
          ],
          [
            80.2735047,
            13.0978837
          ],
          [
            80.2735593,
            13.0982054
          ],
          [
            80.2736092,
            13.0985347
          ]
        ]
      },
      "id": "way/217978832"
    },
    {
      "type": "Feature",
      "properties": {
        "start_km": 157.588,
        "end_km": 158.255
      },
      "geometry": {
        "type": "LineString",
        "coordinates": [
          [
            80.2745069,
            13.0894343
          ],
          [
            80.2745403,
            13.0890547
          ],
          [
            80.2745541,
            13.0887077
          ],
          [
            80.2745364,
            13.0877251
          ],
          [
            80.2745974,
            13.0870255
          ],
          [
            80.274806,
            13.0857582
          ],
          [
            80.2751567,
            13.0835267
          ],
          [
            80.2751684,
            13.0834521
          ]
        ]
      },
      "id": "way/217978833"
    },
    {
      "type": "Feature",
      "properties": {
        "start_km": 158.255,
        "end_km": 158.802
      },
      "geometry": {
        "type": "LineString",
        "coordinates": [
          [
            80.2758876,
            13.0830729
          ],
          [
            80.2758095,
            13.0835516
          ],
          [
            80.2756929,
            13.0842854
          ],
          [
            80.2755008,
            13.0854305
          ],
          [
            80.2752978,
            13.0866842
          ],
          [
            80.2752144,
            13.0872226
          ],
          [
            80.27517,
            13.0874051
          ],
          [
            80.2749756,
            13.0879276
          ]
        ]
      },
      "id": "way/217978834"
    },
    {
      "type": "Feature",
      "properties": {
        "start_km": 158.802,
        "end_km": 159.266
      },
      "geometry": {
        "type": "LineString",
        "coordinates": [
          [
            80.2726642,
            13.0950815
          ],
          [
            80.2726442,
            13.0952982
          ],
          [
            80.2726442,
            13.0956381
          ],
          [
            80.2727428,
            13.0960415
          ],
          [
            80.2731131,
            13.0975646
          ],
          [
            80.2733635,
            13.0986167
          ],
          [
            80.2734394,
            13.0989242
          ],
          [
            80.2734595,
            13.0991828
          ]
        ]
      },
      "id": "way/217978835"
    },
    {
      "type": "Feature",
      "properties": {
        "start_km": 159.266,
        "end_km": 159.916
      },
      "geometry": {
        "type": "LineString",
        "coordinates": [
          [
            80.2757235,
            13.0827759
          ],
          [
            80.2756071,
            13.0835318
          ],
          [
            80.275558,
            13.0838541
          ],
          [
            80.2753618,
            13.0850815
          ],
          [
            80.2751711,
            13.0862093
          ],
          [
            80.2750186,
            13.0871434
          ],
          [
            80.2749232,
            13.0877113
          ],
          [
            80.2748687,
            13.0881293
          ],
          [
            80.2748118,
            13.0885821
          ]
        ]
      },
      "id": "way/217978836"
    },
    {
      "type": "Feature",
      "properties": {
        "start_km": 159.916,
        "end_km": 160.61
      },
      "geometry": {
        "type": "LineString",
        "coordinates": [
          [
            80.2749519,
            13.083431
          ],
          [
            80.2749403,
            13.0835001
          ],
          [
            80.2748728,
            13.0839006
          ],
          [
            80.2746181,
            13.0854743
          ],
          [
            80.2744287,
            13.0866711
          ],
          [
            80.2743892,
            13.0870784
          ],
          [
            80.2743892,
            13.0879183
          ],
          [
            80.2744419,
            13.0893076
          ],
          [
            80.2744403,
            13.0896541
          ]
        ]
      },
      "id": "way/217978837"
    },
    {
      "type": "Feature",
      "properties": {
        "start_km": 160.61,
        "end_km": 161.024
      },
      "geometry": {
        "type": "LineString",
        "coordinates": [
          [
            80.2736176,
            13.0987411
          ],
          [
            80.2736092,
            13.0985347
          ],
          [
            80.2735979,
            13.0982573
          ],
          [
            80.2735699,
            13.0980251
          ],
          [
            80.273514,
            13.0977254
          ],
          [
            80.273177,
            13.0963321
          ],
          [
            80.2729679,
            13.0954824
          ],
          [
            80.2728973,
            13.095075
          ]
        ]
      },
      "id": "way/217978838"
    },
    {
      "type": "Feature",
      "properties": {
        "start_km": 161.024,
        "end_km": 161.523
      },
      "geometry": {
        "type": "LineString",
        "coordinates": [
          [
            80.2733494,
            13.1001736
          ],
          [
            80.2734025,
            13.099829
          ],
          [
            80.2734176,
            13.099429
          ],
          [
            80.2733969,
            13.0991648
          ],
          [
            80.2733065,
            13.0987392
          ],
          [
            80.2729674,
            13.097321
          ],
          [
            80.2727979,
            13.0966495
          ],
          [
            80.2726566,
            13.0960165
          ],
          [
            80.27257,
            13.0957578
          ]
        ]
      },
      "id": "way/217978839"
    },
    {
      "type": "Feature",
      "properties": {
        "start_km": 161.523,
        "end_km": 162.176
      },
      "geometry": {
        "type": "LineString",
        "coordinates": [
          [
            80.2462592,
            13.0750074
          ],
          [
            80.2465279,
            13.0750867
          ],
          [
            80.2468789,
            13.0751579
          ],
          [
            80.2474592,
            13.0752745
          ],
          [
            80.2481561,
            13.0754391
          ],
          [
            80.2488441,
            13.0756153
          ],
          [
            80.2496133,
            13.0758156
          ],
          [
            80.2496755,
            13.0758407
          ],
          [
            80.2505079,
            13.0760506
          ],
          [
            80.2511317,
            13.0762085
          ],
          [
            80.2517347,
            13.076351
          ],
          [
            80.2520943,
            13.0764299
          ]
        ]
      },
      "id": "way/235810833"
    },
    {
      "type": "Feature",
      "properties": {
        "start_km": 162.176,
        "end_km": 162.759
      },
      "geometry": {
        "type": "LineString",
        "coordinates": [
          [
            80.2517368,
            13.0763981
          ],
          [
            80.2514678,
            13.0763327
          ],
          [
            80.2511475,
            13.0762538
          ],
          [
            80.2501431,
            13.0760034
          ],
          [
            80.2491951,
            13.0757559
          ],
          [
            80.2483924,
            13.0755431
          ],
          [
            80.2477498,
            13.0753939
          ],
          [
            80.2468512,
            13.0751868
          ],
          [
            80.2465279,
            13.0750867
          ]
        ]
      },
      "id": "way/235810834"
    },
    {
      "type": "Feature",
      "properties": {
        "start_km": 162.759,
        "end_km": 163.246
      },
      "geometry": {
        "type": "LineString",
        "coordinates": [
          [
            80.246769,
            13.0750913
          ],
          [
            80.2470954,
            13.0751127
          ],
          [
            80.2475709,
            13.0752003
          ],
          [
            80.2479001,
            13.0752706
          ],
          [
            80.2482322,
            13.0753486
          ],
          [
            80.2488046,
            13.0754969
          ],
          [
            80.2496795,
            13.0757261
          ],
          [
            80.2504842,
            13.0759379
          ],
          [
            80.2509613,
            13.0760614
          ],
          [
            80.2511297,
            13.076109
          ]
        ]
      },
      "id": "way/235814791"
    },
    {
      "type": "Feature",
      "properties": {
        "start_km": 163.246,
        "end_km": 164.115
      },
      "geometry": {
        "type": "LineString",
        "coordinates": [
          [
            80.2459413,
            13.074958
          ],
          [
            80.2462592,
            13.0750074
          ],
          [
            80.2465335,
            13.07505
          ],
          [
            80.246769,
            13.0750913
          ],
          [
            80.2473124,
            13.075191
          ],
          [
            80.2478093,
            13.0753037
          ],
          [
            80.2486023,
            13.0755082
          ],
          [
            80.2503434,
            13.0759487
          ],
          [
            80.2511963,
            13.076139
          ],
          [
            80.2516668,
            13.0762415
          ],
          [
            80.251902,
            13.0762927
          ],
          [
            80.2518809,
            13.0762865
          ],
          [
            80.2523001,
            13.0764006
          ],
          [
            80.2529806,
            13.0765792
          ],
          [
            80.2536966,
            13.0767297
          ]
        ]
      },
      "id": "way/235814793"
    },
    {
      "type": "Feature",
      "properties": {
        "start_km": 164.115,
        "end_km": 164.818
      },
      "geometry": {
        "type": "LineString",
        "coordinates": [
          [
            80.2456209,
            13.0748229
          ],
          [
            80.2464524,
            13.0749019
          ],
          [
            80.2467837,
            13.0749125
          ],
          [
            80.2472524,
            13.0749724
          ],
          [
            80.2478199,
            13.0750887
          ],
          [
            80.2483027,
            13.0752015
          ],
          [
            80.2505654,
            13.0758077
          ],
          [
            80.2509813,
            13.0759628
          ],
          [
            80.251902,
            13.0762927
          ]
        ]
      },
      "id": "way/235814797"
    },
    {
      "type": "Feature",
      "properties": {
        "start_km": 164.818,
        "end_km": 165.293
      },
      "geometry": {
        "type": "LineString",
        "coordinates": [
          [
            80.2452904,
            13.0747872
          ],
          [
            80.2456209,
            13.0748229
          ],
          [
            80.2458697,
            13.0748026
          ],
          [
            80.2460488,
            13.0747671
          ],
          [
            80.2462874,
            13.0747565
          ],
          [
            80.2466039,
            13.0747275
          ],
          [
            80.2471079,
            13.0747081
          ],
          [
            80.2475837,
            13.0747539
          ],
          [
            80.248197,
            13.0748914
          ],
          [
            80.2495962,
            13.0752509
          ]
        ]
      },
      "id": "way/235814798"
    },
    {
      "type": "Feature",
      "properties": {
        "start_km": 165.293,
        "end_km": 165.966
      },
      "geometry": {
        "type": "LineString",
        "coordinates": [
          [
            80.2456459,
            13.0748779
          ],
          [
            80.2459346,
            13.0749114
          ],
          [
            80.2464664,
            13.0749338
          ],
          [
            80.2470352,
            13.0749859
          ],
          [
            80.2475374,
            13.0750672
          ],
          [
            80.24844,
            13.0752845
          ],
          [
            80.2493779,
            13.0755271
          ],
          [
            80.2500901,
            13.0757076
          ],
          [
            80.2506015,
            13.0758499
          ],
          [
            80.2508741,
            13.0759464
          ],
          [
            80.2510841,
            13.0760252
          ],
          [
            80.2516668,
            13.0762415
          ]
        ]
      },
      "id": "way/235814800"
    },
    {
      "type": "Feature",
      "properties": {
        "start_km": 165.966,
        "end_km": 166.533
      },
      "geometry": {
        "type": "LineString",
        "coordinates": [
          [
            80.2460488,
            13.0747671
          ],
          [
            80.2467978,
            13.0748103
          ],
          [
            80.2473159,
            13.0748773
          ],
          [
            80.2477556,
            13.0749867
          ],
          [
            80.2479644,
            13.0750253
          ],
          [
            80.2491816,
            13.0753565
          ],
          [
            80.2502764,
            13.075628
          ],
          [
            80.2506216,
            13.0757309
          ],
          [
            80.2507501,
            13.0757559
          ],
          [
            80.2509567,
            13.0757752
          ],
          [
            80.2511515,
            13.0757569
          ]
        ]
      },
      "id": "way/235814801"
    },
    {
      "type": "Feature",
      "properties": {
        "start_km": 166.533,
        "end_km": 166.91
      },
      "geometry": {
        "type": "LineString",
        "coordinates": [
          [
            80.2462874,
            13.0747565
          ],
          [
            80.2467873,
            13.0747737
          ],
          [
            80.2471147,
            13.0748092
          ],
          [
            80.2476039,
            13.0748956
          ],
          [
            80.2479469,
            13.0749782
          ],
          [
            80.2484896,
            13.0751205
          ],
          [
            80.2489953,
            13.0752478
          ],
          [
            80.2496805,
            13.0754191
          ]
        ]
      },
      "id": "way/235814803"
    },
    {
      "type": "Feature",
      "properties": {
        "start_km": 166.91,
        "end_km": 167.34
      },
      "geometry": {
        "type": "LineString",
        "coordinates": [
          [
            80.2474964,
            13.0753794
          ],
          [
            80.2479417,
            13.0755198
          ],
          [
            80.2486679,
            13.0757115
          ],
          [
            80.2498334,
            13.0760178
          ],
          [
            80.2508633,
            13.0762704
          ],
          [
            80.2513417,
            13.0763434
          ]
        ]
      },
      "id": "way/235815334"
    },
    {
      "type": "Feature",
      "properties": {
        "start_km": 167.34,
        "end_km": 167.408
      },
      "geometry": {
        "type": "LineString",
        "coordinates": [
          [
            80.2104911,
            13.1100923
          ],
          [
            80.2111043,
            13.1099736
          ]
        ]
      },
      "id": "way/235817917"
    },
    {
      "type": "Feature",
      "properties": {
        "start_km": 167.408,
        "end_km": 167.5
      },
      "geometry": {
        "type": "LineString",
        "coordinates": [
          [
            80.2112729,
            13.1099492
          ],
          [
            80.2121045,
            13.10981
          ]
        ]
      },
      "id": "way/235817919"
    },
    {
      "type": "Feature",
      "properties": {
        "start_km": 167.5,
        "end_km": 168.304
      },
      "geometry": {
        "type": "LineString",
        "coordinates": [
          [
            80.2137016,
            13.1095526
          ],
          [
            80.2141111,
            13.1095401
          ],
          [
            80.2144617,
            13.1095433
          ],
          [
            80.2147023,
            13.1095271
          ],
          [
            80.215806,
            13.1093898
          ],
          [
            80.2202396,
            13.1088817
          ],
          [
            80.2203331,
            13.1088615
          ],
          [
            80.2206214,
            13.1087932
          ],
          [
            80.2210582,
            13.1086958
          ]
        ]
      },
      "id": "way/235818293"
    },
    {
      "type": "Feature",
      "properties": {
        "start_km": 168.304,
        "end_km": 169.015
      },
      "geometry": {
        "type": "LineString",
        "coordinates": [
          [
            80.2206214,
            13.1087932
          ],
          [
            80.2198435,
            13.1088836
          ],
          [
            80.2157919,
            13.1093555
          ],
          [
            80.2141111,
            13.1095401
          ]
        ]
      },
      "id": "way/235818294"
    },
    {
      "type": "Feature",
      "properties": {
        "start_km": 169.015,
        "end_km": 170.028
      },
      "geometry": {
        "type": "LineString",
        "coordinates": [
          [
            80.2294258,
            13.1030944
          ],
          [
            80.2290145,
            13.1031429
          ],
          [
            80.2288418,
            13.1031655
          ],
          [
            80.2287083,
            13.1031949
          ],
          [
            80.2285712,
            13.10324
          ],
          [
            80.2284573,
            13.1032799
          ],
          [
            80.228322,
            13.1033458
          ],
          [
            80.2282063,
            13.103403
          ],
          [
            80.2280634,
            13.10348
          ],
          [
            80.2278968,
            13.1035855
          ],
          [
            80.227697,
            13.1037721
          ],
          [
            80.2269639,
            13.1044569
          ],
          [
            80.2261215,
            13.1053033
          ],
          [
            80.2259076,
            13.1055276
          ],
          [
            80.2254574,
            13.1059745
          ],
          [
            80.2249655,
            13.1064628
          ],
          [
            80.2245207,
            13.1068628
          ],
          [
            80.2239148,
            13.1074153
          ],
          [
            80.223649,
            13.1076861
          ],
          [
            80.2234375,
            13.1078832
          ],
          [
            80.2232077,
            13.1080517
          ],
          [
            80.2228892,
            13.1082212
          ],
          [
            80.2226622,
            13.1083144
          ],
          [
            80.2224041,
            13.1083973
          ],
          [
            80.2221287,
            13.1084609
          ]
        ]
      },
      "id": "way/235818295"
    },
    {
      "type": "Feature",
      "properties": {
        "start_km": 170.028,
        "end_km": 170.443
      },
      "geometry": {
        "type": "LineString",
        "coordinates": [
          [
            80.2163449,
            13.1091645
          ],
          [
            80.2167803,
            13.1090969
          ],
          [
            80.2197483,
            13.1087601
          ],
          [
            80.2201495,
            13.1087246
          ]
        ]
      },
      "id": "way/235818465"
    },
    {
      "type": "Feature",
      "properties": {
        "start_km": 170.443,
        "end_km": 171.785
      },
      "geometry": {
        "type": "LineString",
        "coordinates": [
          [
            80.2311868,
            13.0538204
          ],
          [
            80.2313304,
            13.054769
          ],
          [
            80.2314213,
            13.0553497
          ],
          [
            80.2315014,
            13.0558861
          ],
          [
            80.2315074,
            13.0559371
          ],
          [
            80.2315894,
            13.0564456
          ],
          [
            80.2316151,
            13.0566132
          ],
          [
            80.2318939,
            13.0584506
          ],
          [
            80.2319746,
            13.0589708
          ],
          [
            80.2319825,
            13.0590266
          ],
          [
            80.2320857,
            13.0597439
          ],
          [
            80.2321934,
            13.0604142
          ],
          [
            80.2323724,
            13.0613521
          ],
          [
            80.2324505,
            13.0618423
          ],
          [
            80.2325305,
            13.0623479
          ],
          [
            80.2326393,
            13.0630663
          ],
          [
            80.2326739,
            13.0632974
          ],
          [
            80.232848,
            13.0644261
          ],
          [
            80.2328933,
            13.0649277
          ],
          [
            80.232919,
            13.0652494
          ],
          [
            80.2329981,
            13.0658146
          ]
        ]
      },
      "id": "way/235820884"
    },
    {
      "type": "Feature",
      "properties": {
        "start_km": 171.785,
        "end_km": 172.057
      },
      "geometry": {
        "type": "LineString",
        "coordinates": [
          [
            80.2730836,
            13.0924815
          ],
          [
            80.2732828,
            13.0905396
          ],
          [
            80.2733767,
            13.0900408
          ]
        ]
      },
      "id": "way/235930608"
    },
    {
      "type": "Feature",
      "properties": {
        "start_km": 172.057,
        "end_km": 173.284
      },
      "geometry": {
        "type": "LineString",
        "coordinates": [
          [
            80.2724981,
            13.0942183
          ],
          [
            80.2722885,
            13.09461
          ],
          [
            80.2720891,
            13.0949937
          ],
          [
            80.2719351,
            13.0953379
          ],
          [
            80.2718291,
            13.0956473
          ],
          [
            80.2717431,
            13.0959554
          ],
          [
            80.2716755,
            13.0962679
          ],
          [
            80.271622,
            13.09659
          ],
          [
            80.2715762,
            13.0971733
          ],
          [
            80.2714241,
            13.0998311
          ],
          [
            80.2714108,
            13.1001122
          ],
          [
            80.271413,
            13.1004251
          ],
          [
            80.2714352,
            13.1012893
          ],
          [
            80.2713764,
            13.1023304
          ],
          [
            80.2713226,
            13.1032063
          ],
          [
            80.2712948,
            13.1034502
          ],
          [
            80.2712623,
            13.1036373
          ],
          [
            80.2712221,
            13.1038217
          ],
          [
            80.2711726,
            13.1040038
          ],
          [
            80.2710993,
            13.1042435
          ],
          [
            80.2710121,
            13.1044946
          ],
          [
            80.2709483,
            13.1046506
          ],
          [
            80.2708659,
            13.1048022
          ],
          [
            80.2707314,
            13.1050233
          ]
        ]
      },
      "id": "way/235930615"
    },
    {
      "type": "Feature",
      "properties": {
        "start_km": 173.284,
        "end_km": 174.351
      },
      "geometry": {
        "type": "LineString",
        "coordinates": [
          [
            80.2731951,
            13.0929921
          ],
          [
            80.2733204,
            13.0927319
          ],
          [
            80.273428,
            13.0924724
          ],
          [
            80.2734816,
            13.0923179
          ],
          [
            80.2735592,
            13.0920859
          ],
          [
            80.2735925,
            13.0919028
          ],
          [
            80.2736213,
            13.0917157
          ],
          [
            80.2736357,
            13.0915442
          ],
          [
            80.2736431,
            13.0913219
          ],
          [
            80.2736409,
            13.0911721
          ],
          [
            80.2736145,
            13.0908509
          ],
          [
            80.2735025,
            13.0893282
          ],
          [
            80.2734947,
            13.0890455
          ],
          [
            80.2735041,
            13.0887268
          ],
          [
            80.2735229,
            13.0883846
          ],
          [
            80.2735725,
            13.0880541
          ],
          [
            80.2736248,
            13.0877314
          ],
          [
            80.273708,
            13.0872416
          ],
          [
            80.2739279,
            13.0861417
          ],
          [
            80.2740117,
            13.0857468
          ],
          [
            80.2740473,
            13.0855787
          ],
          [
            80.2740982,
            13.0853109
          ],
          [
            80.2743736,
            13.0836178
          ],
          [
            80.2743933,
            13.0834965
          ]
        ]
      },
      "id": "way/235930618"
    },
    {
      "type": "Feature",
      "properties": {
        "start_km": 174.351,
        "end_km": 174.487
      },
      "geometry": {
        "type": "LineString",
        "coordinates": [
          [
            80.2601303,
            13.1093456
          ],
          [
            80.2608296,
            13.1094929
          ],
          [
            80.2613543,
            13.1096008
          ]
        ]
      },
      "id": "way/235930623"
    },
    {
      "type": "Feature",
      "properties": {
        "start_km": 174.487,
        "end_km": 174.624
      },
      "geometry": {
        "type": "LineString",
        "coordinates": [
          [
            80.2601374,
            13.1092982
          ],
          [
            80.2608407,
            13.1094374
          ],
          [
            80.2613738,
            13.1095602
          ]
        ]
      },
      "id": "way/235930625"
    },
    {
      "type": "Feature",
      "properties": {
        "start_km": 174.624,
        "end_km": 175.295
      },
      "geometry": {
        "type": "LineString",
        "coordinates": [
          [
            80.2721174,
            13.0965811
          ],
          [
            80.2721142,
            13.0968191
          ],
          [
            80.2721834,
            13.097264
          ],
          [
            80.2722299,
            13.0974642
          ],
          [
            80.2722408,
            13.097497
          ],
          [
            80.2723555,
            13.0979832
          ],
          [
            80.2724227,
            13.0982663
          ],
          [
            80.2725077,
            13.0986139
          ],
          [
            80.2725403,
            13.0987757
          ],
          [
            80.272569,
            13.0989817
          ],
          [
            80.2725809,
            13.0991839
          ],
          [
            80.2725799,
            13.0993842
          ],
          [
            80.272571,
            13.0995825
          ],
          [
            80.272565,
            13.0997828
          ],
          [
            80.2725631,
            13.0999792
          ],
          [
            80.2725581,
            13.1001853
          ],
          [
            80.2725571,
            13.1003798
          ],
          [
            80.2725472,
            13.1005261
          ],
          [
            80.2725087,
            13.1007755
          ],
          [
            80.2724622,
            13.1009709
          ],
          [
            80.2724039,
            13.1011731
          ],
          [
            80.2723495,
            13.1013696
          ],
          [
            80.2722981,
            13.101566
          ],
          [
            80.2722408,
            13.1017614
          ],
          [
            80.2721904,
            13.101954
          ],
          [
            80.272139,
            13.1021244
          ],
          [
            80.2721021,
            13.1022361
          ],
          [
            80.2720081,
            13.1025201
          ]
        ]
      },
      "id": "way/235982580"
    },
    {
      "type": "Feature",
      "properties": {
        "start_km": 175.295,
        "end_km": 175.327
      },
      "geometry": {
        "type": "LineString",
        "coordinates": [
          [
            80.2752671,
            13.0799594
          ],
          [
            80.2749833,
            13.0800583
          ]
        ]
      },
      "id": "way/240340220"
    },
    {
      "type": "Feature",
      "properties": {
        "start_km": 175.327,
        "end_km": 177.969
      },
      "geometry": {
        "type": "LineString",
        "coordinates": [
          [
            80.2643453,
            13.0786978
          ],
          [
            80.2640849,
            13.078655
          ],
          [
            80.2638246,
            13.0786474
          ],
          [
            80.2635957,
            13.0786703
          ],
          [
            80.2628962,
            13.0787879
          ],
          [
            80.2625026,
            13.0788246
          ],
          [
            80.2621811,
            13.0788276
          ],
          [
            80.2618345,
            13.0787925
          ],
          [
            80.2614163,
            13.0787267
          ],
          [
            80.2593473,
            13.0784014
          ],
          [
            80.2590634,
            13.0783465
          ],
          [
            80.2587953,
            13.078267
          ],
          [
            80.258422,
            13.078125
          ],
          [
            80.2576865,
            13.0777553
          ],
          [
            80.2574136,
            13.0776438
          ],
          [
            80.2570921,
            13.0775368
          ],
          [
            80.2565746,
            13.0774146
          ],
          [
            80.2555108,
            13.0772371
          ],
          [
            80.255172,
            13.0771965
          ],
          [
            80.2540646,
            13.0770361
          ],
          [
            80.250596,
            13.0764739
          ],
          [
            80.250259,
            13.0764004
          ],
          [
            80.249771,
            13.0762849
          ],
          [
            80.2492965,
            13.076143
          ],
          [
            80.2483475,
            13.0758673
          ],
          [
            80.2463093,
            13.0752817
          ],
          [
            80.2458105,
            13.0751556
          ],
          [
            80.2450448,
            13.0749875
          ],
          [
            80.2443843,
            13.0748326
          ],
          [
            80.2422047,
            13.0741931
          ],
          [
            80.2413323,
            13.0739371
          ],
          [
            80.2406942,
            13.07374
          ]
        ]
      },
      "id": "way/240340221"
    },
    {
      "type": "Feature",
      "properties": {
        "start_km": 177.969,
        "end_km": 178.004
      },
      "geometry": {
        "type": "LineString",
        "coordinates": [
          [
            80.2752651,
            13.0798775
          ],
          [
            80.2749611,
            13.0799784
          ]
        ]
      },
      "id": "way/240340227"
    },
    {
      "type": "Feature",
      "properties": {
        "start_km": 178.004,
        "end_km": 179.64
      },
      "geometry": {
        "type": "LineString",
        "coordinates": [
          [
            80.2805626,
            13.0620574
          ],
          [
            80.2806206,
            13.0624593
          ],
          [
            80.2806464,
            13.0628737
          ],
          [
            80.2806195,
            13.063084
          ],
          [
            80.2805497,
            13.0634189
          ],
          [
            80.2804712,
            13.0636481
          ],
          [
            80.2803574,
            13.0639464
          ],
          [
            80.2801758,
            13.0642614
          ],
          [
            80.2798589,
            13.0646956
          ],
          [
            80.2791811,
            13.0656419
          ],
          [
            80.2788183,
            13.0662091
          ],
          [
            80.2786821,
            13.0665055
          ],
          [
            80.2785688,
            13.0668848
          ],
          [
            80.2783883,
            13.0679552
          ],
          [
            80.2782468,
            13.0684758
          ],
          [
            80.2781176,
            13.0687844
          ],
          [
            80.277907,
            13.0691343
          ],
          [
            80.2776451,
            13.0694411
          ],
          [
            80.2773743,
            13.0696911
          ],
          [
            80.275088,
            13.0713062
          ],
          [
            80.2746916,
            13.0716234
          ],
          [
            80.2744244,
            13.0719216
          ],
          [
            80.274182,
            13.0723129
          ],
          [
            80.2739891,
            13.0727369
          ],
          [
            80.2739077,
            13.0730524
          ],
          [
            80.2738405,
            13.0736781
          ],
          [
            80.2737533,
            13.0744209
          ]
        ]
      },
      "id": "way/240340228"
    },
    {
      "type": "Feature",
      "properties": {
        "start_km": 179.64,
        "end_km": 183.873
      },
      "geometry": {
        "type": "LineString",
        "coordinates": [
          [
            80.2328991,
            13.0658349
          ],
          [
            80.232824,
            13.0653735
          ],
          [
            80.2324784,
            13.0629455
          ],
          [
            80.2323662,
            13.0622123
          ],
          [
            80.2312095,
            13.0545861
          ],
          [
            80.2311495,
            13.0541996
          ],
          [
            80.2309237,
            13.0526827
          ],
          [
            80.2307325,
            13.0512774
          ],
          [
            80.2304864,
            13.0498043
          ],
          [
            80.2303516,
            13.0488701
          ],
          [
            80.229864,
            13.0457726
          ],
          [
            80.2293686,
            13.0437826
          ],
          [
            80.2286845,
            13.041334
          ],
          [
            80.2283759,
            13.0402126
          ],
          [
            80.2280776,
            13.0390852
          ],
          [
            80.2277793,
            13.0379557
          ],
          [
            80.227442,
            13.036571
          ],
          [
            80.2271223,
            13.035426
          ],
          [
            80.2251943,
            13.0283866
          ]
        ]
      },
      "id": "way/240340229"
    },
    {
      "type": "Feature",
      "properties": {
        "start_km": 183.873,
        "end_km": 183.947
      },
      "geometry": {
        "type": "LineString",
        "coordinates": [
          [
            80.2332768,
            13.0684451
          ],
          [
            80.2331795,
            13.067787
          ]
        ]
      },
      "id": "way/240340231"
    },
    {
      "type": "Feature",
      "properties": {
        "start_km": 183.947,
        "end_km": 183.973
      },
      "geometry": {
        "type": "LineString",
        "coordinates": [
          [
            80.2251943,
            13.0283866
          ],
          [
            80.2251385,
            13.0281559
          ]
        ]
      },
      "id": "way/240340232"
    },
    {
      "type": "Feature",
      "properties": {
        "start_km": 183.973,
        "end_km": 184.012
      },
      "geometry": {
        "type": "LineString",
        "coordinates": [
          [
            80.2329466,
            13.0661834
          ],
          [
            80.2328991,
            13.0658349
          ]
        ]
      },
      "id": "way/240340233"
    },
    {
      "type": "Feature",
      "properties": {
        "start_km": 184.012,
        "end_km": 184.191
      },
      "geometry": {
        "type": "LineString",
        "coordinates": [
          [
            80.2331795,
            13.067787
          ],
          [
            80.2329466,
            13.0661834
          ]
        ]
      },
      "id": "way/240340234"
    },
    {
      "type": "Feature",
      "properties": {
        "start_km": 184.191,
        "end_km": 184.311
      },
      "geometry": {
        "type": "LineString",
        "coordinates": [
          [
            80.220775,
            13.0167831
          ],
          [
            80.2202907,
            13.0158081
          ]
        ]
      },
      "id": "way/240340235"
    },
    {
      "type": "Feature",
      "properties": {
        "start_km": 184.311,
        "end_km": 184.346
      },
      "geometry": {
        "type": "LineString",
        "coordinates": [
          [
            80.2752694,
            13.0799209
          ],
          [
            80.2749626,
            13.080025
          ]
        ]
      },
      "id": "way/240340237"
    },
    {
      "type": "Feature",
      "properties": {
        "start_km": 184.346,
        "end_km": 186.984
      },
      "geometry": {
        "type": "LineString",
        "coordinates": [
          [
            80.2643594,
            13.078652
          ],
          [
            80.2641022,
            13.0786123
          ],
          [
            80.2638309,
            13.0786
          ],
          [
            80.2636004,
            13.0786229
          ],
          [
            80.2631816,
            13.0786825
          ],
          [
            80.2628868,
            13.0787146
          ],
          [
            80.2626155,
            13.0787192
          ],
          [
            80.2621905,
            13.0786947
          ],
          [
            80.2618188,
            13.0786489
          ],
          [
            80.2614185,
            13.0785891
          ],
          [
            80.2593049,
            13.0782731
          ],
          [
            80.2588454,
            13.0781906
          ],
          [
            80.2585208,
            13.0780975
          ],
          [
            80.2583044,
            13.0780104
          ],
          [
            80.2577132,
            13.0777125
          ],
          [
            80.2574183,
            13.0775903
          ],
          [
            80.2571392,
            13.0774941
          ],
          [
            80.2569259,
            13.0774391
          ],
          [
            80.256584,
            13.0773658
          ],
          [
            80.2555108,
            13.0772108
          ],
          [
            80.2537181,
            13.0769361
          ],
          [
            80.2522676,
            13.0767129
          ],
          [
            80.2505987,
            13.0764293
          ],
          [
            80.2502671,
            13.0763584
          ],
          [
            80.2497791,
            13.076235
          ],
          [
            80.2492992,
            13.0760984
          ],
          [
            80.2462958,
            13.0752265
          ],
          [
            80.2453852,
            13.0749489
          ],
          [
            80.2422382,
            13.0740393
          ],
          [
            80.2415113,
            13.0738292
          ],
          [
            80.2407359,
            13.0736065
          ]
        ]
      },
      "id": "way/240340240"
    },
    {
      "type": "Feature",
      "properties": {
        "start_km": 186.984,
        "end_km": 188.16
      },
      "geometry": {
        "type": "LineString",
        "coordinates": [
          [
            80.224712,
            13.0266297
          ],
          [
            80.2244319,
            13.0255713
          ],
          [
            80.2238246,
            13.0233917
          ],
          [
            80.2235595,
            13.0224695
          ],
          [
            80.2233125,
            13.0217946
          ],
          [
            80.2228812,
            13.0209423
          ],
          [
            80.2224979,
            13.0201145
          ],
          [
            80.220775,
            13.0167831
          ]
        ]
      },
      "id": "way/240340244"
    },
    {
      "type": "Feature",
      "properties": {
        "start_km": 188.16,
        "end_km": 193.155
      },
      "geometry": {
        "type": "LineString",
        "coordinates": [
          [
            80.2202907,
            13.0158081
          ],
          [
            80.2194673,
            13.0141282
          ],
          [
            80.2191084,
            13.0135304
          ],
          [
            80.2187183,
            13.0130148
          ],
          [
            80.2182769,
            13.0125562
          ],
          [
            80.2177587,
            13.0121297
          ],
          [
            80.2161013,
            13.0108967
          ],
          [
            80.214779,
            13.0099082
          ],
          [
            80.2141234,
            13.0094264
          ],
          [
            80.212687,
            13.0083671
          ],
          [
            80.2119922,
            13.0078715
          ],
          [
            80.2116571,
            13.007618
          ],
          [
            80.2113964,
            13.0073672
          ],
          [
            80.2110888,
            13.0070496
          ],
          [
            80.2108855,
            13.006798
          ],
          [
            80.2105277,
            13.0062546
          ],
          [
            80.2100996,
            13.0054349
          ],
          [
            80.2094986,
            13.0042829
          ],
          [
            80.2089014,
            13.0031915
          ],
          [
            80.208437,
            13.0022891
          ],
          [
            80.2080138,
            13.0015143
          ],
          [
            80.2077873,
            13.0010401
          ],
          [
            80.2074457,
            13.0004002
          ],
          [
            80.2071556,
            12.9998901
          ],
          [
            80.2068771,
            12.999458
          ],
          [
            80.206628,
            12.9991033
          ],
          [
            80.2061555,
            12.9985301
          ],
          [
            80.2055371,
            12.9978554
          ],
          [
            80.2050138,
            12.9973822
          ],
          [
            80.2046085,
            12.9970976
          ],
          [
            80.2042633,
            12.9968971
          ],
          [
            80.2034662,
            12.9965607
          ],
          [
            80.2026529,
            12.9962304
          ],
          [
            80.2020688,
            12.9959923
          ],
          [
            80.2017481,
            12.9958669
          ],
          [
            80.2014101,
            12.995741
          ],
          [
            80.2009009,
            12.9955492
          ],
          [
            80.1993542,
            12.9949578
          ],
          [
            80.199048,
            12.9948381
          ],
          [
            80.1982779,
            12.9945415
          ],
          [
            80.1978621,
            12.9943771
          ],
          [
            80.1970569,
            12.9940616
          ],
          [
            80.1965703,
            12.9938736
          ],
          [
            80.1963491,
            12.9937943
          ],
          [
            80.1959757,
            12.9936512
          ],
          [
            80.1932178,
            12.9926
          ],
          [
            80.1920755,
            12.9921769
          ],
          [
            80.1912873,
            12.9918595
          ],
          [
            80.188045,
            12.9906065
          ],
          [
            80.1870373,
            12.9901993
          ],
          [
            80.185307,
            12.9893757
          ]
        ]
      },
      "id": "way/240340247"
    },
    {
      "type": "Feature",
      "properties": {
        "start_km": 193.155,
        "end_km": 194.333
      },
      "geometry": {
        "type": "LineString",
        "coordinates": [
          [
            80.220834,
            13.0167551
          ],
          [
            80.2225561,
            13.0200504
          ],
          [
            80.2229583,
            13.020911
          ],
          [
            80.22339,
            13.0217579
          ],
          [
            80.223601,
            13.0221745
          ],
          [
            80.2237129,
            13.0225323
          ],
          [
            80.2239379,
            13.0233559
          ],
          [
            80.2243495,
            13.0248616
          ],
          [
            80.2245221,
            13.0255385
          ],
          [
            80.2248086,
            13.0266075
          ]
        ]
      },
      "id": "way/240340257"
    },
    {
      "type": "Feature",
      "properties": {
        "start_km": 194.333,
        "end_km": 195.506
      },
      "geometry": {
        "type": "LineString",
        "coordinates": [
          [
            80.2207197,
            13.0168094
          ],
          [
            80.222456,
            13.0201318
          ],
          [
            80.2228256,
            13.0209697
          ],
          [
            80.2231078,
            13.0215052
          ],
          [
            80.2232181,
            13.0218216
          ],
          [
            80.2234345,
            13.0225607
          ],
          [
            80.2236757,
            13.0234333
          ],
          [
            80.224134,
            13.0250365
          ],
          [
            80.2242269,
            13.0253131
          ],
          [
            80.2243505,
            13.0256002
          ],
          [
            80.2246436,
            13.0266454
          ]
        ]
      },
      "id": "way/240340258"
    },
    {
      "type": "Feature",
      "properties": {
        "start_km": 195.506,
        "end_km": 198.357
      },
      "geometry": {
        "type": "LineString",
        "coordinates": [
          [
            80.2252403,
            13.0283751
          ],
          [
            80.2271673,
            13.0354148
          ],
          [
            80.2274795,
            13.0365556
          ],
          [
            80.2278119,
            13.0379455
          ],
          [
            80.2281188,
            13.039073
          ],
          [
            80.2284135,
            13.0401983
          ],
          [
            80.2287224,
            13.0413192
          ],
          [
            80.2290703,
            13.0425359
          ],
          [
            80.2294344,
            13.0437711
          ],
          [
            80.2299264,
            13.0457591
          ],
          [
            80.2303975,
            13.0488628
          ],
          [
            80.2305324,
            13.0497999
          ],
          [
            80.2307695,
            13.0512888
          ],
          [
            80.2309638,
            13.0526719
          ],
          [
            80.2310873,
            13.0534559
          ]
        ]
      },
      "id": "way/240340259"
    },
    {
      "type": "Feature",
      "properties": {
        "start_km": 198.357,
        "end_km": 199.529
      },
      "geometry": {
        "type": "LineString",
        "coordinates": [
          [
            80.2749611,
            13.0799784
          ],
          [
            80.2743654,
            13.0801426
          ],
          [
            80.2740982,
            13.0801876
          ],
          [
            80.2738897,
            13.0802083
          ],
          [
            80.2734274,
            13.0802939
          ],
          [
            80.2727338,
            13.0805201
          ],
          [
            80.2725412,
            13.0805704
          ],
          [
            80.2723441,
            13.0806161
          ],
          [
            80.2721469,
            13.0806448
          ],
          [
            80.2719377,
            13.0806709
          ],
          [
            80.2717271,
            13.0806827
          ],
          [
            80.271522,
            13.0806866
          ],
          [
            80.2711102,
            13.0806618
          ],
          [
            80.2709077,
            13.0806409
          ],
          [
            80.268648,
            13.0802564
          ],
          [
            80.2682016,
            13.080156
          ],
          [
            80.2677124,
            13.0799721
          ],
          [
            80.2652635,
            13.0789026
          ],
          [
            80.2648132,
            13.0787234
          ],
          [
            80.264595,
            13.0786618
          ]
        ]
      },
      "id": "way/240340260"
    },
    {
      "type": "Feature",
      "properties": {
        "start_km": 199.529,
        "end_km": 199.649
      },
      "geometry": {
        "type": "LineString",
        "coordinates": [
          [
            80.2203194,
            13.0157945
          ],
          [
            80.2208051,
            13.0167688
          ]
        ]
      },
      "id": "way/240340261"
    },
    {
      "type": "Feature",
      "properties": {
        "start_km": 199.649,
        "end_km": 199.675
      },
      "geometry": {
        "type": "LineString",
        "coordinates": [
          [
            80.2251756,
            13.0281489
          ],
          [
            80.2252403,
            13.0283751
          ]
        ]
      },
      "id": "way/240340262"
    },
    {
      "type": "Feature",
      "properties": {
        "start_km": 199.675,
        "end_km": 199.714
      },
      "geometry": {
        "type": "LineString",
        "coordinates": [
          [
            80.2329533,
            13.0658315
          ],
          [
            80.2330008,
            13.0661741
          ]
        ]
      },
      "id": "way/240340263"
    },
    {
      "type": "Feature",
      "properties": {
        "start_km": 199.714,
        "end_km": 199.834
      },
      "geometry": {
        "type": "LineString",
        "coordinates": [
          [
            80.2203472,
            13.0157813
          ],
          [
            80.220834,
            13.0167551
          ]
        ]
      },
      "id": "way/240340264"
    },
    {
      "type": "Feature",
      "properties": {
        "start_km": 199.834,
        "end_km": 199.954
      },
      "geometry": {
        "type": "LineString",
        "coordinates": [
          [
            80.2207197,
            13.0168094
          ],
          [
            80.2202306,
            13.0158367
          ]
        ]
      },
      "id": "way/240340265"
    },
    {
      "type": "Feature",
      "properties": {
        "start_km": 199.954,
        "end_km": 199.993
      },
      "geometry": {
        "type": "LineString",
        "coordinates": [
          [
            80.2329981,
            13.0658146
          ],
          [
            80.2330469,
            13.0661635
          ]
        ]
      },
      "id": "way/240340266"
    },
    {
      "type": "Feature",
      "properties": {
        "start_km": 199.993,
        "end_km": 200.066
      },
      "geometry": {
        "type": "LineString",
        "coordinates": [
          [
            80.2332605,
            13.0677754
          ],
          [
            80.2333557,
            13.0684338
          ]
        ]
      },
      "id": "way/240340267"
    },
    {
      "type": "Feature",
      "properties": {
        "start_km": 200.066,
        "end_km": 200.244
      },
      "geometry": {
        "type": "LineString",
        "coordinates": [
          [
            80.2331332,
            13.0677936
          ],
          [
            80.2328252,
            13.0662139
          ]
        ]
      },
      "id": "way/240340268"
    },
    {
      "type": "Feature",
      "properties": {
        "start_km": 200.244,
        "end_km": 200.27
      },
      "geometry": {
        "type": "LineString",
        "coordinates": [
          [
            80.2252248,
            13.0281356
          ],
          [
            80.2252861,
            13.0283637
          ]
        ]
      },
      "id": "way/240340269"
    },
    {
      "type": "Feature",
      "properties": {
        "start_km": 200.27,
        "end_km": 200.45
      },
      "geometry": {
        "type": "LineString",
        "coordinates": [
          [
            80.2330008,
            13.0661741
          ],
          [
            80.2332241,
            13.0677806
          ]
        ]
      },
      "id": "way/240340270"
    },
    {
      "type": "Feature",
      "properties": {
        "start_km": 200.45,
        "end_km": 200.523
      },
      "geometry": {
        "type": "LineString",
        "coordinates": [
          [
            80.2332321,
            13.0684515
          ],
          [
            80.2331332,
            13.0677936
          ]
        ]
      },
      "id": "way/240340271"
    },
    {
      "type": "Feature",
      "properties": {
        "start_km": 200.523,
        "end_km": 200.554
      },
      "geometry": {
        "type": "LineString",
        "coordinates": [
          [
            80.2328252,
            13.0662139
          ],
          [
            80.2327767,
            13.0659393
          ]
        ]
      },
      "id": "way/240340272"
    },
    {
      "type": "Feature",
      "properties": {
        "start_km": 200.554,
        "end_km": 200.58
      },
      "geometry": {
        "type": "LineString",
        "coordinates": [
          [
            80.2251496,
            13.0283936
          ],
          [
            80.2250881,
            13.0281681
          ]
        ]
      },
      "id": "way/240340273"
    },
    {
      "type": "Feature",
      "properties": {
        "start_km": 200.58,
        "end_km": 204.825
      },
      "geometry": {
        "type": "LineString",
        "coordinates": [
          [
            80.2327767,
            13.0659393
          ],
          [
            80.2326838,
            13.0653824
          ],
          [
            80.2323862,
            13.0633236
          ],
          [
            80.2323135,
            13.06236
          ],
          [
            80.231162,
            13.0546035
          ],
          [
            80.2310981,
            13.0542108
          ],
          [
            80.2308522,
            13.0531474
          ],
          [
            80.2307516,
            13.0526794
          ],
          [
            80.2305555,
            13.0513061
          ],
          [
            80.2304555,
            13.0506264
          ],
          [
            80.230299,
            13.0488678
          ],
          [
            80.2298082,
            13.0457846
          ],
          [
            80.2293163,
            13.0437994
          ],
          [
            80.2286514,
            13.041363
          ],
          [
            80.2283131,
            13.0401607
          ],
          [
            80.2280439,
            13.0393969
          ],
          [
            80.2279562,
            13.039123
          ],
          [
            80.2278475,
            13.0388494
          ],
          [
            80.2276266,
            13.0379784
          ],
          [
            80.2272997,
            13.0368615
          ],
          [
            80.2272561,
            13.0366772
          ],
          [
            80.2272339,
            13.0364518
          ],
          [
            80.2270737,
            13.0354397
          ],
          [
            80.2251496,
            13.0283936
          ]
        ]
      },
      "id": "way/240340276"
    },
    {
      "type": "Feature",
      "properties": {
        "start_km": 204.825,
        "end_km": 205.915
      },
      "geometry": {
        "type": "LineString",
        "coordinates": [
          [
            80.2252861,
            13.0283637
          ],
          [
            80.2272132,
            13.035407
          ],
          [
            80.2275246,
            13.0365313
          ],
          [
            80.2278951,
            13.0378873
          ]
        ]
      },
      "id": "way/240340277"
    },
    {
      "type": "Feature",
      "properties": {
        "start_km": 205.915,
        "end_km": 207.414
      },
      "geometry": {
        "type": "LineString",
        "coordinates": [
          [
            80.2407459,
            13.0735646
          ],
          [
            80.2415361,
            13.0737957
          ],
          [
            80.2445292,
            13.0746592
          ],
          [
            80.2454023,
            13.0749099
          ],
          [
            80.2463147,
            13.0751871
          ],
          [
            80.2493235,
            13.0760616
          ],
          [
            80.2498034,
            13.0762008
          ],
          [
            80.2502806,
            13.0763137
          ],
          [
            80.2506149,
            13.0763794
          ],
          [
            80.2509384,
            13.0764372
          ],
          [
            80.2529181,
            13.0767663
          ],
          [
            80.254101,
            13.0769467
          ]
        ]
      },
      "id": "way/240340278"
    },
    {
      "type": "Feature",
      "properties": {
        "start_km": 207.414,
        "end_km": 207.487
      },
      "geometry": {
        "type": "LineString",
        "coordinates": [
          [
            80.2332241,
            13.0677806
          ],
          [
            80.2333194,
            13.068439
          ]
        ]
      },
      "id": "way/240340279"
    },
    {
      "type": "Feature",
      "properties": {
        "start_km": 207.487,
        "end_km": 208.815
      },
      "geometry": {
        "type": "LineString",
        "coordinates": [
          [
            80.2407744,
            13.0735004
          ],
          [
            80.241556,
            13.0737049
          ],
          [
            80.2435929,
            13.0742905
          ],
          [
            80.2442575,
            13.0745164
          ],
          [
            80.2445459,
            13.0746135
          ],
          [
            80.2454096,
            13.0748728
          ],
          [
            80.2463319,
            13.0751461
          ],
          [
            80.2483917,
            13.0757317
          ],
          [
            80.2493434,
            13.0760127
          ],
          [
            80.2498287,
            13.0761414
          ],
          [
            80.2503032,
            13.0762569
          ],
          [
            80.2506402,
            13.0763252
          ],
          [
            80.2525751,
            13.0766239
          ]
        ]
      },
      "id": "way/240340323"
    },
    {
      "type": "Feature",
      "properties": {
        "start_km": 208.815,
        "end_km": 208.994
      },
      "geometry": {
        "type": "LineString",
        "coordinates": [
          [
            80.2330469,
            13.0661635
          ],
          [
            80.2332605,
            13.0677754
          ]
        ]
      },
      "id": "way/240340324"
    },
    {
      "type": "Feature",
      "properties": {
        "start_km": 208.994,
        "end_km": 210.171
      },
      "geometry": {
        "type": "LineString",
        "coordinates": [
          [
            80.2208051,
            13.0167688
          ],
          [
            80.2225119,
            13.0200766
          ],
          [
            80.2229189,
            13.0209279
          ],
          [
            80.2233546,
            13.0217654
          ],
          [
            80.2236094,
            13.0224383
          ],
          [
            80.223866,
            13.0233833
          ],
          [
            80.224477,
            13.0255522
          ],
          [
            80.2247603,
            13.0266166
          ]
        ]
      },
      "id": "way/240340325"
    },
    {
      "type": "Feature",
      "properties": {
        "start_km": 210.171,
        "end_km": 211.491
      },
      "geometry": {
        "type": "LineString",
        "coordinates": [
          [
            80.2704145,
            13.1053502
          ],
          [
            80.2702133,
            13.1056093
          ],
          [
            80.2699714,
            13.1058784
          ],
          [
            80.2674407,
            13.1082798
          ],
          [
            80.2671551,
            13.1085211
          ],
          [
            80.26686,
            13.1087488
          ],
          [
            80.2665021,
            13.1089645
          ],
          [
            80.2662759,
            13.109072
          ],
          [
            80.2659813,
            13.1092047
          ],
          [
            80.2656115,
            13.1093376
          ],
          [
            80.2652418,
            13.1094339
          ],
          [
            80.2649085,
            13.1094832
          ],
          [
            80.2646882,
            13.1095039
          ],
          [
            80.2643705,
            13.1095225
          ],
          [
            80.2627047,
            13.109512
          ],
          [
            80.2620845,
            13.1095044
          ],
          [
            80.2615007,
            13.1094651
          ],
          [
            80.2609439,
            13.1093935
          ],
          [
            80.2601374,
            13.1092982
          ],
          [
            80.2598378,
            13.1092544
          ]
        ]
      },
      "id": "way/240384994"
    },
    {
      "type": "Feature",
      "properties": {
        "start_km": 211.491,
        "end_km": 212.823
      },
      "geometry": {
        "type": "LineString",
        "coordinates": [
          [
            80.259826,
            13.1093062
          ],
          [
            80.2601303,
            13.1093456
          ],
          [
            80.2608407,
            13.1094374
          ],
          [
            80.261492,
            13.1095155
          ],
          [
            80.2620924,
            13.1095423
          ],
          [
            80.2627025,
            13.1095507
          ],
          [
            80.2643749,
            13.1095879
          ],
          [
            80.2646869,
            13.1095681
          ],
          [
            80.2649237,
            13.1095389
          ],
          [
            80.2652552,
            13.1094854
          ],
          [
            80.2656223,
            13.1093861
          ],
          [
            80.2659892,
            13.1092537
          ],
          [
            80.2662856,
            13.1091273
          ],
          [
            80.2665374,
            13.1089961
          ],
          [
            80.2668866,
            13.1087826
          ],
          [
            80.2671919,
            13.1085596
          ],
          [
            80.2674737,
            13.1083045
          ],
          [
            80.2700034,
            13.1059219
          ],
          [
            80.2702638,
            13.1056304
          ],
          [
            80.2704912,
            13.1053358
          ]
        ]
      },
      "id": "way/240384995"
    },
    {
      "type": "Feature",
      "properties": {
        "start_km": 212.823,
        "end_km": 212.839
      },
      "geometry": {
        "type": "LineString",
        "coordinates": [
          [
            80.2596758,
            13.1092883
          ],
          [
            80.259826,
            13.1093062
          ]
        ]
      },
      "id": "way/240384996"
    },
    {
      "type": "Feature",
      "properties": {
        "start_km": 212.839,
        "end_km": 212.857
      },
      "geometry": {
        "type": "LineString",
        "coordinates": [
          [
            80.2598378,
            13.1092544
          ],
          [
            80.2596746,
            13.1092355
          ]
        ]
      },
      "id": "way/240384997"
    },
    {
      "type": "Feature",
      "properties": {
        "start_km": 212.857,
        "end_km": 212.899
      },
      "geometry": {
        "type": "LineString",
        "coordinates": [
          [
            80.2704912,
            13.1053358
          ],
          [
            80.2706878,
            13.1050098
          ]
        ]
      },
      "id": "way/240384998"
    },
    {
      "type": "Feature",
      "properties": {
        "start_km": 212.899,
        "end_km": 212.945
      },
      "geometry": {
        "type": "LineString",
        "coordinates": [
          [
            80.2706372,
            13.1050009
          ],
          [
            80.2704145,
            13.1053502
          ]
        ]
      },
      "id": "way/240384999"
    },
    {
      "type": "Feature",
      "properties": {
        "start_km": 212.945,
        "end_km": 215.387
      },
      "geometry": {
        "type": "LineString",
        "coordinates": [
          [
            80.2706878,
            13.1050098
          ],
          [
            80.2708172,
            13.1047758
          ],
          [
            80.2709053,
            13.1046064
          ],
          [
            80.2709723,
            13.1044417
          ],
          [
            80.2710439,
            13.1042076
          ],
          [
            80.2710874,
            13.1039781
          ],
          [
            80.2711042,
            13.1037743
          ],
          [
            80.2711741,
            13.1024641
          ],
          [
            80.271188,
            13.1022908
          ],
          [
            80.2712452,
            13.1013673
          ],
          [
            80.2712681,
            13.1008076
          ],
          [
            80.2712872,
            13.1005549
          ],
          [
            80.2713723,
            13.099669
          ],
          [
            80.2715277,
            13.0971713
          ],
          [
            80.2715814,
            13.0965817
          ],
          [
            80.2716292,
            13.0962654
          ],
          [
            80.2717003,
            13.0959386
          ],
          [
            80.2717854,
            13.0956337
          ],
          [
            80.2718918,
            13.0953252
          ],
          [
            80.2720343,
            13.0949883
          ],
          [
            80.2722434,
            13.0945239
          ],
          [
            80.2730839,
            13.0929591
          ],
          [
            80.2731889,
            13.0927435
          ],
          [
            80.2732583,
            13.0925907
          ],
          [
            80.273311,
            13.0924261
          ],
          [
            80.273361,
            13.0922623
          ],
          [
            80.2734034,
            13.0920866
          ],
          [
            80.2734531,
            13.0918396
          ],
          [
            80.2734981,
            13.0914414
          ],
          [
            80.2735195,
            13.0911766
          ],
          [
            80.2735127,
            13.090861
          ],
          [
            80.2734528,
            13.0899355
          ],
          [
            80.2734056,
            13.0892066
          ],
          [
            80.2733982,
            13.0888901
          ],
          [
            80.2734022,
            13.0886615
          ],
          [
            80.2734102,
            13.0884682
          ],
          [
            80.2734199,
            13.0883087
          ],
          [
            80.273433,
            13.0880933
          ],
          [
            80.2734424,
            13.087913
          ],
          [
            80.2734875,
            13.0875462
          ],
          [
            80.2735565,
            13.0870742
          ],
          [
            80.2736296,
            13.0866671
          ],
          [
            80.2736746,
            13.0864153
          ],
          [
            80.2740419,
            13.0841718
          ],
          [
            80.2741136,
            13.0835994
          ],
          [
            80.2741319,
            13.0834699
          ]
        ]
      },
      "id": "way/240385002"
    },
    {
      "type": "Feature",
      "properties": {
        "start_km": 215.387,
        "end_km": 216.727
      },
      "geometry": {
        "type": "LineString",
        "coordinates": [
          [
            80.2705371,
            13.1053427
          ],
          [
            80.2703034,
            13.1056514
          ],
          [
            80.2700401,
            13.1059279
          ],
          [
            80.2675107,
            13.1083324
          ],
          [
            80.2672244,
            13.1085951
          ],
          [
            80.2669239,
            13.1088211
          ],
          [
            80.2665692,
            13.1090439
          ],
          [
            80.2662936,
            13.1091796
          ],
          [
            80.2659661,
            13.1093244
          ],
          [
            80.2656396,
            13.1094344
          ],
          [
            80.2652569,
            13.1095383
          ],
          [
            80.2649347,
            13.1095844
          ],
          [
            80.2646937,
            13.109614
          ],
          [
            80.2643779,
            13.109633
          ],
          [
            80.2626792,
            13.1095993
          ],
          [
            80.2620654,
            13.1095988
          ],
          [
            80.2615062,
            13.1095753
          ],
          [
            80.2613738,
            13.1095602
          ],
          [
            80.2608296,
            13.1094929
          ],
          [
            80.2598244,
            13.1093492
          ]
        ]
      },
      "id": "way/240385005"
    },
    {
      "type": "Feature",
      "properties": {
        "start_km": 216.727,
        "end_km": 216.744
      },
      "geometry": {
        "type": "LineString",
        "coordinates": [
          [
            80.2598244,
            13.1093492
          ],
          [
            80.2596653,
            13.1093271
          ]
        ]
      },
      "id": "way/240385006"
    },
    {
      "type": "Feature",
      "properties": {
        "start_km": 216.744,
        "end_km": 216.785
      },
      "geometry": {
        "type": "LineString",
        "coordinates": [
          [
            80.2707314,
            13.1050233
          ],
          [
            80.2705371,
            13.1053427
          ]
        ]
      },
      "id": "way/240385007"
    },
    {
      "type": "Feature",
      "properties": {
        "start_km": 216.785,
        "end_km": 216.828
      },
      "geometry": {
        "type": "LineString",
        "coordinates": [
          [
            80.2705782,
            13.1053619
          ],
          [
            80.2707854,
            13.1050363
          ]
        ]
      },
      "id": "way/240385008"
    },
    {
      "type": "Feature",
      "properties": {
        "start_km": 216.828,
        "end_km": 216.845
      },
      "geometry": {
        "type": "LineString",
        "coordinates": [
          [
            80.2596613,
            13.1093757
          ],
          [
            80.2598191,
            13.1093987
          ]
        ]
      },
      "id": "way/240385009"
    },
    {
      "type": "Feature",
      "properties": {
        "start_km": 216.845,
        "end_km": 218.192
      },
      "geometry": {
        "type": "LineString",
        "coordinates": [
          [
            80.2598191,
            13.1093987
          ],
          [
            80.2613543,
            13.1096008
          ],
          [
            80.2614975,
            13.1096225
          ],
          [
            80.2620865,
            13.1096494
          ],
          [
            80.2626293,
            13.1096551
          ],
          [
            80.2643819,
            13.1096926
          ],
          [
            80.2646857,
            13.1096656
          ],
          [
            80.264941,
            13.1096347
          ],
          [
            80.2652717,
            13.1095752
          ],
          [
            80.2656649,
            13.1094749
          ],
          [
            80.2659701,
            13.1093692
          ],
          [
            80.2662699,
            13.1092307
          ],
          [
            80.2665861,
            13.1090768
          ],
          [
            80.2669529,
            13.108863
          ],
          [
            80.2672506,
            13.1086392
          ],
          [
            80.2675439,
            13.1083729
          ],
          [
            80.2700786,
            13.1059704
          ],
          [
            80.2703467,
            13.105669
          ],
          [
            80.2705782,
            13.1053619
          ]
        ]
      },
      "id": "way/240385010"
    },
    {
      "type": "Feature",
      "properties": {
        "start_km": 218.192,
        "end_km": 218.278
      },
      "geometry": {
        "type": "LineString",
        "coordinates": [
          [
            80.2932409,
            13.0957256
          ],
          [
            80.293445,
            13.0964776
          ]
        ]
      },
      "id": "way/257140324"
    },
    {
      "type": "Feature",
      "properties": {
        "start_km": 218.278,
        "end_km": 220.023
      },
      "geometry": {
        "type": "LineString",
        "coordinates": [
          [
            80.2278951,
            13.0378873
          ],
          [
            80.2282124,
            13.0390449
          ],
          [
            80.2288218,
            13.0413126
          ],
          [
            80.2291578,
            13.0425166
          ],
          [
            80.2294878,
            13.043754
          ],
          [
            80.2297419,
            13.0446949
          ],
          [
            80.2299599,
            13.04574
          ],
          [
            80.2304412,
            13.0488452
          ],
          [
            80.2305781,
            13.0497944
          ],
          [
            80.230801,
            13.0512832
          ],
          [
            80.2310095,
            13.0526635
          ],
          [
            80.2311058,
            13.0533196
          ]
        ]
      },
      "id": "way/273409336"
    },
    {
      "type": "Feature",
      "properties": {
        "start_km": 220.023,
        "end_km": 229.927
      },
      "geometry": {
        "type": "LineString",
        "coordinates": [
          [
            80.2419244,
            13.1075376
          ],
          [
            80.2404055,
            13.1075212
          ],
          [
            80.2384967,
            13.1075517
          ],
          [
            80.2376368,
            13.107579
          ],
          [
            80.2371365,
            13.1076
          ],
          [
            80.2350101,
            13.107724
          ],
          [
            80.2300222,
            13.1079914
          ],
          [
            80.2296147,
            13.1080166
          ],
          [
            80.2283881,
            13.1081231
          ],
          [
            80.2276566,
            13.1082123
          ],
          [
            80.2244979,
            13.1085863
          ],
          [
            80.2212886,
            13.108952
          ],
          [
            80.2123513,
            13.1099966
          ],
          [
            80.2106104,
            13.1102066
          ],
          [
            80.2080801,
            13.1105033
          ],
          [
            80.2074187,
            13.110586
          ],
          [
            80.2067548,
            13.1107004
          ],
          [
            80.2056971,
            13.1108721
          ],
          [
            80.2050068,
            13.1109553
          ],
          [
            80.2041454,
            13.1110617
          ],
          [
            80.2040361,
            13.1110737
          ],
          [
            80.196947,
            13.1118936
          ],
          [
            80.1883537,
            13.1128602
          ],
          [
            80.1825318,
            13.1135635
          ],
          [
            80.1797019,
            13.1138806
          ],
          [
            80.1771202,
            13.1141238
          ],
          [
            80.1745337,
            13.1143425
          ],
          [
            80.1700499,
            13.1145587
          ],
          [
            80.1672058,
            13.1146512
          ],
          [
            80.1650883,
            13.1146301
          ],
          [
            80.1637054,
            13.1145783
          ],
          [
            80.1619342,
            13.1144738
          ],
          [
            80.1591729,
            13.11432
          ],
          [
            80.1579427,
            13.114264
          ],
          [
            80.1576901,
            13.1142635
          ],
          [
            80.1563943,
            13.1142611
          ],
          [
            80.1548966,
            13.1143081
          ],
          [
            80.1545028,
            13.1143297
          ],
          [
            80.1539238,
            13.1143428
          ],
          [
            80.1509985,
            13.1144248
          ]
        ]
      },
      "id": "way/369358268"
    },
    {
      "type": "Feature",
      "properties": {
        "start_km": 229.927,
        "end_km": 258.931
      },
      "geometry": {
        "type": "LineString",
        "coordinates": [
          [
            79.9754682,
            13.1245824
          ],
          [
            79.9773287,
            13.1244961
          ],
          [
            79.9808506,
            13.1243579
          ],
          [
            79.9846121,
            13.1242155
          ],
          [
            79.9884116,
            13.1240443
          ],
          [
            79.992177,
            13.1238471
          ],
          [
            79.9943506,
            13.1237677
          ],
          [
            79.9957505,
            13.1237323
          ],
          [
            79.9970833,
            13.1237237
          ],
          [
            79.999193,
            13.1237258
          ],
          [
            80.0034775,
            13.1237797
          ],
          [
            80.0060961,
            13.1238153
          ],
          [
            80.0073536,
            13.1238352
          ],
          [
            80.0111554,
            13.1238694
          ],
          [
            80.0124318,
            13.1238911
          ],
          [
            80.0140325,
            13.1239028
          ],
          [
            80.0176416,
            13.1239292
          ],
          [
            80.0205126,
            13.1239659
          ],
          [
            80.0224991,
            13.1239589
          ],
          [
            80.0229938,
            13.1239625
          ],
          [
            80.0243456,
            13.1239417
          ],
          [
            80.0254735,
            13.1239087
          ],
          [
            80.0264333,
            13.1238718
          ],
          [
            80.0266674,
            13.1238602
          ],
          [
            80.0271725,
            13.1238352
          ],
          [
            80.0292622,
            13.1237085
          ],
          [
            80.0314266,
            13.1235392
          ],
          [
            80.0323926,
            13.1234472
          ],
          [
            80.0343552,
            13.1232304
          ],
          [
            80.0352152,
            13.1231354
          ],
          [
            80.0371245,
            13.1228812
          ],
          [
            80.038088,
            13.1227268
          ],
          [
            80.0388551,
            13.1226038
          ],
          [
            80.0418228,
            13.1220924
          ],
          [
            80.0430455,
            13.1218907
          ],
          [
            80.0439107,
            13.1217388
          ],
          [
            80.0469532,
            13.1212073
          ],
          [
            80.0482551,
            13.1209827
          ],
          [
            80.0499576,
            13.1206948
          ],
          [
            80.0501539,
            13.1206619
          ],
          [
            80.0509775,
            13.1205062
          ],
          [
            80.0517595,
            13.1203772
          ],
          [
            80.0519698,
            13.1203402
          ],
          [
            80.0551532,
            13.1197976
          ],
          [
            80.0564374,
            13.1195989
          ],
          [
            80.0582514,
            13.1193636
          ],
          [
            80.0596226,
            13.1192164
          ],
          [
            80.0605089,
            13.1191349
          ],
          [
            80.0618155,
            13.1190261
          ],
          [
            80.0630555,
            13.1189231
          ],
          [
            80.0637637,
            13.1188841
          ],
          [
            80.0661439,
            13.1187529
          ],
          [
            80.0683297,
            13.1186919
          ],
          [
            80.0704987,
            13.1186563
          ],
          [
            80.0729015,
            13.11861
          ],
          [
            80.073322,
            13.1186076
          ],
          [
            80.073952,
            13.1186008
          ],
          [
            80.07417,
            13.1185971
          ],
          [
            80.0752816,
            13.1185783
          ],
          [
            80.0767416,
            13.1185552
          ],
          [
            80.0788455,
            13.118522
          ],
          [
            80.0796208,
            13.1185164
          ],
          [
            80.0842153,
            13.1184635
          ],
          [
            80.0887621,
            13.1183745
          ],
          [
            80.0938905,
            13.1182761
          ],
          [
            80.0943144,
            13.1182592
          ],
          [
            80.0947098,
            13.1182535
          ],
          [
            80.0979474,
            13.1182397
          ],
          [
            80.1005949,
            13.1181972
          ],
          [
            80.1027651,
            13.1181686
          ],
          [
            80.1039245,
            13.1181536
          ],
          [
            80.1048188,
            13.118132
          ],
          [
            80.1055373,
            13.1181147
          ],
          [
            80.1072094,
            13.1180883
          ],
          [
            80.1080446,
            13.1180625
          ],
          [
            80.1082342,
            13.1180566
          ],
          [
            80.1098843,
            13.1179969
          ],
          [
            80.111601,
            13.1179241
          ],
          [
            80.1139674,
            13.1177538
          ],
          [
            80.1152245,
            13.1176269
          ],
          [
            80.1177588,
            13.1173722
          ],
          [
            80.1218613,
            13.1169584
          ],
          [
            80.1238939,
            13.1167462
          ],
          [
            80.1252496,
            13.116621
          ],
          [
            80.126105,
            13.1165352
          ],
          [
            80.128524,
            13.1162926
          ],
          [
            80.1295153,
            13.1161983
          ],
          [
            80.1317,
            13.1159862
          ],
          [
            80.1326429,
            13.1158899
          ],
          [
            80.1340941,
            13.1156962
          ],
          [
            80.1361341,
            13.1154922
          ],
          [
            80.1390651,
            13.1152034
          ],
          [
            80.141602,
            13.1149425
          ],
          [
            80.1429266,
            13.1148084
          ],
          [
            80.1440348,
            13.1146898
          ],
          [
            80.1450305,
            13.1145945
          ],
          [
            80.1469093,
            13.1144394
          ],
          [
            80.1480546,
            13.1143668
          ],
          [
            80.1487414,
            13.1143788
          ],
          [
            80.1489228,
            13.1143735
          ],
          [
            80.1505811,
            13.1142945
          ],
          [
            80.151112,
            13.1142715
          ],
          [
            80.1514911,
            13.1142606
          ],
          [
            80.153778,
            13.1142088
          ],
          [
            80.1542694,
            13.1142101
          ],
          [
            80.1545007,
            13.1142104
          ],
          [
            80.1555137,
            13.1142117
          ],
          [
            80.1558006,
            13.1142083
          ],
          [
            80.1563379,
            13.1141869
          ],
          [
            80.1566513,
            13.1141818
          ],
          [
            80.1574507,
            13.1142062
          ],
          [
            80.1579251,
            13.1142207
          ],
          [
            80.1591754,
            13.114264
          ],
          [
            80.1628192,
            13.1144605
          ],
          [
            80.1651783,
            13.1145277
          ],
          [
            80.1674928,
            13.1145433
          ],
          [
            80.1700549,
            13.1145099
          ],
          [
            80.1745288,
            13.1142888
          ],
          [
            80.1771187,
            13.114086
          ],
          [
            80.1796793,
            13.1138028
          ],
          [
            80.1825118,
            13.113472
          ],
          [
            80.1883432,
            13.112807
          ],
          [
            80.1969293,
            13.1118425
          ],
          [
            80.2050243,
            13.1109051
          ],
          [
            80.2054888,
            13.1108269
          ],
          [
            80.2064843,
            13.1106093
          ],
          [
            80.2068289,
            13.1105326
          ],
          [
            80.2071283,
            13.1104854
          ],
          [
            80.2080209,
            13.1103811
          ],
          [
            80.2095994,
            13.1101829
          ],
          [
            80.2102015,
            13.1101181
          ],
          [
            80.2104911,
            13.1100923
          ],
          [
            80.2112435,
            13.1100158
          ],
          [
            80.2126237,
            13.1098972
          ],
          [
            80.2195281,
            13.1090978
          ],
          [
            80.2199141,
            13.1090517
          ],
          [
            80.2207723,
            13.1089032
          ],
          [
            80.2212158,
            13.1088313
          ],
          [
            80.2234962,
            13.1085627
          ],
          [
            80.2246318,
            13.1084317
          ],
          [
            80.2267626,
            13.1081775
          ],
          [
            80.2276432,
            13.1080879
          ],
          [
            80.2283786,
            13.1080307
          ],
          [
            80.2296456,
            13.1079621
          ],
          [
            80.2300045,
            13.1079416
          ],
          [
            80.234986,
            13.1076816
          ],
          [
            80.2355828,
            13.1076429
          ],
          [
            80.2369089,
            13.1075345
          ],
          [
            80.2375065,
            13.1074787
          ],
          [
            80.2383416,
            13.1074366
          ],
          [
            80.2389066,
            13.1074035
          ],
          [
            80.239745,
            13.1073779
          ],
          [
            80.2403067,
            13.1073634
          ],
          [
            80.2419211,
            13.1074148
          ]
        ]
      },
      "id": "way/369358282"
    },
    {
      "type": "Feature",
      "properties": {
        "start_km": 258.931,
        "end_km": 267.429
      },
      "geometry": {
        "type": "LineString",
        "coordinates": [
          [
            80.2419211,
            13.1073612
          ],
          [
            80.2402975,
            13.1073222
          ],
          [
            80.2397211,
            13.1073311
          ],
          [
            80.2384913,
            13.1073716
          ],
          [
            80.2378887,
            13.1074117
          ],
          [
            80.2375207,
            13.1074298
          ],
          [
            80.2368764,
            13.1074786
          ],
          [
            80.2355695,
            13.1076065
          ],
          [
            80.2349973,
            13.1076362
          ],
          [
            80.2300115,
            13.1079045
          ],
          [
            80.2296443,
            13.1079247
          ],
          [
            80.228373,
            13.1079973
          ],
          [
            80.2276446,
            13.1080398
          ],
          [
            80.2267799,
            13.1081375
          ],
          [
            80.2246439,
            13.1083881
          ],
          [
            80.2229067,
            13.1085878
          ],
          [
            80.2227376,
            13.1086125
          ],
          [
            80.2211759,
            13.1087948
          ],
          [
            80.2207484,
            13.1088694
          ],
          [
            80.2198669,
            13.1090092
          ],
          [
            80.2195182,
            13.1090563
          ],
          [
            80.2123095,
            13.1098816
          ],
          [
            80.2117929,
            13.1099176
          ],
          [
            80.2112729,
            13.1099492
          ],
          [
            80.2111043,
            13.1099736
          ],
          [
            80.2100843,
            13.1100889
          ],
          [
            80.2080875,
            13.1103273
          ],
          [
            80.2080085,
            13.1103355
          ],
          [
            80.2075346,
            13.1103834
          ],
          [
            80.2068526,
            13.1104767
          ],
          [
            80.2064127,
            13.1105692
          ],
          [
            80.2054845,
            13.110778
          ],
          [
            80.2049966,
            13.1108557
          ],
          [
            80.2040256,
            13.1109737
          ],
          [
            80.1969284,
            13.1117956
          ],
          [
            80.1883294,
            13.1127686
          ],
          [
            80.1825121,
            13.1134356
          ],
          [
            80.1796772,
            13.1137559
          ],
          [
            80.177103,
            13.1140386
          ],
          [
            80.1745374,
            13.1142391
          ],
          [
            80.1700428,
            13.1144616
          ],
          [
            80.1675155,
            13.114503
          ],
          [
            80.1661815,
            13.1144999
          ],
          [
            80.1651848,
            13.1144828
          ],
          [
            80.1639721,
            13.1144468
          ]
        ]
      },
      "id": "way/369358283"
    },
    {
      "type": "Feature",
      "properties": {
        "start_km": 267.429,
        "end_km": 267.944
      },
      "geometry": {
        "type": "LineString",
        "coordinates": [
          [
            80.2204237,
            13.1087312
          ],
          [
            80.2164086,
            13.1091989
          ],
          [
            80.2159926,
            13.1092616
          ],
          [
            80.2157145,
            13.1093261
          ]
        ]
      },
      "id": "way/369371172"
    },
    {
      "type": "Feature",
      "properties": {
        "start_km": 267.944,
        "end_km": 268.473
      },
      "geometry": {
        "type": "LineString",
        "coordinates": [
          [
            80.2208181,
            13.108724
          ],
          [
            80.2204237,
            13.1087312
          ],
          [
            80.2201495,
            13.1087246
          ],
          [
            80.2197234,
            13.1087151
          ],
          [
            80.2195586,
            13.1087303
          ],
          [
            80.2193691,
            13.108752
          ],
          [
            80.2170731,
            13.1090154
          ],
          [
            80.21666,
            13.1090825
          ],
          [
            80.2163449,
            13.1091645
          ],
          [
            80.2159926,
            13.1092616
          ]
        ]
      },
      "id": "way/369371173"
    },
    {
      "type": "Feature",
      "properties": {
        "start_km": 268.473,
        "end_km": 268.563
      },
      "geometry": {
        "type": "LineString",
        "coordinates": [
          [
            80.2117929,
            13.1099176
          ],
          [
            80.2126237,
            13.1098972
          ]
        ]
      },
      "id": "way/374791600"
    },
    {
      "type": "Feature",
      "properties": {
        "start_km": 268.563,
        "end_km": 268.628
      },
      "geometry": {
        "type": "LineString",
        "coordinates": [
          [
            80.2725026,
            13.1067001
          ],
          [
            80.2722608,
            13.1061588
          ]
        ]
      },
      "id": "way/384610999"
    },
    {
      "type": "Feature",
      "properties": {
        "start_km": 268.628,
        "end_km": 268.704
      },
      "geometry": {
        "type": "LineString",
        "coordinates": [
          [
            80.2744589,
            13.0902482
          ],
          [
            80.2744284,
            13.0904603
          ],
          [
            80.2743785,
            13.090711
          ],
          [
            80.2743158,
            13.0909149
          ]
        ]
      },
      "id": "way/457176575"
    },
    {
      "type": "Feature",
      "properties": {
        "start_km": 268.704,
        "end_km": 268.991
      },
      "geometry": {
        "type": "LineString",
        "coordinates": [
          [
            80.2747705,
            13.0888351
          ],
          [
            80.2747049,
            13.089207
          ],
          [
            80.2745174,
            13.0904837
          ],
          [
            80.2744563,
            13.0907424
          ],
          [
            80.2743924,
            13.0909595
          ],
          [
            80.2743275,
            13.0911604
          ],
          [
            80.2742416,
            13.0913701
          ]
        ]
      },
      "id": "way/457176577"
    },
    {
      "type": "Feature",
      "properties": {
        "start_km": 268.991,
        "end_km": 270.2
      },
      "geometry": {
        "type": "LineString",
        "coordinates": [
          [
            80.2749833,
            13.0800583
          ],
          [
            80.274754,
            13.0801445
          ],
          [
            80.2743423,
            13.0803013
          ],
          [
            80.2739789,
            13.0804397
          ],
          [
            80.2729632,
            13.0807519
          ],
          [
            80.2727893,
            13.0807977
          ],
          [
            80.2726807,
            13.0808199
          ],
          [
            80.2725318,
            13.0808447
          ],
          [
            80.2723719,
            13.0808596
          ],
          [
            80.2721808,
            13.0808695
          ],
          [
            80.2720772,
            13.0808721
          ],
          [
            80.2718659,
            13.0808633
          ],
          [
            80.2714968,
            13.080831
          ],
          [
            80.2708259,
            13.0806864
          ],
          [
            80.2685099,
            13.0803391
          ],
          [
            80.2681372,
            13.080246
          ],
          [
            80.2676835,
            13.0800811
          ],
          [
            80.2652291,
            13.0789956
          ],
          [
            80.2647743,
            13.0788101
          ],
          [
            80.2645617,
            13.0787467
          ],
          [
            80.2643453,
            13.0786978
          ]
        ]
      },
      "id": "way/517505312"
    },
    {
      "type": "Feature",
      "properties": {
        "start_km": 270.2,
        "end_km": 271.401
      },
      "geometry": {
        "type": "LineString",
        "coordinates": [
          [
            80.2749626,
            13.080025
          ],
          [
            80.273893,
            13.0803091
          ],
          [
            80.2727902,
            13.080649
          ],
          [
            80.2724365,
            13.0807208
          ],
          [
            80.2721677,
            13.0807631
          ],
          [
            80.2718278,
            13.0807699
          ],
          [
            80.2715253,
            13.0807558
          ],
          [
            80.2708425,
            13.0806719
          ],
          [
            80.2685278,
            13.0802898
          ],
          [
            80.2681501,
            13.0801895
          ],
          [
            80.2676867,
            13.0800223
          ],
          [
            80.2652467,
            13.0789479
          ],
          [
            80.264791,
            13.0787649
          ],
          [
            80.2645774,
            13.0787054
          ],
          [
            80.2643594,
            13.078652
          ]
        ]
      },
      "id": "way/517505317"
    },
    {
      "type": "Feature",
      "properties": {
        "start_km": 271.401,
        "end_km": 272.883
      },
      "geometry": {
        "type": "LineString",
        "coordinates": [
          [
            80.2845247,
            13.1422232
          ],
          [
            80.2849444,
            13.142346
          ],
          [
            80.2851899,
            13.1424322
          ],
          [
            80.2853964,
            13.1425288
          ],
          [
            80.2856244,
            13.1426686
          ],
          [
            80.2859141,
            13.1429089
          ],
          [
            80.2860777,
            13.1430943
          ],
          [
            80.2863231,
            13.1434508
          ],
          [
            80.2867737,
            13.1441104
          ],
          [
            80.2872136,
            13.1447411
          ],
          [
            80.2876481,
            13.1453589
          ],
          [
            80.2880652,
            13.145957
          ],
          [
            80.2883844,
            13.1464154
          ],
          [
            80.2886272,
            13.1468842
          ],
          [
            80.288821,
            13.1472715
          ],
          [
            80.2888944,
            13.1474084
          ],
          [
            80.2889691,
            13.1475476
          ],
          [
            80.2892802,
            13.1481915
          ],
          [
            80.2895699,
            13.148804
          ],
          [
            80.2898971,
            13.1495418
          ],
          [
            80.2901318,
            13.1500459
          ],
          [
            80.2903469,
            13.150525
          ],
          [
            80.2904995,
            13.1508692
          ],
          [
            80.2905964,
            13.1510878
          ],
          [
            80.2907989,
            13.1514927
          ],
          [
            80.2910108,
            13.1519576
          ],
          [
            80.2912374,
            13.1524304
          ],
          [
            80.2913501,
            13.1526001
          ],
          [
            80.2914748,
            13.1528025
          ],
          [
            80.2917765,
            13.1531577
          ],
          [
            80.2918061,
            13.153202
          ]
        ]
      },
      "id": "way/545740310"
    },
    {
      "type": "Feature",
      "properties": {
        "start_km": 272.883,
        "end_km": 273.637
      },
      "geometry": {
        "type": "LineString",
        "coordinates": [
          [
            80.2805626,
            13.0620574
          ],
          [
            80.2804427,
            13.0611835
          ],
          [
            80.280395,
            13.060744
          ],
          [
            80.2803799,
            13.0606362
          ],
          [
            80.2803316,
            13.0602417
          ],
          [
            80.2803198,
            13.0597414
          ],
          [
            80.2803198,
            13.0596567
          ],
          [
            80.2803402,
            13.0593364
          ],
          [
            80.2804165,
            13.058044
          ],
          [
            80.2805208,
            13.0560639
          ],
          [
            80.2805277,
            13.0559321
          ],
          [
            80.2805628,
            13.0552656
          ]
        ]
      },
      "id": "way/549727223"
    },
    {
      "type": "Feature",
      "properties": {
        "start_km": 273.637,
        "end_km": 274.87
      },
      "geometry": {
        "type": "LineString",
        "coordinates": [
          [
            80.2805628,
            13.0552656
          ],
          [
            80.2805924,
            13.0544385
          ],
          [
            80.2805874,
            13.0541693
          ],
          [
            80.2805239,
            13.0537855
          ],
          [
            80.2804157,
            13.0533834
          ],
          [
            80.2802468,
            13.0529887
          ],
          [
            80.2798939,
            13.0523467
          ],
          [
            80.2798742,
            13.0523107
          ],
          [
            80.2792158,
            13.051231
          ],
          [
            80.2789141,
            13.05069
          ],
          [
            80.2785773,
            13.0500781
          ],
          [
            80.278315,
            13.0496253
          ],
          [
            80.2780869,
            13.0491413
          ],
          [
            80.2776727,
            13.0479349
          ],
          [
            80.2772036,
            13.0464608
          ],
          [
            80.2769914,
            13.04582
          ],
          [
            80.2767791,
            13.0451792
          ],
          [
            80.2766978,
            13.044929
          ]
        ]
      },
      "id": "way/549727226"
    },
    {
      "type": "Feature",
      "properties": {
        "start_km": 274.87,
        "end_km": 275.818
      },
      "geometry": {
        "type": "LineString",
        "coordinates": [
          [
            80.2766978,
            13.044929
          ],
          [
            80.2765126,
            13.0443593
          ],
          [
            80.2763595,
            13.043876
          ],
          [
            80.2761596,
            13.043436
          ],
          [
            80.2759153,
            13.0430873
          ],
          [
            80.2756783,
            13.0428445
          ],
          [
            80.2752316,
            13.0425151
          ],
          [
            80.2748712,
            13.0423203
          ],
          [
            80.2745775,
            13.0421905
          ],
          [
            80.274,
            13.0420679
          ],
          [
            80.2734076,
            13.0420679
          ],
          [
            80.2728732,
            13.0420757
          ],
          [
            80.2725907,
            13.0420799
          ],
          [
            80.2720082,
            13.0419813
          ],
          [
            80.2715072,
            13.0418274
          ],
          [
            80.2709617,
            13.0415437
          ],
          [
            80.2703694,
            13.0411205
          ],
          [
            80.269992,
            13.0406785
          ]
        ]
      },
      "id": "way/549727227"
    },
    {
      "type": "Feature",
      "properties": {
        "start_km": 275.818,
        "end_km": 276.489
      },
      "geometry": {
        "type": "LineString",
        "coordinates": [
          [
            80.269992,
            13.0406785
          ],
          [
            80.2699424,
            13.0406204
          ],
          [
            80.2696191,
            13.0400385
          ],
          [
            80.269458,
            13.0396075
          ],
          [
            80.2693853,
            13.0392
          ],
          [
            80.269276,
            13.0379995
          ],
          [
            80.2691871,
            13.0376147
          ],
          [
            80.2689773,
            13.037206
          ],
          [
            80.2683504,
            13.0363788
          ],
          [
            80.2674446,
            13.0353467
          ]
        ]
      },
      "id": "way/549727229"
    },
    {
      "type": "Feature",
      "properties": {
        "start_km": 276.489,
        "end_km": 277.647
      },
      "geometry": {
        "type": "LineString",
        "coordinates": [
          [
            80.2674446,
            13.0353467
          ],
          [
            80.2673845,
            13.0352825
          ],
          [
            80.2665191,
            13.034335
          ],
          [
            80.2661242,
            13.0340416
          ],
          [
            80.2646433,
            13.0334309
          ],
          [
            80.2641349,
            13.0332144
          ],
          [
            80.2638658,
            13.0330101
          ],
          [
            80.2635277,
            13.0327215
          ],
          [
            80.2631525,
            13.0323608
          ],
          [
            80.2626885,
            13.0319232
          ],
          [
            80.262301,
            13.0315312
          ],
          [
            80.2619135,
            13.0310816
          ],
          [
            80.2616593,
            13.0306536
          ],
          [
            80.2614273,
            13.0302039
          ],
          [
            80.2608444,
            13.0287697
          ],
          [
            80.2607041,
            13.0284029
          ],
          [
            80.2605097,
            13.0279213
          ]
        ]
      },
      "id": "way/549727231"
    },
    {
      "type": "Feature",
      "properties": {
        "start_km": 277.647,
        "end_km": 278.826
      },
      "geometry": {
        "type": "LineString",
        "coordinates": [
          [
            80.2605097,
            13.0279213
          ],
          [
            80.2602895,
            13.0273761
          ],
          [
            80.2597046,
            13.025967
          ],
          [
            80.259359,
            13.0254356
          ],
          [
            80.2589789,
            13.0250316
          ],
          [
            80.2585988,
            13.0247791
          ],
          [
            80.2582212,
            13.0245916
          ],
          [
            80.25696,
            13.0240481
          ],
          [
            80.2543954,
            13.0229758
          ],
          [
            80.2537844,
            13.0227144
          ],
          [
            80.2533599,
            13.0224596
          ],
          [
            80.253064,
            13.0222219
          ],
          [
            80.2529402,
            13.0220875
          ],
          [
            80.2527529,
            13.0218512
          ],
          [
            80.252532,
            13.0214925
          ]
        ]
      },
      "id": "way/549727233"
    },
    {
      "type": "Feature",
      "properties": {
        "start_km": 278.826,
        "end_km": 279.658
      },
      "geometry": {
        "type": "LineString",
        "coordinates": [
          [
            80.252532,
            13.0214925
          ],
          [
            80.2523446,
            13.0211553
          ],
          [
            80.2521496,
            13.0208547
          ],
          [
            80.251456,
            13.0198351
          ],
          [
            80.2506514,
            13.0189622
          ],
          [
            80.2503108,
            13.0185847
          ],
          [
            80.2494593,
            13.0176493
          ],
          [
            80.249215,
            13.0173391
          ],
          [
            80.2490299,
            13.0170409
          ],
          [
            80.2488339,
            13.0166896
          ],
          [
            80.2486388,
            13.0161588
          ],
          [
            80.2485371,
            13.0156875
          ],
          [
            80.2484802,
            13.0153508
          ],
          [
            80.2484724,
            13.0152615
          ]
        ]
      },
      "id": "way/549727235"
    },
    {
      "type": "Feature",
      "properties": {
        "start_km": 279.658,
        "end_km": 280.576
      },
      "geometry": {
        "type": "LineString",
        "coordinates": [
          [
            80.2484112,
            13.0145658
          ],
          [
            80.2480655,
            13.011564
          ],
          [
            80.2479354,
            13.0103796
          ],
          [
            80.2478338,
            13.008514
          ],
          [
            80.2477555,
            13.0062918
          ]
        ]
      },
      "id": "way/549727236"
    },
    {
      "type": "Feature",
      "properties": {
        "start_km": 280.576,
        "end_km": 281.085
      },
      "geometry": {
        "type": "LineString",
        "coordinates": [
          [
            80.2477555,
            13.0062918
          ],
          [
            80.2477322,
            13.0056302
          ],
          [
            80.2476753,
            13.004018
          ],
          [
            80.2477403,
            13.003515
          ],
          [
            80.2478989,
            13.0027702
          ],
          [
            80.2481511,
            13.0017395
          ]
        ]
      },
      "id": "way/549727239"
    },
    {
      "type": "Feature",
      "properties": {
        "start_km": 281.085,
        "end_km": 281.58
      },
      "geometry": {
        "type": "LineString",
        "coordinates": [
          [
            80.2492749,
            12.9974025
          ],
          [
            80.2491575,
            12.9979136
          ],
          [
            80.248655,
            12.9998112
          ],
          [
            80.2481511,
            13.0017395
          ]
        ]
      },
      "id": "way/549727241"
    },
    {
      "type": "Feature",
      "properties": {
        "start_km": 281.58,
        "end_km": 282.498
      },
      "geometry": {
        "type": "LineString",
        "coordinates": [
          [
            80.2484402,
            13.0145652
          ],
          [
            80.2482501,
            13.0128428
          ],
          [
            80.2479883,
            13.0104708
          ],
          [
            80.2479273,
            13.00933
          ],
          [
            80.2478826,
            13.0078326
          ],
          [
            80.2478338,
            13.0062997
          ]
        ]
      },
      "id": "way/549727255"
    },
    {
      "type": "Feature",
      "properties": {
        "start_km": 282.498,
        "end_km": 283.33
      },
      "geometry": {
        "type": "LineString",
        "coordinates": [
          [
            80.2525988,
            13.0214775
          ],
          [
            80.2523026,
            13.0209792
          ],
          [
            80.2515301,
            13.0198754
          ],
          [
            80.2495474,
            13.0176928
          ],
          [
            80.2492299,
            13.0172998
          ],
          [
            80.2489809,
            13.01689
          ],
          [
            80.2487404,
            13.016345
          ],
          [
            80.2486119,
            13.0159367
          ],
          [
            80.2485175,
            13.0153346
          ],
          [
            80.2485101,
            13.0152607
          ]
        ]
      },
      "id": "way/549727256"
    },
    {
      "type": "Feature",
      "properties": {
        "start_km": 283.33,
        "end_km": 284.506
      },
      "geometry": {
        "type": "LineString",
        "coordinates": [
          [
            80.2605783,
            13.0278907
          ],
          [
            80.2602969,
            13.0272126
          ],
          [
            80.2601044,
            13.0267629
          ],
          [
            80.2597465,
            13.0259526
          ],
          [
            80.259521,
            13.0256036
          ],
          [
            80.2592978,
            13.0253025
          ],
          [
            80.2589888,
            13.0250015
          ],
          [
            80.2586626,
            13.0247841
          ],
          [
            80.2581906,
            13.0245332
          ],
          [
            80.2537971,
            13.0226768
          ],
          [
            80.2534173,
            13.0224432
          ],
          [
            80.2532467,
            13.0222996
          ],
          [
            80.2530456,
            13.0221296
          ],
          [
            80.2528654,
            13.0219244
          ],
          [
            80.2527977,
            13.0218149
          ],
          [
            80.2525988,
            13.0214775
          ]
        ]
      },
      "id": "way/549727257"
    },
    {
      "type": "Feature",
      "properties": {
        "start_km": 284.506,
        "end_km": 285.582
      },
      "geometry": {
        "type": "LineString",
        "coordinates": [
          [
            80.2669792,
            13.0347683
          ],
          [
            80.2667599,
            13.0345165
          ],
          [
            80.2665419,
            13.0343001
          ],
          [
            80.2662243,
            13.0340493
          ],
          [
            80.2658838,
            13.0338873
          ],
          [
            80.2647137,
            13.0334305
          ],
          [
            80.2643017,
            13.0332382
          ],
          [
            80.263864,
            13.0329622
          ],
          [
            80.2628786,
            13.0320795
          ],
          [
            80.2623534,
            13.0315407
          ],
          [
            80.2620358,
            13.0311978
          ],
          [
            80.2617869,
            13.0307881
          ],
          [
            80.2614714,
            13.0302328
          ],
          [
            80.2605783,
            13.0278907
          ]
        ]
      },
      "id": "way/549727258"
    },
    {
      "type": "Feature",
      "properties": {
        "start_km": 285.582,
        "end_km": 286.335
      },
      "geometry": {
        "type": "LineString",
        "coordinates": [
          [
            80.2700309,
            13.0406672
          ],
          [
            80.2699065,
            13.0404879
          ],
          [
            80.2697176,
            13.0401367
          ],
          [
            80.2694923,
            13.039598
          ],
          [
            80.2694462,
            13.0392984
          ],
          [
            80.2693142,
            13.0379961
          ],
          [
            80.2692027,
            13.0375864
          ],
          [
            80.2690138,
            13.0371933
          ],
          [
            80.2686705,
            13.0366916
          ],
          [
            80.2680182,
            13.0359307
          ],
          [
            80.2669792,
            13.0347683
          ]
        ]
      },
      "id": "way/549727259"
    },
    {
      "type": "Feature",
      "properties": {
        "start_km": 286.335,
        "end_km": 287.285
      },
      "geometry": {
        "type": "LineString",
        "coordinates": [
          [
            80.2767302,
            13.0449287
          ],
          [
            80.2765589,
            13.0443521
          ],
          [
            80.2764468,
            13.0439747
          ],
          [
            80.2762579,
            13.043565
          ],
          [
            80.2760605,
            13.0432222
          ],
          [
            80.2758717,
            13.042988
          ],
          [
            80.2755799,
            13.0427205
          ],
          [
            80.275288,
            13.0425114
          ],
          [
            80.2749705,
            13.0423191
          ],
          [
            80.2745585,
            13.0421519
          ],
          [
            80.2741551,
            13.0420515
          ],
          [
            80.2737774,
            13.0420097
          ],
          [
            80.2735167,
            13.0420192
          ],
          [
            80.2726273,
            13.0420515
          ],
          [
            80.2721896,
            13.041993
          ],
          [
            80.2717518,
            13.0418927
          ],
          [
            80.2712454,
            13.0416669
          ],
          [
            80.2708294,
            13.0413999
          ],
          [
            80.270581,
            13.0412108
          ],
          [
            80.2704815,
            13.0411568
          ],
          [
            80.2701725,
            13.0408558
          ],
          [
            80.2700309,
            13.0406672
          ]
        ]
      },
      "id": "way/549727260"
    },
    {
      "type": "Feature",
      "properties": {
        "start_km": 287.285,
        "end_km": 288.518
      },
      "geometry": {
        "type": "LineString",
        "coordinates": [
          [
            80.2805998,
            13.055268
          ],
          [
            80.2806267,
            13.0543596
          ],
          [
            80.2806194,
            13.0541691
          ],
          [
            80.2805358,
            13.0536405
          ],
          [
            80.2804331,
            13.0532797
          ],
          [
            80.2792346,
            13.0511819
          ],
          [
            80.2783667,
            13.0495863
          ],
          [
            80.2781537,
            13.0491256
          ],
          [
            80.2780223,
            13.0487467
          ],
          [
            80.2777348,
            13.0479313
          ],
          [
            80.2767302,
            13.0449287
          ]
        ]
      },
      "id": "way/549727262"
    },
    {
      "type": "Feature",
      "properties": {
        "start_km": 288.518,
        "end_km": 289.271
      },
      "geometry": {
        "type": "LineString",
        "coordinates": [
          [
            80.2806464,
            13.0620417
          ],
          [
            80.2805883,
            13.0616126
          ],
          [
            80.2805248,
            13.0611707
          ],
          [
            80.2803864,
            13.0603295
          ],
          [
            80.2803713,
            13.0599256
          ],
          [
            80.2803907,
            13.0593458
          ],
          [
            80.2804079,
            13.059057
          ],
          [
            80.2804541,
            13.0583297
          ],
          [
            80.2805099,
            13.0573072
          ],
          [
            80.2805998,
            13.055268
          ]
        ]
      },
      "id": "way/549727264"
    },
    {
      "type": "Feature",
      "properties": {
        "start_km": 289.271,
        "end_km": 289.33
      },
      "geometry": {
        "type": "LineString",
        "coordinates": [
          [
            80.2807044,
            13.0625733
          ],
          [
            80.2806464,
            13.0620417
          ]
        ]
      },
      "id": "way/549727265"
    },
    {
      "type": "Feature",
      "properties": {
        "start_km": 289.33,
        "end_km": 290.908
      },
      "geometry": {
        "type": "LineString",
        "coordinates": [
          [
            80.2738203,
            13.0744312
          ],
          [
            80.273991,
            13.0730718
          ],
          [
            80.2740833,
            13.0727149
          ],
          [
            80.2742133,
            13.0723905
          ],
          [
            80.2743605,
            13.0721279
          ],
          [
            80.274483,
            13.0719479
          ],
          [
            80.2746216,
            13.0717857
          ],
          [
            80.2749793,
            13.0714518
          ],
          [
            80.2755648,
            13.0710385
          ],
          [
            80.2761611,
            13.0706241
          ],
          [
            80.2773332,
            13.0697911
          ],
          [
            80.2775212,
            13.0696341
          ],
          [
            80.2777038,
            13.0694687
          ],
          [
            80.2778832,
            13.0692605
          ],
          [
            80.2780272,
            13.0690407
          ],
          [
            80.2781368,
            13.0688586
          ],
          [
            80.2782302,
            13.0686786
          ],
          [
            80.2782904,
            13.0685259
          ],
          [
            80.2783376,
            13.0683637
          ],
          [
            80.27843,
            13.0680382
          ],
          [
            80.2784848,
            13.0677263
          ],
          [
            80.2785332,
            13.0674208
          ],
          [
            80.2786556,
            13.0668054
          ],
          [
            80.2787287,
            13.0665731
          ],
          [
            80.2788619,
            13.0662623
          ],
          [
            80.2790628,
            13.065919
          ],
          [
            80.2796215,
            13.0651341
          ],
          [
            80.2801855,
            13.0643388
          ],
          [
            80.2802757,
            13.0641975
          ],
          [
            80.2803627,
            13.0640353
          ],
          [
            80.2804444,
            13.0638616
          ],
          [
            80.2805174,
            13.06369
          ],
          [
            80.2805776,
            13.0635152
          ],
          [
            80.2806216,
            13.0633478
          ],
          [
            80.2806657,
            13.0631332
          ],
          [
            80.2807044,
            13.0629072
          ],
          [
            80.2807119,
            13.0627418
          ],
          [
            80.2807044,
            13.0625733
          ]
        ]
      },
      "id": "way/549727267"
    },
    {
      "type": "Feature",
      "properties": {
        "start_km": 290.908,
        "end_km": 291.334
      },
      "geometry": {
        "type": "LineString",
        "coordinates": [
          [
            80.2895164,
            13.0854182
          ],
          [
            80.2898152,
            13.0855571
          ],
          [
            80.2899717,
            13.0856475
          ],
          [
            80.2901631,
            13.085778
          ],
          [
            80.2903764,
            13.0859774
          ],
          [
            80.2905316,
            13.0861622
          ],
          [
            80.2906502,
            13.086342
          ],
          [
            80.2907594,
            13.0865759
          ],
          [
            80.2908584,
            13.0868353
          ],
          [
            80.2909914,
            13.087237
          ],
          [
            80.2911218,
            13.0875764
          ],
          [
            80.2912548,
            13.0879349
          ],
          [
            80.2914064,
            13.0885982
          ]
        ]
      },
      "id": "way/551159636"
    },
    {
      "type": "Feature",
      "properties": {
        "start_km": 291.334,
        "end_km": 291.602
      },
      "geometry": {
        "type": "LineString",
        "coordinates": [
          [
            80.2896011,
            13.0853838
          ],
          [
            80.2898144,
            13.0854937
          ],
          [
            80.2899547,
            13.085574
          ],
          [
            80.2901869,
            13.0857149
          ],
          [
            80.2903888,
            13.0858917
          ],
          [
            80.2905614,
            13.0860951
          ],
          [
            80.2907114,
            13.0863403
          ],
          [
            80.2908222,
            13.0865714
          ],
          [
            80.2908801,
            13.0867548
          ],
          [
            80.2909914,
            13.087237
          ]
        ]
      },
      "id": "way/551159637"
    },
    {
      "type": "Feature",
      "properties": {
        "start_km": 291.602,
        "end_km": 291.887
      },
      "geometry": {
        "type": "LineString",
        "coordinates": [
          [
            80.2898453,
            13.0854561
          ],
          [
            80.2901514,
            13.0856352
          ],
          [
            80.2903284,
            13.0857721
          ],
          [
            80.2904968,
            13.0859339
          ],
          [
            80.2906787,
            13.0861897
          ],
          [
            80.2908187,
            13.0864454
          ],
          [
            80.2909241,
            13.0867453
          ],
          [
            80.2911218,
            13.0875764
          ]
        ]
      },
      "id": "way/551159638"
    },
    {
      "type": "Feature",
      "properties": {
        "start_km": 291.887,
        "end_km": 292.217
      },
      "geometry": {
        "type": "LineString",
        "coordinates": [
          [
            80.2898872,
            13.0854218
          ],
          [
            80.2902235,
            13.0856151
          ],
          [
            80.290521,
            13.0858678
          ],
          [
            80.2907311,
            13.0861643
          ],
          [
            80.2908642,
            13.086395
          ],
          [
            80.290971,
            13.0867246
          ],
          [
            80.291088,
            13.0872308
          ],
          [
            80.2912548,
            13.0879349
          ]
        ]
      },
      "id": "way/551159639"
    },
    {
      "type": "Feature",
      "properties": {
        "start_km": 292.217,
        "end_km": 292.405
      },
      "geometry": {
        "type": "LineString",
        "coordinates": [
          [
            80.2907483,
            13.0873769
          ],
          [
            80.2909387,
            13.0876844
          ],
          [
            80.2911835,
            13.0881363
          ],
          [
            80.2912888,
            13.0883896
          ],
          [
            80.2914709,
            13.0889172
          ]
        ]
      },
      "id": "way/551159640"
    },
    {
      "type": "Feature",
      "properties": {
        "start_km": 292.405,
        "end_km": 292.473
      },
      "geometry": {
        "type": "LineString",
        "coordinates": [
          [
            80.2783138,
            13.1203266
          ],
          [
            80.2781928,
            13.1199756
          ],
          [
            80.2781328,
            13.1197393
          ]
        ]
      },
      "id": "way/551166783"
    },
    {
      "type": "Feature",
      "properties": {
        "start_km": 292.473,
        "end_km": 293.399
      },
      "geometry": {
        "type": "LineString",
        "coordinates": [
          [
            80.2953652,
            13.1574425
          ],
          [
            80.2955281,
            13.1578984
          ],
          [
            80.2955854,
            13.1580975
          ],
          [
            80.2956529,
            13.1583082
          ],
          [
            80.295893,
            13.1589027
          ],
          [
            80.2969499,
            13.1612197
          ],
          [
            80.2980993,
            13.1636207
          ],
          [
            80.298185,
            13.1638122
          ],
          [
            80.2983979,
            13.1642875
          ],
          [
            80.2985963,
            13.1647053
          ],
          [
            80.2988037,
            13.1650918
          ]
        ]
      },
      "id": "way/551522013"
    },
    {
      "type": "Feature",
      "properties": {
        "start_km": 293.399,
        "end_km": 293.487
      },
      "geometry": {
        "type": "LineString",
        "coordinates": [
          [
            80.2988054,
            13.1649856
          ],
          [
            80.2983979,
            13.1642875
          ]
        ]
      },
      "id": "way/551522014"
    },
    {
      "type": "Feature",
      "properties": {
        "start_km": 293.487,
        "end_km": 293.516
      },
      "geometry": {
        "type": "LineString",
        "coordinates": [
          [
            80.2952688,
            13.1572411
          ],
          [
            80.2951961,
            13.1569892
          ]
        ]
      },
      "id": "way/551522015"
    },
    {
      "type": "Feature",
      "properties": {
        "start_km": 293.516,
        "end_km": 293.561
      },
      "geometry": {
        "type": "LineString",
        "coordinates": [
          [
            80.2944163,
            13.1552303
          ],
          [
            80.2941929,
            13.1548924
          ]
        ]
      },
      "id": "way/551522016"
    },
    {
      "type": "Feature",
      "properties": {
        "start_km": 293.561,
        "end_km": 295.539
      },
      "geometry": {
        "type": "LineString",
        "coordinates": [
          [
            80.2941408,
            13.1548166
          ],
          [
            80.2940329,
            13.1546404
          ],
          [
            80.2939504,
            13.1545065
          ],
          [
            80.2938813,
            13.1543746
          ],
          [
            80.2938055,
            13.1541943
          ],
          [
            80.2937371,
            13.1540179
          ],
          [
            80.293664,
            13.1538422
          ],
          [
            80.2935801,
            13.1536652
          ],
          [
            80.293511,
            13.1535045
          ],
          [
            80.2932125,
            13.1528669
          ],
          [
            80.2929469,
            13.1522699
          ],
          [
            80.2926571,
            13.1516323
          ],
          [
            80.2924055,
            13.1510686
          ],
          [
            80.2923492,
            13.150902
          ],
          [
            80.2922861,
            13.1506969
          ],
          [
            80.2922163,
            13.1505232
          ],
          [
            80.2920781,
            13.1502396
          ],
          [
            80.2919239,
            13.1499326
          ],
          [
            80.2916884,
            13.1494407
          ],
          [
            80.291575,
            13.1491788
          ],
          [
            80.2910505,
            13.1479775
          ],
          [
            80.2903655,
            13.1465345
          ],
          [
            80.289975,
            13.1456511
          ],
          [
            80.2894304,
            13.1444578
          ],
          [
            80.2891299,
            13.1437771
          ],
          [
            80.2890212,
            13.1436054
          ],
          [
            80.2888106,
            13.1432618
          ],
          [
            80.2886683,
            13.143026
          ],
          [
            80.2885518,
            13.142878
          ],
          [
            80.2883574,
            13.1426155
          ],
          [
            80.2882089,
            13.1424633
          ],
          [
            80.2880932,
            13.1423281
          ],
          [
            80.2879563,
            13.1421656
          ],
          [
            80.2878518,
            13.1420082
          ],
          [
            80.2877659,
            13.1418136
          ],
          [
            80.28766,
            13.1415837
          ],
          [
            80.2875581,
            13.1413643
          ],
          [
            80.2874561,
            13.1410888
          ],
          [
            80.2873837,
            13.140885
          ],
          [
            80.2872818,
            13.1405912
          ],
          [
            80.2870243,
            13.1399956
          ],
          [
            80.2869603,
            13.1398766
          ],
          [
            80.2867762,
            13.1395346
          ],
          [
            80.2866515,
            13.1393335
          ],
          [
            80.2865455,
            13.139165
          ],
          [
            80.286335,
            13.1387179
          ]
        ]
      },
      "id": "way/551522018"
    },
    {
      "type": "Feature",
      "properties": {
        "start_km": 295.539,
        "end_km": 295.614
      },
      "geometry": {
        "type": "LineString",
        "coordinates": [
          [
            80.2935801,
            13.1536652
          ],
          [
            80.2937137,
            13.1538702
          ],
          [
            80.2938277,
            13.1540609
          ],
          [
            80.2939379,
            13.1542373
          ]
        ]
      },
      "id": "way/551522019"
    },
    {
      "type": "Feature",
      "properties": {
        "start_km": 295.614,
        "end_km": 296.011
      },
      "geometry": {
        "type": "LineString",
        "coordinates": [
          [
            80.293733,
            13.1543584
          ],
          [
            80.2934956,
            13.154109
          ],
          [
            80.2933186,
            13.1538818
          ],
          [
            80.2932053,
            13.1537081
          ],
          [
            80.2930792,
            13.1535004
          ],
          [
            80.29299,
            13.1533143
          ],
          [
            80.2928794,
            13.1531354
          ],
          [
            80.2925233,
            13.1526215
          ],
          [
            80.2924019,
            13.152442
          ],
          [
            80.2922712,
            13.1522938
          ],
          [
            80.2921652,
            13.1521952
          ],
          [
            80.2920821,
            13.1520887
          ],
          [
            80.291952,
            13.1518922
          ],
          [
            80.2918514,
            13.1517185
          ],
          [
            80.291778,
            13.1515929
          ],
          [
            80.2916695,
            13.1514096
          ]
        ]
      },
      "id": "way/551522020"
    },
    {
      "type": "Feature",
      "properties": {
        "start_km": 296.011,
        "end_km": 296.251
      },
      "geometry": {
        "type": "LineString",
        "coordinates": [
          [
            80.2933186,
            13.1538818
          ],
          [
            80.2931824,
            13.1537279
          ],
          [
            80.2930583,
            13.1535816
          ],
          [
            80.2929215,
            13.1534073
          ],
          [
            80.2926701,
            13.1530429
          ],
          [
            80.2924112,
            13.1526688
          ],
          [
            80.2922423,
            13.1523945
          ],
          [
            80.2920821,
            13.1520887
          ]
        ]
      },
      "id": "way/551522021"
    },
    {
      "type": "Feature",
      "properties": {
        "start_km": 296.251,
        "end_km": 296.453
      },
      "geometry": {
        "type": "LineString",
        "coordinates": [
          [
            80.2921652,
            13.1521952
          ],
          [
            80.2922758,
            13.1523645
          ],
          [
            80.2924542,
            13.1526146
          ],
          [
            80.2929302,
            13.1533145
          ],
          [
            80.2930939,
            13.1535738
          ],
          [
            80.2932053,
            13.1537081
          ]
        ]
      },
      "id": "way/551522022"
    },
    {
      "type": "Feature",
      "properties": {
        "start_km": 296.453,
        "end_km": 296.688
      },
      "geometry": {
        "type": "LineString",
        "coordinates": [
          [
            80.2916025,
            13.1513926
          ],
          [
            80.2917347,
            13.1516096
          ],
          [
            80.2917676,
            13.1516635
          ],
          [
            80.2920117,
            13.1522376
          ],
          [
            80.2922667,
            13.1527895
          ],
          [
            80.2925419,
            13.153309
          ]
        ]
      },
      "id": "way/551522023"
    },
    {
      "type": "Feature",
      "properties": {
        "start_km": 296.688,
        "end_km": 296.718
      },
      "geometry": {
        "type": "LineString",
        "coordinates": [
          [
            80.2917676,
            13.1516635
          ],
          [
            80.2917459,
            13.1516073
          ],
          [
            80.2916695,
            13.1514096
          ]
        ]
      },
      "id": "way/551522024"
    },
    {
      "type": "Feature",
      "properties": {
        "start_km": 296.718,
        "end_km": 297.447
      },
      "geometry": {
        "type": "LineString",
        "coordinates": [
          [
            80.2915822,
            13.1520363
          ],
          [
            80.2914576,
            13.1518502
          ],
          [
            80.2914129,
            13.1517804
          ],
          [
            80.2914013,
            13.1517496
          ],
          [
            80.2893266,
            13.1472115
          ],
          [
            80.2889592,
            13.1464148
          ],
          [
            80.2888334,
            13.1460277
          ]
        ]
      },
      "id": "way/551522025"
    },
    {
      "type": "Feature",
      "properties": {
        "start_km": 297.447,
        "end_km": 298.862
      },
      "geometry": {
        "type": "LineString",
        "coordinates": [
          [
            80.2885435,
            13.1452813
          ],
          [
            80.2883988,
            13.1449746
          ],
          [
            80.2882126,
            13.144564
          ],
          [
            80.2881773,
            13.1444874
          ],
          [
            80.2880844,
            13.1442859
          ],
          [
            80.287976,
            13.1441428
          ],
          [
            80.2879177,
            13.1440446
          ],
          [
            80.2873521,
            13.1432908
          ],
          [
            80.2870734,
            13.1428857
          ],
          [
            80.2868096,
            13.1425159
          ],
          [
            80.2850909,
            13.139883
          ],
          [
            80.2849154,
            13.1396947
          ],
          [
            80.2847558,
            13.1395592
          ],
          [
            80.2845068,
            13.1393861
          ],
          [
            80.2842014,
            13.1392464
          ],
          [
            80.2839274,
            13.1391595
          ],
          [
            80.2836621,
            13.1391221
          ],
          [
            80.2833401,
            13.1391103
          ],
          [
            80.2830795,
            13.1391281
          ],
          [
            80.2826026,
            13.1391674
          ],
          [
            80.2823971,
            13.13922
          ],
          [
            80.2819194,
            13.1393257
          ],
          [
            80.2815734,
            13.1394196
          ],
          [
            80.2789714,
            13.140245
          ]
        ]
      },
      "id": "way/551522026"
    },
    {
      "type": "Feature",
      "properties": {
        "start_km": 298.862,
        "end_km": 300.677
      },
      "geometry": {
        "type": "LineString",
        "coordinates": [
          [
            80.2878018,
            13.1429527
          ],
          [
            80.2879162,
            13.1434534
          ],
          [
            80.2880257,
            13.1437049
          ],
          [
            80.2881512,
            13.1439564
          ],
          [
            80.2882194,
            13.1441054
          ],
          [
            80.2882952,
            13.1443811
          ],
          [
            80.2883759,
            13.1446748
          ],
          [
            80.2884479,
            13.1449383
          ],
          [
            80.2884833,
            13.1450579
          ],
          [
            80.2885435,
            13.1452813
          ],
          [
            80.2885799,
            13.1453851
          ],
          [
            80.288626,
            13.1455427
          ],
          [
            80.2888066,
            13.1461887
          ],
          [
            80.2889553,
            13.1467404
          ],
          [
            80.2890204,
            13.1469623
          ],
          [
            80.2891164,
            13.1472892
          ],
          [
            80.289148,
            13.1473834
          ],
          [
            80.2892323,
            13.1475479
          ],
          [
            80.2905235,
            13.1503243
          ],
          [
            80.2913512,
            13.1521943
          ],
          [
            80.2914651,
            13.1524672
          ],
          [
            80.2916387,
            13.1526969
          ],
          [
            80.29179,
            13.1528856
          ],
          [
            80.2919794,
            13.1530688
          ],
          [
            80.2921467,
            13.1531973
          ],
          [
            80.2926679,
            13.1535994
          ],
          [
            80.292964,
            13.1538084
          ],
          [
            80.2930662,
            13.1538863
          ],
          [
            80.2932358,
            13.154005
          ],
          [
            80.2935649,
            13.1542256
          ],
          [
            80.293733,
            13.1543584
          ],
          [
            80.2938999,
            13.1545107
          ],
          [
            80.2940707,
            13.1547146
          ],
          [
            80.2941408,
            13.1548166
          ],
          [
            80.2941929,
            13.1548924
          ],
          [
            80.2943563,
            13.1552358
          ],
          [
            80.2945705,
            13.1556923
          ],
          [
            80.2947645,
            13.1561403
          ],
          [
            80.2952688,
            13.1572411
          ]
        ]
      },
      "id": "way/551522027"
    },
    {
      "type": "Feature",
      "properties": {
        "start_km": 300.677,
        "end_km": 301.261
      },
      "geometry": {
        "type": "LineString",
        "coordinates": [
          [
            80.2913512,
            13.1521943
          ],
          [
            80.291166,
            13.1518772
          ],
          [
            80.2910252,
            13.1515768
          ],
          [
            80.2908683,
            13.1512399
          ],
          [
            80.2898343,
            13.1489806
          ],
          [
            80.2891839,
            13.1475258
          ],
          [
            80.289148,
            13.1473834
          ]
        ]
      },
      "id": "way/551528285"
    },
    {
      "type": "Feature",
      "properties": {
        "start_km": 301.261,
        "end_km": 301.783
      },
      "geometry": {
        "type": "LineString",
        "coordinates": [
          [
            80.2891164,
            13.1472892
          ],
          [
            80.2891342,
            13.1474918
          ],
          [
            80.2892724,
            13.1478497
          ],
          [
            80.2909407,
            13.1514867
          ],
          [
            80.290997,
            13.1516212
          ]
        ]
      },
      "id": "way/551528286"
    },
    {
      "type": "Feature",
      "properties": {
        "start_km": 301.783,
        "end_km": 302.378
      },
      "geometry": {
        "type": "LineString",
        "coordinates": [
          [
            80.291166,
            13.1518772
          ],
          [
            80.290997,
            13.1516212
          ],
          [
            80.2908509,
            13.1513979
          ],
          [
            80.2907275,
            13.1511289
          ],
          [
            80.2904539,
            13.1505412
          ],
          [
            80.289664,
            13.1488069
          ],
          [
            80.2890967,
            13.1475532
          ],
          [
            80.2890578,
            13.147326
          ],
          [
            80.2890204,
            13.1469623
          ]
        ]
      },
      "id": "way/551528287"
    },
    {
      "type": "Feature",
      "properties": {
        "start_km": 302.378,
        "end_km": 302.907
      },
      "geometry": {
        "type": "LineString",
        "coordinates": [
          [
            80.2888116,
            13.1470587
          ],
          [
            80.288972,
            13.1474305
          ],
          [
            80.289034,
            13.147567
          ],
          [
            80.2891007,
            13.1477139
          ],
          [
            80.2906524,
            13.1510858
          ],
          [
            80.2908509,
            13.1513979
          ]
        ]
      },
      "id": "way/551528288"
    },
    {
      "type": "Feature",
      "properties": {
        "start_km": 302.907,
        "end_km": 302.947
      },
      "geometry": {
        "type": "LineString",
        "coordinates": [
          [
            80.288821,
            13.1472715
          ],
          [
            80.289034,
            13.147567
          ]
        ]
      },
      "id": "way/551528289"
    },
    {
      "type": "Feature",
      "properties": {
        "start_km": 302.947,
        "end_km": 303.479
      },
      "geometry": {
        "type": "LineString",
        "coordinates": [
          [
            80.2886272,
            13.1468842
          ],
          [
            80.2885021,
            13.1465235
          ],
          [
            80.2884136,
            13.1463171
          ],
          [
            80.2882741,
            13.1460834
          ],
          [
            80.2880636,
            13.1458
          ],
          [
            80.287507,
            13.1449942
          ],
          [
            80.2864435,
            13.1434492
          ],
          [
            80.2863403,
            13.1432873
          ],
          [
            80.2861807,
            13.1431162
          ],
          [
            80.2861016,
            13.1430313
          ],
          [
            80.2859621,
            13.1428811
          ]
        ]
      },
      "id": "way/551528290"
    },
    {
      "type": "Feature",
      "properties": {
        "start_km": 303.479,
        "end_km": 303.915
      },
      "geometry": {
        "type": "LineString",
        "coordinates": [
          [
            80.2861807,
            13.1431162
          ],
          [
            80.2863295,
            13.1433617
          ],
          [
            80.2881923,
            13.1460533
          ],
          [
            80.2882782,
            13.1462127
          ],
          [
            80.2883844,
            13.1464154
          ]
        ]
      },
      "id": "way/551528291"
    },
    {
      "type": "Feature",
      "properties": {
        "start_km": 303.915,
        "end_km": 304.211
      },
      "geometry": {
        "type": "LineString",
        "coordinates": [
          [
            80.2815734,
            13.1394196
          ],
          [
            80.2813647,
            13.13952
          ],
          [
            80.2789886,
            13.1402708
          ]
        ]
      },
      "id": "way/551528292"
    },
    {
      "type": "Feature",
      "properties": {
        "start_km": 304.211,
        "end_km": 305.056
      },
      "geometry": {
        "type": "LineString",
        "coordinates": [
          [
            80.283062,
            13.1391806
          ],
          [
            80.2834963,
            13.1392098
          ],
          [
            80.2837605,
            13.1392359
          ],
          [
            80.2839992,
            13.1392869
          ],
          [
            80.2841937,
            13.1393574
          ],
          [
            80.2843291,
            13.1394175
          ],
          [
            80.2844981,
            13.1394971
          ],
          [
            80.2846443,
            13.1396081
          ],
          [
            80.2848414,
            13.1397675
          ],
          [
            80.2849568,
            13.1398928
          ],
          [
            80.2850614,
            13.1400234
          ],
          [
            80.285288,
            13.1403735
          ],
          [
            80.2857708,
            13.1411126
          ],
          [
            80.286271,
            13.141874
          ],
          [
            80.2865849,
            13.142352
          ],
          [
            80.2868531,
            13.1427595
          ],
          [
            80.2871454,
            13.1431826
          ],
          [
            80.2875075,
            13.1436711
          ],
          [
            80.287696,
            13.1439109
          ],
          [
            80.2877784,
            13.1440158
          ],
          [
            80.2879702,
            13.1442143
          ],
          [
            80.2881773,
            13.1444874
          ]
        ]
      },
      "id": "way/551528293"
    },
    {
      "type": "Feature",
      "properties": {
        "start_km": 305.056,
        "end_km": 305.371
      },
      "geometry": {
        "type": "LineString",
        "coordinates": [
          [
            80.2866297,
            13.1427103
          ],
          [
            80.2863837,
            13.1425257
          ],
          [
            80.2859451,
            13.142258
          ],
          [
            80.2851874,
            13.141763
          ],
          [
            80.2842339,
            13.1410983
          ]
        ]
      },
      "id": "way/551528294"
    },
    {
      "type": "Feature",
      "properties": {
        "start_km": 305.371,
        "end_km": 305.627
      },
      "geometry": {
        "type": "LineString",
        "coordinates": [
          [
            80.2863998,
            13.1407117
          ],
          [
            80.2865902,
            13.141144
          ],
          [
            80.2868169,
            13.1416272
          ],
          [
            80.2870864,
            13.1422841
          ],
          [
            80.2873211,
            13.1428391
          ]
        ]
      },
      "id": "way/551528295"
    },
    {
      "type": "Feature",
      "properties": {
        "start_km": 305.627,
        "end_km": 306.031
      },
      "geometry": {
        "type": "LineString",
        "coordinates": [
          [
            80.2879377,
            13.1440204
          ],
          [
            80.2878267,
            13.1437533
          ],
          [
            80.2876537,
            13.1435156
          ],
          [
            80.2875183,
            13.143291
          ],
          [
            80.2874472,
            13.1431774
          ],
          [
            80.2873654,
            13.1429515
          ],
          [
            80.2873211,
            13.1428391
          ],
          [
            80.2872621,
            13.1425753
          ],
          [
            80.2871468,
            13.1422671
          ],
          [
            80.2867793,
            13.1414391
          ],
          [
            80.2864373,
            13.1406999
          ]
        ]
      },
      "id": "way/551528296"
    },
    {
      "type": "Feature",
      "properties": {
        "start_km": 306.031,
        "end_km": 306.324
      },
      "geometry": {
        "type": "LineString",
        "coordinates": [
          [
            80.2874472,
            13.1431774
          ],
          [
            80.2873117,
            13.1429815
          ],
          [
            80.2872326,
            13.1428627
          ],
          [
            80.2870998,
            13.1426824
          ],
          [
            80.2869751,
            13.1424134
          ],
          [
            80.2868517,
            13.1421196
          ],
          [
            80.2862737,
            13.1407992
          ]
        ]
      },
      "id": "way/551528297"
    },
    {
      "type": "Feature",
      "properties": {
        "start_km": 306.324,
        "end_km": 306.591
      },
      "geometry": {
        "type": "LineString",
        "coordinates": [
          [
            80.2873117,
            13.1429815
          ],
          [
            80.2871749,
            13.1426837
          ],
          [
            80.2869577,
            13.1421992
          ],
          [
            80.28666,
            13.141524
          ],
          [
            80.286318,
            13.1407705
          ]
        ]
      },
      "id": "way/551528298"
    },
    {
      "type": "Feature",
      "properties": {
        "start_km": 306.591,
        "end_km": 306.643
      },
      "geometry": {
        "type": "LineString",
        "coordinates": [
          [
            80.2943454,
            13.1549896
          ],
          [
            80.2941932,
            13.1545426
          ]
        ]
      },
      "id": "way/551747876"
    },
    {
      "type": "Feature",
      "properties": {
        "start_km": 306.643,
        "end_km": 318.651
      },
      "geometry": {
        "type": "LineString",
        "coordinates": [
          [
            80.2724177,
            13.1068988
          ],
          [
            80.2742287,
            13.1109527
          ],
          [
            80.2761217,
            13.1151258
          ],
          [
            80.2763208,
            13.1155646
          ],
          [
            80.2767273,
            13.1164634
          ],
          [
            80.2770304,
            13.1171288
          ],
          [
            80.2770997,
            13.117281
          ],
          [
            80.2772743,
            13.1176628
          ],
          [
            80.2777531,
            13.1187015
          ],
          [
            80.2777801,
            13.1187601
          ],
          [
            80.2778125,
            13.1188375
          ],
          [
            80.2778257,
            13.118869
          ],
          [
            80.2781037,
            13.1194402
          ],
          [
            80.2782365,
            13.1197493
          ],
          [
            80.2791931,
            13.1218469
          ],
          [
            80.2793969,
            13.1223101
          ],
          [
            80.2797062,
            13.123013
          ],
          [
            80.280476,
            13.1246294
          ],
          [
            80.2809046,
            13.1255663
          ],
          [
            80.2817715,
            13.1274612
          ],
          [
            80.2820168,
            13.1280257
          ],
          [
            80.2820946,
            13.1282047
          ],
          [
            80.2822318,
            13.1285108
          ],
          [
            80.2825959,
            13.1293038
          ],
          [
            80.2831536,
            13.1305033
          ],
          [
            80.2836055,
            13.1314477
          ],
          [
            80.2849762,
            13.1345111
          ],
          [
            80.2856737,
            13.1361044
          ],
          [
            80.2869862,
            13.1390247
          ],
          [
            80.2881527,
            13.1415401
          ],
          [
            80.2887374,
            13.1427998
          ],
          [
            80.2889658,
            13.1432627
          ],
          [
            80.2892814,
            13.1438171
          ],
          [
            80.2894844,
            13.1441873
          ],
          [
            80.29114,
            13.1477383
          ],
          [
            80.291743,
            13.1491295
          ],
          [
            80.2920774,
            13.1498955
          ],
          [
            80.2926592,
            13.1513913
          ],
          [
            80.2932683,
            13.1527851
          ],
          [
            80.2936126,
            13.1535058
          ],
          [
            80.2939379,
            13.1542373
          ],
          [
            80.2940157,
            13.1544123
          ],
          [
            80.2944163,
            13.1552303
          ],
          [
            80.2944837,
            13.155385
          ],
          [
            80.2945498,
            13.1555379
          ],
          [
            80.2951961,
            13.1569892
          ],
          [
            80.2954834,
            13.1576025
          ],
          [
            80.2957217,
            13.1581322
          ],
          [
            80.2961451,
            13.1590696
          ],
          [
            80.2963681,
            13.159571
          ],
          [
            80.2965831,
            13.1600544
          ],
          [
            80.29721,
            13.1614329
          ],
          [
            80.2976507,
            13.1623498
          ],
          [
            80.2982381,
            13.1635878
          ],
          [
            80.2990854,
            13.1654865
          ],
          [
            80.299153,
            13.1656378
          ],
          [
            80.2995043,
            13.1664454
          ],
          [
            80.2998035,
            13.167092
          ],
          [
            80.3002593,
            13.168032
          ],
          [
            80.3009541,
            13.1696017
          ],
          [
            80.3017728,
            13.1714219
          ],
          [
            80.3021952,
            13.1723313
          ],
          [
            80.3025478,
            13.1731002
          ],
          [
            80.3031454,
            13.1743705
          ],
          [
            80.3040801,
            13.1764682
          ],
          [
            80.3050411,
            13.1785231
          ],
          [
            80.3054809,
            13.1794798
          ],
          [
            80.3057237,
            13.180008
          ],
          [
            80.3067342,
            13.1822073
          ],
          [
            80.3076675,
            13.1842311
          ],
          [
            80.3088324,
            13.1868476
          ],
          [
            80.3099241,
            13.1892058
          ],
          [
            80.3105584,
            13.190584
          ],
          [
            80.3110801,
            13.1917624
          ],
          [
            80.3116401,
            13.1929807
          ],
          [
            80.3125399,
            13.1949159
          ],
          [
            80.3130918,
            13.196173
          ],
          [
            80.3137462,
            13.1976015
          ],
          [
            80.3143658,
            13.1989568
          ],
          [
            80.3152912,
            13.2009884
          ],
          [
            80.3155902,
            13.2016324
          ],
          [
            80.3160502,
            13.202691
          ],
          [
            80.3164615,
            13.2035461
          ],
          [
            80.3173868,
            13.205566
          ],
          [
            80.3175759,
            13.2059929
          ]
        ]
      },
      "id": "way/551747877"
    },
    {
      "type": "Feature",
      "properties": {
        "start_km": 318.651,
        "end_km": 318.687
      },
      "geometry": {
        "type": "LineString",
        "coordinates": [
          [
            80.2944837,
            13.155385
          ],
          [
            80.2946541,
            13.1556617
          ]
        ]
      },
      "id": "way/551747878"
    },
    {
      "type": "Feature",
      "properties": {
        "start_km": 318.687,
        "end_km": 319.615
      },
      "geometry": {
        "type": "LineString",
        "coordinates": [
          [
            80.2888106,
            13.1432618
          ],
          [
            80.288961,
            13.1435965
          ],
          [
            80.2893151,
            13.1443657
          ],
          [
            80.2904697,
            13.1468823
          ],
          [
            80.2908466,
            13.1476802
          ],
          [
            80.2911658,
            13.1483475
          ],
          [
            80.2917398,
            13.1496587
          ],
          [
            80.2921059,
            13.1504005
          ],
          [
            80.2923492,
            13.150902
          ]
        ]
      },
      "id": "way/551747879"
    },
    {
      "type": "Feature",
      "properties": {
        "start_km": 319.615,
        "end_km": 320.533
      },
      "geometry": {
        "type": "LineString",
        "coordinates": [
          [
            80.2885518,
            13.142878
          ],
          [
            80.2886432,
            13.1430414
          ],
          [
            80.2888604,
            13.1435481
          ],
          [
            80.2891273,
            13.1441358
          ],
          [
            80.289645,
            13.1452798
          ],
          [
            80.2902833,
            13.1466838
          ],
          [
            80.2910156,
            13.1482548
          ],
          [
            80.2916553,
            13.1497005
          ],
          [
            80.2918041,
            13.149963
          ],
          [
            80.2920191,
            13.1502746
          ],
          [
            80.2921059,
            13.1504005
          ]
        ]
      },
      "id": "way/551747880"
    },
    {
      "type": "Feature",
      "properties": {
        "start_km": 320.533,
        "end_km": 321.451
      },
      "geometry": {
        "type": "LineString",
        "coordinates": [
          [
            80.2882089,
            13.1424633
          ],
          [
            80.2884189,
            13.1428137
          ],
          [
            80.2886026,
            13.1432147
          ],
          [
            80.2891645,
            13.1444553
          ],
          [
            80.2902897,
            13.1469328
          ],
          [
            80.2910072,
            13.1484098
          ],
          [
            80.2914552,
            13.1494258
          ],
          [
            80.291541,
            13.1495812
          ],
          [
            80.2918041,
            13.149963
          ]
        ]
      },
      "id": "way/551747881"
    },
    {
      "type": "Feature",
      "properties": {
        "start_km": 321.451,
        "end_km": 322.361
      },
      "geometry": {
        "type": "LineString",
        "coordinates": [
          [
            80.2878518,
            13.1420082
          ],
          [
            80.2879616,
            13.1422509
          ],
          [
            80.2881198,
            13.1425068
          ],
          [
            80.2882539,
            13.1427053
          ],
          [
            80.2884524,
            13.1431298
          ],
          [
            80.2886777,
            13.1436091
          ],
          [
            80.2890143,
            13.1443443
          ],
          [
            80.2894851,
            13.1453878
          ],
          [
            80.2899196,
            13.1463425
          ],
          [
            80.2901261,
            13.1467891
          ],
          [
            80.2903742,
            13.1473167
          ],
          [
            80.2906009,
            13.1477921
          ],
          [
            80.2906424,
            13.1478678
          ],
          [
            80.2907846,
            13.1481055
          ],
          [
            80.2909294,
            13.1483353
          ],
          [
            80.29114,
            13.1488042
          ],
          [
            80.2913251,
            13.1492103
          ],
          [
            80.2914552,
            13.1494258
          ]
        ]
      },
      "id": "way/551747882"
    },
    {
      "type": "Feature",
      "properties": {
        "start_km": 322.361,
        "end_km": 323.181
      },
      "geometry": {
        "type": "LineString",
        "coordinates": [
          [
            80.2913251,
            13.1492103
          ],
          [
            80.2911963,
            13.1489818
          ],
          [
            80.2911092,
            13.148812
          ],
          [
            80.2909791,
            13.1485378
          ],
          [
            80.2908785,
            13.1483314
          ],
          [
            80.2908087,
            13.1482178
          ],
          [
            80.2905767,
            13.1478613
          ],
          [
            80.2905217,
            13.1477581
          ],
          [
            80.2904185,
            13.1475283
          ],
          [
            80.2894945,
            13.1455289
          ],
          [
            80.2887609,
            13.1438951
          ],
          [
            80.2882848,
            13.1428621
          ],
          [
            80.2881198,
            13.1425068
          ]
        ]
      },
      "id": "way/551747883"
    },
    {
      "type": "Feature",
      "properties": {
        "start_km": 323.181,
        "end_km": 323.863
      },
      "geometry": {
        "type": "LineString",
        "coordinates": [
          [
            80.2879616,
            13.1422509
          ],
          [
            80.2881091,
            13.1425813
          ],
          [
            80.2887595,
            13.143997
          ],
          [
            80.2893751,
            13.145363
          ],
          [
            80.2895092,
            13.1456594
          ],
          [
            80.2900336,
            13.1468113
          ],
          [
            80.2903809,
            13.1475426
          ],
          [
            80.2904158,
            13.1476158
          ],
          [
            80.2905767,
            13.1478613
          ]
        ]
      },
      "id": "way/551747884"
    },
    {
      "type": "Feature",
      "properties": {
        "start_km": 323.863,
        "end_km": 324.396
      },
      "geometry": {
        "type": "LineString",
        "coordinates": [
          [
            80.2879279,
            13.1420357
          ],
          [
            80.2878005,
            13.1417914
          ],
          [
            80.2876927,
            13.1415301
          ],
          [
            80.2876422,
            13.1414075
          ],
          [
            80.287547,
            13.1411045
          ],
          [
            80.2874746,
            13.1408577
          ],
          [
            80.2873901,
            13.1406056
          ],
          [
            80.2871849,
            13.1401185
          ],
          [
            80.2869596,
            13.1396705
          ],
          [
            80.2867879,
            13.1393061
          ],
          [
            80.286517,
            13.1387341
          ],
          [
            80.2862716,
            13.1381895
          ],
          [
            80.2860973,
            13.1378055
          ],
          [
            80.2860141,
            13.1376115
          ]
        ]
      },
      "id": "way/551747885"
    },
    {
      "type": "Feature",
      "properties": {
        "start_km": 324.396,
        "end_km": 325.111
      },
      "geometry": {
        "type": "LineString",
        "coordinates": [
          [
            80.2827952,
            13.1299203
          ],
          [
            80.2828841,
            13.130122
          ],
          [
            80.2829671,
            13.1303103
          ],
          [
            80.2830972,
            13.1305819
          ],
          [
            80.28347,
            13.1313891
          ],
          [
            80.2837017,
            13.1318915
          ],
          [
            80.2840451,
            13.1326176
          ],
          [
            80.2843213,
            13.1332341
          ],
          [
            80.2846579,
            13.1340059
          ],
          [
            80.2850831,
            13.1349358
          ],
          [
            80.28535,
            13.1355157
          ],
          [
            80.2854999,
            13.1358189
          ]
        ]
      },
      "id": "way/551747886"
    },
    {
      "type": "Feature",
      "properties": {
        "start_km": 325.111,
        "end_km": 325.163
      },
      "geometry": {
        "type": "LineString",
        "coordinates": [
          [
            80.2836055,
            13.1314477
          ],
          [
            80.2833617,
            13.1310507
          ]
        ]
      },
      "id": "way/551747887"
    },
    {
      "type": "Feature",
      "properties": {
        "start_km": 325.163,
        "end_km": 325.213
      },
      "geometry": {
        "type": "LineString",
        "coordinates": [
          [
            80.2831087,
            13.1305179
          ],
          [
            80.2828841,
            13.130122
          ]
        ]
      },
      "id": "way/551747888"
    },
    {
      "type": "Feature",
      "properties": {
        "start_km": 325.213,
        "end_km": 326.161
      },
      "geometry": {
        "type": "LineString",
        "coordinates": [
          [
            80.2828913,
            13.1303182
          ],
          [
            80.2829775,
            13.1305136
          ],
          [
            80.2830246,
            13.1306189
          ],
          [
            80.2830942,
            13.1307748
          ],
          [
            80.2831549,
            13.1309021
          ],
          [
            80.2832149,
            13.1310282
          ],
          [
            80.2834389,
            13.1314801
          ],
          [
            80.2836709,
            13.1319385
          ],
          [
            80.2840048,
            13.1326881
          ],
          [
            80.2843468,
            13.1334378
          ],
          [
            80.284721,
            13.1342802
          ],
          [
            80.2849664,
            13.1348143
          ],
          [
            80.2853312,
            13.1356097
          ],
          [
            80.2854532,
            13.1358814
          ],
          [
            80.2855109,
            13.136025
          ],
          [
            80.2855565,
            13.1361765
          ],
          [
            80.2856088,
            13.1363894
          ],
          [
            80.2857456,
            13.1369014
          ],
          [
            80.2858113,
            13.137143
          ],
          [
            80.2858523,
            13.1373018
          ],
          [
            80.285881,
            13.1374133
          ],
          [
            80.2859172,
            13.1375361
          ],
          [
            80.2859307,
            13.1375818
          ],
          [
            80.2859602,
            13.1377019
          ],
          [
            80.2860835,
            13.1380467
          ],
          [
            80.2861603,
            13.1382468
          ]
        ]
      },
      "id": "way/551747889"
    },
    {
      "type": "Feature",
      "properties": {
        "start_km": 326.161,
        "end_km": 327.094
      },
      "geometry": {
        "type": "LineString",
        "coordinates": [
          [
            80.2862076,
            13.1384262
          ],
          [
            80.2860835,
            13.138146
          ],
          [
            80.2860282,
            13.1380266
          ],
          [
            80.28594,
            13.1378365
          ],
          [
            80.2858235,
            13.1375879
          ],
          [
            80.2857563,
            13.1374447
          ],
          [
            80.2852856,
            13.1364142
          ],
          [
            80.2844434,
            13.1345701
          ],
          [
            80.2839163,
            13.1334143
          ],
          [
            80.2834898,
            13.13247
          ],
          [
            80.2834214,
            13.132312
          ],
          [
            80.2833852,
            13.1322154
          ],
          [
            80.2833504,
            13.1320717
          ],
          [
            80.2832484,
            13.1316825
          ],
          [
            80.2831626,
            13.1313638
          ],
          [
            80.2831304,
            13.1311666
          ],
          [
            80.283109,
            13.130972
          ],
          [
            80.2830781,
            13.130814
          ],
          [
            80.2830246,
            13.1306189
          ]
        ]
      },
      "id": "way/551747890"
    },
    {
      "type": "Feature",
      "properties": {
        "start_km": 327.094,
        "end_km": 327.828
      },
      "geometry": {
        "type": "LineString",
        "coordinates": [
          [
            80.2832149,
            13.1310282
          ],
          [
            80.2833437,
            13.1313573
          ],
          [
            80.283396,
            13.1314853
          ],
          [
            80.2835086,
            13.1317008
          ],
          [
            80.2836615,
            13.132043
          ],
          [
            80.2842006,
            13.1332066
          ],
          [
            80.2845198,
            13.1339302
          ],
          [
            80.2846915,
            13.1343363
          ],
          [
            80.284961,
            13.1349241
          ],
          [
            80.2853741,
            13.1358187
          ],
          [
            80.2854264,
            13.1359571
          ],
          [
            80.2854666,
            13.1360707
          ],
          [
            80.2855243,
            13.1362562
          ],
          [
            80.2856034,
            13.1365448
          ],
          [
            80.2856477,
            13.1367564
          ],
          [
            80.2857161,
            13.1369431
          ],
          [
            80.2858113,
            13.137143
          ]
        ]
      },
      "id": "way/551747891"
    },
    {
      "type": "Feature",
      "properties": {
        "start_km": 327.828,
        "end_km": 328.596
      },
      "geometry": {
        "type": "LineString",
        "coordinates": [
          [
            80.2858523,
            13.1373018
          ],
          [
            80.2857094,
            13.1370215
          ],
          [
            80.2855525,
            13.1366846
          ],
          [
            80.2846727,
            13.1347582
          ],
          [
            80.28397,
            13.1332132
          ],
          [
            80.2836092,
            13.1323943
          ],
          [
            80.2835502,
            13.1322715
          ],
          [
            80.2834979,
            13.1321043
          ],
          [
            80.283451,
            13.1319398
          ],
          [
            80.2833745,
            13.1316564
          ],
          [
            80.2832793,
            13.1313338
          ],
          [
            80.2831935,
            13.1310543
          ],
          [
            80.2831549,
            13.1309021
          ]
        ]
      },
      "id": "way/551747892"
    },
    {
      "type": "Feature",
      "properties": {
        "start_km": 328.596,
        "end_km": 329.402
      },
      "geometry": {
        "type": "LineString",
        "coordinates": [
          [
            80.2830781,
            13.130814
          ],
          [
            80.2831438,
            13.1309981
          ],
          [
            80.2831908,
            13.1312006
          ],
          [
            80.283286,
            13.1315166
          ],
          [
            80.2834174,
            13.1319959
          ],
          [
            80.2835408,
            13.1323499
          ],
          [
            80.2836897,
            13.1326842
          ],
          [
            80.2838895,
            13.1331309
          ],
          [
            80.2840625,
            13.1335227
          ],
          [
            80.2844621,
            13.1343951
          ],
          [
            80.2853486,
            13.1363502
          ],
          [
            80.2855927,
            13.1368805
          ],
          [
            80.2857711,
            13.1372683
          ],
          [
            80.2859172,
            13.1375361
          ]
        ]
      },
      "id": "way/551747893"
    },
    {
      "type": "Feature",
      "properties": {
        "start_km": 329.402,
        "end_km": 330.189
      },
      "geometry": {
        "type": "LineString",
        "coordinates": [
          [
            80.2859602,
            13.1377019
          ],
          [
            80.2858395,
            13.1374538
          ],
          [
            80.2856946,
            13.137207
          ],
          [
            80.2855712,
            13.1369301
          ],
          [
            80.2842409,
            13.134019
          ],
          [
            80.2835636,
            13.1325575
          ],
          [
            80.2834563,
            13.1323002
          ],
          [
            80.2833919,
            13.1320874
          ],
          [
            80.2833061,
            13.1317282
          ],
          [
            80.2831787,
            13.1312933
          ],
          [
            80.2831304,
            13.1311666
          ]
        ]
      },
      "id": "way/551747894"
    },
    {
      "type": "Feature",
      "properties": {
        "start_km": 330.189,
        "end_km": 330.938
      },
      "geometry": {
        "type": "LineString",
        "coordinates": [
          [
            80.2831626,
            13.1313638
          ],
          [
            80.2831921,
            13.131595
          ],
          [
            80.2832122,
            13.1317556
          ],
          [
            80.2832592,
            13.1319698
          ],
          [
            80.2833396,
            13.1321997
          ],
          [
            80.2835113,
            13.1326202
          ],
          [
            80.2840115,
            13.1337734
          ],
          [
            80.2843535,
            13.1345179
          ],
          [
            80.284662,
            13.135184
          ],
          [
            80.2850817,
            13.1360773
          ],
          [
            80.2852963,
            13.136554
          ],
          [
            80.2855176,
            13.1370385
          ],
          [
            80.2856182,
            13.1372566
          ],
          [
            80.2858235,
            13.1375879
          ]
        ]
      },
      "id": "way/551747895"
    },
    {
      "type": "Feature",
      "properties": {
        "start_km": 330.938,
        "end_km": 331.238
      },
      "geometry": {
        "type": "LineString",
        "coordinates": [
          [
            80.2865055,
            13.1394716
          ],
          [
            80.2866376,
            13.139998
          ],
          [
            80.2866591,
            13.1400838
          ],
          [
            80.2868227,
            13.1405447
          ],
          [
            80.2869741,
            13.1409317
          ],
          [
            80.2874705,
            13.1419981
          ]
        ]
      },
      "id": "way/551747896"
    },
    {
      "type": "Feature",
      "properties": {
        "start_km": 331.238,
        "end_km": 332.34
      },
      "geometry": {
        "type": "LineString",
        "coordinates": [
          [
            80.2875581,
            13.1413643
          ],
          [
            80.2876434,
            13.141606
          ],
          [
            80.2876837,
            13.1417471
          ],
          [
            80.2877346,
            13.1419325
          ],
          [
            80.2877713,
            13.1420205
          ],
          [
            80.2878191,
            13.142135
          ],
          [
            80.2879519,
            13.1423818
          ],
          [
            80.2880565,
            13.142596
          ],
          [
            80.288483,
            13.1435271
          ],
          [
            80.2889041,
            13.1444505
          ],
          [
            80.2893212,
            13.1453633
          ],
          [
            80.289812,
            13.146442
          ],
          [
            80.2899948,
            13.1468377
          ],
          [
            80.290188,
            13.1472687
          ],
          [
            80.2903697,
            13.1476729
          ],
          [
            80.2904334,
            13.1478146
          ],
          [
            80.2905292,
            13.1479861
          ],
          [
            80.2905822,
            13.148081
          ],
          [
            80.2906864,
            13.1482363
          ],
          [
            80.2907968,
            13.148401
          ],
          [
            80.2910047,
            13.1486817
          ],
          [
            80.2911227,
            13.1488894
          ],
          [
            80.2913735,
            13.149353
          ],
          [
            80.2915881,
            13.149703
          ],
          [
            80.2917812,
            13.1499981
          ],
          [
            80.2920191,
            13.1502746
          ]
        ]
      },
      "id": "way/551747897"
    },
    {
      "type": "Feature",
      "properties": {
        "start_km": 332.34,
        "end_km": 332.679
      },
      "geometry": {
        "type": "LineString",
        "coordinates": [
          [
            80.2931961,
            13.152973
          ],
          [
            80.2929667,
            13.1524337
          ],
          [
            80.2927401,
            13.1519205
          ],
          [
            80.2924397,
            13.1512492
          ],
          [
            80.2923029,
            13.1509462
          ],
          [
            80.2921875,
            13.1507151
          ],
          [
            80.2920427,
            13.1505179
          ],
          [
            80.2918286,
            13.1502215
          ]
        ]
      },
      "id": "way/551747898"
    },
    {
      "type": "Feature",
      "properties": {
        "start_km": 332.679,
        "end_km": 333.352
      },
      "geometry": {
        "type": "LineString",
        "coordinates": [
          [
            80.2878191,
            13.142135
          ],
          [
            80.2879456,
            13.1424379
          ],
          [
            80.288069,
            13.1427187
          ],
          [
            80.2883493,
            13.143343
          ],
          [
            80.2885706,
            13.1438131
          ],
          [
            80.2888254,
            13.1443551
          ],
          [
            80.2890681,
            13.1449088
          ],
          [
            80.2893028,
            13.145426
          ],
          [
            80.289685,
            13.1462592
          ],
          [
            80.2899707,
            13.1468743
          ],
          [
            80.2902121,
            13.1474254
          ],
          [
            80.2903697,
            13.1476729
          ]
        ]
      },
      "id": "way/551747899"
    },
    {
      "type": "Feature",
      "properties": {
        "start_km": 333.352,
        "end_km": 334.056
      },
      "geometry": {
        "type": "LineString",
        "coordinates": [
          [
            80.2904334,
            13.1478146
          ],
          [
            80.2902872,
            13.1476004
          ],
          [
            80.2901665,
            13.147415
          ],
          [
            80.2895483,
            13.1460777
          ],
          [
            80.2887275,
            13.1442585
          ],
          [
            80.2883238,
            13.1434213
          ],
          [
            80.2879979,
            13.14269
          ],
          [
            80.2879081,
            13.1424954
          ],
          [
            80.2878383,
            13.1422943
          ],
          [
            80.2877713,
            13.1420205
          ]
        ]
      },
      "id": "way/551747900"
    },
    {
      "type": "Feature",
      "properties": {
        "start_km": 334.056,
        "end_km": 334.816
      },
      "geometry": {
        "type": "LineString",
        "coordinates": [
          [
            80.2876837,
            13.1417471
          ],
          [
            80.2877056,
            13.1419913
          ],
          [
            80.2877552,
            13.1422055
          ],
          [
            80.2877793,
            13.1423073
          ],
          [
            80.2879269,
            13.1426312
          ],
          [
            80.2882393,
            13.1433417
          ],
          [
            80.2884713,
            13.143834
          ],
          [
            80.2887919,
            13.1445484
          ],
          [
            80.2891151,
            13.1452615
          ],
          [
            80.2893846,
            13.1458504
          ],
          [
            80.2897762,
            13.1467019
          ],
          [
            80.2900686,
            13.1473223
          ],
          [
            80.2901906,
            13.1475247
          ],
          [
            80.2905292,
            13.1479861
          ]
        ]
      },
      "id": "way/551747901"
    },
    {
      "type": "Feature",
      "properties": {
        "start_km": 334.816,
        "end_km": 335.526
      },
      "geometry": {
        "type": "LineString",
        "coordinates": [
          [
            80.2905822,
            13.148081
          ],
          [
            80.2904682,
            13.1479504
          ],
          [
            80.2902657,
            13.1476918
          ],
          [
            80.2900726,
            13.1473941
          ],
          [
            80.2897829,
            13.1468012
          ],
          [
            80.2891352,
            13.1453947
          ],
          [
            80.2885183,
            13.1440417
          ],
          [
            80.288002,
            13.1429355
          ],
          [
            80.2878826,
            13.142643
          ],
          [
            80.2878182,
            13.1424719
          ],
          [
            80.2877941,
            13.1424066
          ],
          [
            80.2877793,
            13.1423073
          ]
        ]
      },
      "id": "way/551747902"
    },
    {
      "type": "Feature",
      "properties": {
        "start_km": 335.526,
        "end_km": 336.295
      },
      "geometry": {
        "type": "LineString",
        "coordinates": [
          [
            80.2877056,
            13.1419913
          ],
          [
            80.2877203,
            13.1422434
          ],
          [
            80.2877619,
            13.1424797
          ],
          [
            80.287837,
            13.142656
          ],
          [
            80.2880945,
            13.1432346
          ],
          [
            80.2883587,
            13.1437935
          ],
          [
            80.288706,
            13.1445824
          ],
          [
            80.2890976,
            13.1454743
          ],
          [
            80.2893685,
            13.1460594
          ],
          [
            80.2896126,
            13.1465805
          ],
          [
            80.2898393,
            13.1470585
          ],
          [
            80.2900042,
            13.1474006
          ],
          [
            80.2902108,
            13.1476879
          ],
          [
            80.2904535,
            13.1479883
          ],
          [
            80.2906027,
            13.1481471
          ],
          [
            80.2906864,
            13.1482363
          ]
        ]
      },
      "id": "way/551747903"
    },
    {
      "type": "Feature",
      "properties": {
        "start_km": 336.295,
        "end_km": 336.999
      },
      "geometry": {
        "type": "LineString",
        "coordinates": [
          [
            80.2877619,
            13.1424797
          ],
          [
            80.2878263,
            13.1427292
          ],
          [
            80.2878638,
            13.1428454
          ],
          [
            80.2880194,
            13.1431915
          ],
          [
            80.2882581,
            13.1437126
          ],
          [
            80.2885008,
            13.1442402
          ],
          [
            80.2887624,
            13.1448279
          ],
          [
            80.2889904,
            13.1453241
          ],
          [
            80.2892157,
            13.1458256
          ],
          [
            80.2895147,
            13.1464904
          ],
          [
            80.2897829,
            13.1470467
          ],
          [
            80.2899627,
            13.1474228
          ],
          [
            80.2901732,
            13.1477349
          ],
          [
            80.2903851,
            13.1479569
          ],
          [
            80.2906027,
            13.1481471
          ]
        ]
      },
      "id": "way/551747904"
    },
    {
      "type": "Feature",
      "properties": {
        "start_km": 336.999,
        "end_km": 337.666
      },
      "geometry": {
        "type": "LineString",
        "coordinates": [
          [
            80.2901732,
            13.1477349
          ],
          [
            80.2900471,
            13.1475913
          ],
          [
            80.2899318,
            13.1473993
          ],
          [
            80.2897548,
            13.1471029
          ],
          [
            80.2895576,
            13.1466719
          ],
          [
            80.2893525,
            13.1462331
          ],
          [
            80.2889917,
            13.1454678
          ],
          [
            80.2887127,
            13.1448344
          ],
          [
            80.2884673,
            13.1442611
          ],
          [
            80.2882152,
            13.14374
          ],
          [
            80.2879094,
            13.14307
          ],
          [
            80.2878048,
            13.1428102
          ],
          [
            80.2877445,
            13.1425855
          ],
          [
            80.2877203,
            13.1422434
          ]
        ]
      },
      "id": "way/551747905"
    },
    {
      "type": "Feature",
      "properties": {
        "start_km": 337.666,
        "end_km": 337.925
      },
      "geometry": {
        "type": "LineString",
        "coordinates": [
          [
            80.2897548,
            13.1471029
          ],
          [
            80.2899229,
            13.1474777
          ],
          [
            80.2900665,
            13.1477813
          ],
          [
            80.2900959,
            13.1478433
          ],
          [
            80.2902769,
            13.148226
          ],
          [
            80.2907557,
            13.1492263
          ]
        ]
      },
      "id": "way/551747906"
    },
    {
      "type": "Feature",
      "properties": {
        "start_km": 337.925,
        "end_km": 338.363
      },
      "geometry": {
        "type": "LineString",
        "coordinates": [
          [
            80.2899229,
            13.1474777
          ],
          [
            80.2900208,
            13.1476422
          ],
          [
            80.2901757,
            13.1478276
          ],
          [
            80.2902783,
            13.1479504
          ],
          [
            80.2904539,
            13.1481515
          ],
          [
            80.2907919,
            13.1485107
          ],
          [
            80.2909689,
            13.148717
          ],
          [
            80.2910467,
            13.1488215
          ],
          [
            80.2912412,
            13.1492224
          ],
          [
            80.2913149,
            13.149434
          ],
          [
            80.2913793,
            13.1496495
          ],
          [
            80.2914159,
            13.1498026
          ],
          [
            80.2914464,
            13.1499302
          ],
          [
            80.2914973,
            13.1501444
          ],
          [
            80.2918313,
            13.1508979
          ]
        ]
      },
      "id": "way/551747907"
    },
    {
      "type": "Feature",
      "properties": {
        "start_km": 338.363,
        "end_km": 338.792
      },
      "geometry": {
        "type": "LineString",
        "coordinates": [
          [
            80.2912412,
            13.1492224
          ],
          [
            80.2913753,
            13.1494379
          ],
          [
            80.2915255,
            13.1496521
          ],
          [
            80.2916046,
            13.1497892
          ],
          [
            80.2916797,
            13.1499681
          ],
          [
            80.2918063,
            13.1501836
          ],
          [
            80.2918286,
            13.1502215
          ],
          [
            80.2919815,
            13.1504787
          ],
          [
            80.2922376,
            13.1510037
          ],
          [
            80.2926037,
            13.15185
          ],
          [
            80.2929095,
            13.1525395
          ],
          [
            80.2929806,
            13.1526988
          ]
        ]
      },
      "id": "way/551747908"
    },
    {
      "type": "Feature",
      "properties": {
        "start_km": 338.792,
        "end_km": 339.09
      },
      "geometry": {
        "type": "LineString",
        "coordinates": [
          [
            80.2920427,
            13.1505179
          ],
          [
            80.2921626,
            13.1507234
          ],
          [
            80.2922886,
            13.1510068
          ],
          [
            80.2925099,
            13.15152
          ],
          [
            80.2927084,
            13.1519614
          ],
          [
            80.2931563,
            13.1529709
          ]
        ]
      },
      "id": "way/551747909"
    },
    {
      "type": "Feature",
      "properties": {
        "start_km": 339.09,
        "end_km": 339.374
      },
      "geometry": {
        "type": "LineString",
        "coordinates": [
          [
            80.2918063,
            13.1501836
          ],
          [
            80.2919306,
            13.1504452
          ],
          [
            80.2921572,
            13.1509232
          ],
          [
            80.2924496,
            13.1516062
          ],
          [
            80.2926843,
            13.1521285
          ],
          [
            80.292822,
            13.1524455
          ],
          [
            80.2928613,
            13.152536
          ]
        ]
      },
      "id": "way/551747910"
    },
    {
      "type": "Feature",
      "properties": {
        "start_km": 339.374,
        "end_km": 339.675
      },
      "geometry": {
        "type": "LineString",
        "coordinates": [
          [
            80.292822,
            13.1524455
          ],
          [
            80.2927232,
            13.1523153
          ],
          [
            80.2925676,
            13.1519953
          ],
          [
            80.2924174,
            13.1516558
          ],
          [
            80.2921545,
            13.1510459
          ],
          [
            80.292007,
            13.1507103
          ],
          [
            80.2918903,
            13.1504792
          ],
          [
            80.291767,
            13.1502049
          ],
          [
            80.2916797,
            13.1499681
          ]
        ]
      },
      "id": "way/551747911"
    },
    {
      "type": "Feature",
      "properties": {
        "start_km": 339.675,
        "end_km": 340.007
      },
      "geometry": {
        "type": "LineString",
        "coordinates": [
          [
            80.291767,
            13.1502049
          ],
          [
            80.2917924,
            13.1503525
          ],
          [
            80.2919574,
            13.1507129
          ],
          [
            80.2921988,
            13.1512614
          ],
          [
            80.2923785,
            13.1516689
          ],
          [
            80.292573,
            13.1521207
          ],
          [
            80.2926655,
            13.1523088
          ],
          [
            80.2928465,
            13.1525882
          ],
          [
            80.2930651,
            13.1529043
          ]
        ]
      },
      "id": "way/551747912"
    },
    {
      "type": "Feature",
      "properties": {
        "start_km": 340.007,
        "end_km": 340.137
      },
      "geometry": {
        "type": "LineString",
        "coordinates": [
          [
            80.2914159,
            13.1498026
          ],
          [
            80.2915512,
            13.1501522
          ],
          [
            80.2918771,
            13.1508875
          ]
        ]
      },
      "id": "way/551747913"
    },
    {
      "type": "Feature",
      "properties": {
        "start_km": 340.137,
        "end_km": 340.309
      },
      "geometry": {
        "type": "LineString",
        "coordinates": [
          [
            80.2913149,
            13.149434
          ],
          [
            80.2914694,
            13.1497787
          ],
          [
            80.2916263,
            13.1501731
          ],
          [
            80.2919415,
            13.1508653
          ]
        ]
      },
      "id": "way/551747914"
    },
    {
      "type": "Feature",
      "properties": {
        "start_km": 340.309,
        "end_km": 340.562
      },
      "geometry": {
        "type": "LineString",
        "coordinates": [
          [
            80.2900665,
            13.1477813
          ],
          [
            80.2902037,
            13.1479822
          ],
          [
            80.2903579,
            13.148216
          ],
          [
            80.2904545,
            13.1483714
          ],
          [
            80.29061,
            13.14869
          ],
          [
            80.2911156,
            13.149817
          ]
        ]
      },
      "id": "way/551747915"
    },
    {
      "type": "Feature",
      "properties": {
        "start_km": 340.562,
        "end_km": 340.805
      },
      "geometry": {
        "type": "LineString",
        "coordinates": [
          [
            80.2901757,
            13.1478276
          ],
          [
            80.2903347,
            13.1480697
          ],
          [
            80.2904755,
            13.1482852
          ],
          [
            80.2906807,
            13.1486861
          ],
          [
            80.2911715,
            13.1497922
          ]
        ]
      },
      "id": "way/551747916"
    },
    {
      "type": "Feature",
      "properties": {
        "start_km": 340.805,
        "end_km": 341.004
      },
      "geometry": {
        "type": "LineString",
        "coordinates": [
          [
            80.2904539,
            13.1481515
          ],
          [
            80.2905814,
            13.1483244
          ],
          [
            80.2907477,
            13.1486626
          ],
          [
            80.2912386,
            13.1497687
          ]
        ]
      },
      "id": "way/551747917"
    },
    {
      "type": "Feature",
      "properties": {
        "start_km": 341.004,
        "end_km": 341.036
      },
      "geometry": {
        "type": "LineString",
        "coordinates": [
          [
            80.2877659,
            13.1418136
          ],
          [
            80.2876927,
            13.1415301
          ]
        ]
      },
      "id": "way/551747918"
    },
    {
      "type": "Feature",
      "properties": {
        "start_km": 341.036,
        "end_km": 341.875
      },
      "geometry": {
        "type": "LineString",
        "coordinates": [
          [
            80.2865055,
            13.1394716
          ],
          [
            80.2837433,
            13.1334292
          ],
          [
            80.2834419,
            13.132749
          ],
          [
            80.2833582,
            13.132544
          ]
        ]
      },
      "id": "way/551747919"
    },
    {
      "type": "Feature",
      "properties": {
        "start_km": 341.875,
        "end_km": 342.75
      },
      "geometry": {
        "type": "LineString",
        "coordinates": [
          [
            80.2834944,
            13.1331024
          ],
          [
            80.2835462,
            13.1333228
          ],
          [
            80.2837407,
            13.133759
          ],
          [
            80.283974,
            13.1342684
          ],
          [
            80.2842194,
            13.1348143
          ],
          [
            80.2844903,
            13.1353929
          ],
          [
            80.2846781,
            13.1358134
          ],
          [
            80.2852521,
            13.1370828
          ],
          [
            80.2854747,
            13.1375791
          ],
          [
            80.2858489,
            13.1383797
          ],
          [
            80.2862244,
            13.1391907
          ],
          [
            80.2864363,
            13.1397223
          ],
          [
            80.2865972,
            13.1403841
          ]
        ]
      },
      "id": "way/551747920"
    },
    {
      "type": "Feature",
      "properties": {
        "start_km": 342.75,
        "end_km": 343.657
      },
      "geometry": {
        "type": "LineString",
        "coordinates": [
          [
            80.2833134,
            13.1326262
          ],
          [
            80.2833446,
            13.1329153
          ],
          [
            80.2834546,
            13.133328
          ],
          [
            80.2836665,
            13.1338178
          ],
          [
            80.2840554,
            13.1347007
          ],
          [
            80.2843866,
            13.1354203
          ],
          [
            80.284675,
            13.1360668
          ],
          [
            80.2850424,
            13.1368674
          ],
          [
            80.2854635,
            13.1377803
          ],
          [
            80.2858498,
            13.1386056
          ],
          [
            80.2861663,
            13.1392756
          ],
          [
            80.286405,
            13.1398555
          ],
          [
            80.2865294,
            13.1401716
          ]
        ]
      },
      "id": "way/551747921"
    },
    {
      "type": "Feature",
      "properties": {
        "start_km": 343.657,
        "end_km": 343.981
      },
      "geometry": {
        "type": "LineString",
        "coordinates": [
          [
            80.2882747,
            13.1062781
          ],
          [
            80.2887928,
            13.1059375
          ],
          [
            80.2891447,
            13.1057136
          ],
          [
            80.2896342,
            13.105374
          ],
          [
            80.2900338,
            13.1050657
          ],
          [
            80.2902296,
            13.1049051
          ],
          [
            80.2903543,
            13.1047718
          ],
          [
            80.2906159,
            13.1044819
          ]
        ]
      },
      "id": "way/624186477"
    },
    {
      "type": "Feature",
      "properties": {
        "start_km": 343.981,
        "end_km": 344.291
      },
      "geometry": {
        "type": "LineString",
        "coordinates": [
          [
            80.2883909,
            13.1062607
          ],
          [
            80.2888454,
            13.1059536
          ],
          [
            80.2892828,
            13.1056822
          ],
          [
            80.2898715,
            13.105263
          ],
          [
            80.2902886,
            13.1049312
          ],
          [
            80.2904616,
            13.1047718
          ],
          [
            80.2906507,
            13.1045603
          ]
        ]
      },
      "id": "way/624186478"
    },
    {
      "type": "Feature",
      "properties": {
        "start_km": 344.291,
        "end_km": 344.601
      },
      "geometry": {
        "type": "LineString",
        "coordinates": [
          [
            80.2910079,
            13.1046758
          ],
          [
            80.2912356,
            13.1045805
          ],
          [
            80.2913818,
            13.1045038
          ],
          [
            80.2916396,
            13.1044103
          ],
          [
            80.2916682,
            13.1044014
          ],
          [
            80.2919547,
            13.1043123
          ],
          [
            80.29218,
            13.1042026
          ],
          [
            80.2926159,
            13.1039466
          ],
          [
            80.2935436,
            13.1033986
          ]
        ]
      },
      "id": "way/624186479"
    },
    {
      "type": "Feature",
      "properties": {
        "start_km": 344.601,
        "end_km": 344.735
      },
      "geometry": {
        "type": "LineString",
        "coordinates": [
          [
            80.292113,
            13.1036437
          ],
          [
            80.2924045,
            13.1033469
          ],
          [
            80.2929213,
            13.1027312
          ]
        ]
      },
      "id": "way/624186480"
    },
    {
      "type": "Feature",
      "properties": {
        "start_km": 344.735,
        "end_km": 344.969
      },
      "geometry": {
        "type": "LineString",
        "coordinates": [
          [
            80.2916682,
            13.1044014
          ],
          [
            80.2920523,
            13.1043077
          ],
          [
            80.2921958,
            13.1042672
          ],
          [
            80.2922776,
            13.1042411
          ],
          [
            80.292397,
            13.1041889
          ],
          [
            80.2924828,
            13.1041379
          ],
          [
            80.2926236,
            13.104053
          ],
          [
            80.2935865,
            13.1034731
          ]
        ]
      },
      "id": "way/624186481"
    },
    {
      "type": "Feature",
      "properties": {
        "start_km": 344.969,
        "end_km": 345.097
      },
      "geometry": {
        "type": "LineString",
        "coordinates": [
          [
            80.2913818,
            13.1045038
          ],
          [
            80.2916446,
            13.1044396
          ],
          [
            80.2925314,
            13.1042469
          ]
        ]
      },
      "id": "way/624186482"
    },
    {
      "type": "Feature",
      "properties": {
        "start_km": 345.097,
        "end_km": 345.165
      },
      "geometry": {
        "type": "LineString",
        "coordinates": [
          [
            80.2855543,
            13.1076713
          ],
          [
            80.2861265,
            13.1074097
          ]
        ]
      },
      "id": "way/624186484"
    },
    {
      "type": "Feature",
      "properties": {
        "start_km": 345.165,
        "end_km": 345.98
      },
      "geometry": {
        "type": "LineString",
        "coordinates": [
          [
            80.2961521,
            13.0911264
          ],
          [
            80.2950637,
            13.0896738
          ],
          [
            80.2945089,
            13.0889613
          ],
          [
            80.2940588,
            13.0883824
          ],
          [
            80.2937199,
            13.0878607
          ],
          [
            80.2934956,
            13.0875741
          ],
          [
            80.2930999,
            13.0870771
          ],
          [
            80.292271,
            13.0862088
          ],
          [
            80.2921428,
            13.0860668
          ],
          [
            80.2920875,
            13.085992
          ],
          [
            80.2918804,
            13.0856773
          ],
          [
            80.2916729,
            13.0852361
          ]
        ]
      },
      "id": "way/624234093"
    },
    {
      "type": "Feature",
      "properties": {
        "start_km": 345.98,
        "end_km": 346.319
      },
      "geometry": {
        "type": "LineString",
        "coordinates": [
          [
            80.2952238,
            13.0851186
          ],
          [
            80.2971732,
            13.0875142
          ]
        ]
      },
      "id": "way/624234094"
    },
    {
      "type": "Feature",
      "properties": {
        "start_km": 346.319,
        "end_km": 346.678
      },
      "geometry": {
        "type": "LineString",
        "coordinates": [
          [
            80.2910774,
            13.0797671
          ],
          [
            80.2915846,
            13.0807209
          ],
          [
            80.2919865,
            13.0814448
          ],
          [
            80.2920981,
            13.0816095
          ],
          [
            80.2921582,
            13.0816697
          ],
          [
            80.2922281,
            13.0817444
          ],
          [
            80.2923454,
            13.0818059
          ],
          [
            80.2924853,
            13.0818477
          ],
          [
            80.2927063,
            13.0818894
          ],
          [
            80.2931684,
            13.0820029
          ]
        ]
      },
      "id": "way/624234095"
    },
    {
      "type": "Feature",
      "properties": {
        "start_km": 346.678,
        "end_km": 348.289
      },
      "geometry": {
        "type": "LineString",
        "coordinates": [
          [
            80.2924162,
            13.0820187
          ],
          [
            80.2927424,
            13.0820069
          ],
          [
            80.2929017,
            13.0820124
          ],
          [
            80.2931501,
            13.0820346
          ],
          [
            80.2932731,
            13.0820705
          ],
          [
            80.2934932,
            13.0821342
          ],
          [
            80.2937619,
            13.0822181
          ],
          [
            80.293815,
            13.0822341
          ],
          [
            80.2940913,
            13.0823175
          ],
          [
            80.2943831,
            13.0824387
          ],
          [
            80.2945825,
            13.0825552
          ],
          [
            80.2947531,
            13.0826826
          ],
          [
            80.2949398,
            13.0828703
          ],
          [
            80.2950779,
            13.0830258
          ],
          [
            80.2954601,
            13.0835144
          ],
          [
            80.2959832,
            13.0841936
          ],
          [
            80.296054,
            13.0842899
          ],
          [
            80.2962903,
            13.0846116
          ],
          [
            80.2967476,
            13.0852347
          ],
          [
            80.2970869,
            13.0856619
          ],
          [
            80.2971794,
            13.0857625
          ],
          [
            80.2972696,
            13.0858537
          ],
          [
            80.2974034,
            13.0859662
          ],
          [
            80.2975938,
            13.0860864
          ],
          [
            80.2977737,
            13.0861986
          ],
          [
            80.2979801,
            13.0863214
          ],
          [
            80.2981097,
            13.08641
          ],
          [
            80.2981973,
            13.0864726
          ],
          [
            80.2982804,
            13.0865395
          ],
          [
            80.2983744,
            13.0866168
          ],
          [
            80.2984267,
            13.0866716
          ],
          [
            80.2985567,
            13.0868114
          ],
          [
            80.2986694,
            13.0869577
          ],
          [
            80.2990261,
            13.087424
          ],
          [
            80.2996135,
            13.0882196
          ],
          [
            80.3000896,
            13.0888609
          ],
          [
            80.3005885,
            13.0895062
          ],
          [
            80.3009828,
            13.0900274
          ],
          [
            80.3015018,
            13.0907002
          ],
          [
            80.3019699,
            13.0913128
          ],
          [
            80.3022877,
            13.0917543
          ],
          [
            80.3025117,
            13.0920456
          ]
        ]
      },
      "id": "way/624234096"
    },
    {
      "type": "Feature",
      "properties": {
        "start_km": 348.289,
        "end_km": 348.703
      },
      "geometry": {
        "type": "LineString",
        "coordinates": [
          [
            80.2975915,
            13.0859884
          ],
          [
            80.2974472,
            13.085883
          ],
          [
            80.297322,
            13.0857621
          ],
          [
            80.2972435,
            13.0856894
          ],
          [
            80.2969386,
            13.0852876
          ],
          [
            80.2965224,
            13.0847518
          ],
          [
            80.2961223,
            13.0842357
          ],
          [
            80.2960258,
            13.0841122
          ],
          [
            80.2955196,
            13.0834504
          ],
          [
            80.2952116,
            13.0830789
          ]
        ]
      },
      "id": "way/624234098"
    },
    {
      "type": "Feature",
      "properties": {
        "start_km": 348.703,
        "end_km": 348.763
      },
      "geometry": {
        "type": "LineString",
        "coordinates": [
          [
            80.2931501,
            13.0820346
          ],
          [
            80.2936912,
            13.0821504
          ]
        ]
      },
      "id": "way/624234099"
    },
    {
      "type": "Feature",
      "properties": {
        "start_km": 348.763,
        "end_km": 349.525
      },
      "geometry": {
        "type": "LineString",
        "coordinates": [
          [
            80.2905791,
            13.0764742
          ],
          [
            80.2910378,
            13.0774148
          ],
          [
            80.2915286,
            13.0783866
          ],
          [
            80.29191,
            13.0791478
          ],
          [
            80.2924191,
            13.0798993
          ],
          [
            80.2929099,
            13.0807746
          ],
          [
            80.2933284,
            13.0816602
          ],
          [
            80.2934967,
            13.0818746
          ],
          [
            80.2936554,
            13.0820161
          ],
          [
            80.2938271,
            13.0821376
          ],
          [
            80.293875,
            13.0821714
          ],
          [
            80.2941456,
            13.0822862
          ]
        ]
      },
      "id": "way/624234100"
    },
    {
      "type": "Feature",
      "properties": {
        "start_km": 349.525,
        "end_km": 350.247
      },
      "geometry": {
        "type": "LineString",
        "coordinates": [
          [
            80.2948798,
            13.0826854
          ],
          [
            80.294662,
            13.0824835
          ],
          [
            80.2944496,
            13.0823097
          ],
          [
            80.2943058,
            13.0821539
          ],
          [
            80.2941744,
            13.0819893
          ],
          [
            80.2940496,
            13.0817685
          ],
          [
            80.2939263,
            13.0815438
          ],
          [
            80.2935226,
            13.0807143
          ],
          [
            80.2931645,
            13.0800285
          ],
          [
            80.292734,
            13.0791781
          ],
          [
            80.2924128,
            13.0785899
          ],
          [
            80.2922968,
            13.0783774
          ],
          [
            80.2916448,
            13.0770266
          ]
        ]
      },
      "id": "way/624234101"
    },
    {
      "type": "Feature",
      "properties": {
        "start_km": 350.247,
        "end_km": 351.247
      },
      "geometry": {
        "type": "LineString",
        "coordinates": [
          [
            80.2907498,
            13.081643
          ],
          [
            80.2907166,
            13.0819139
          ],
          [
            80.2906959,
            13.08211
          ],
          [
            80.2906973,
            13.0822617
          ],
          [
            80.2907036,
            13.0823466
          ],
          [
            80.2907163,
            13.0824257
          ],
          [
            80.2908094,
            13.0826643
          ],
          [
            80.2909564,
            13.0830391
          ],
          [
            80.291049,
            13.0832696
          ],
          [
            80.2911586,
            13.0836296
          ],
          [
            80.2914782,
            13.0846575
          ],
          [
            80.2915481,
            13.0848875
          ],
          [
            80.2916729,
            13.0852361
          ],
          [
            80.2919526,
            13.0861137
          ],
          [
            80.2919869,
            13.0862215
          ],
          [
            80.2920611,
            13.0865297
          ],
          [
            80.2921045,
            13.0868663
          ],
          [
            80.2921139,
            13.0870034
          ],
          [
            80.2921067,
            13.0871481
          ],
          [
            80.2920863,
            13.08728
          ],
          [
            80.292061,
            13.0873872
          ],
          [
            80.2920472,
            13.0874459
          ],
          [
            80.2919423,
            13.0878218
          ],
          [
            80.2918964,
            13.0879878
          ],
          [
            80.2918725,
            13.0881454
          ],
          [
            80.2918632,
            13.0882933
          ],
          [
            80.2918645,
            13.0884386
          ],
          [
            80.291878,
            13.0886085
          ],
          [
            80.291916,
            13.0887667
          ],
          [
            80.2919804,
            13.088966
          ],
          [
            80.2922211,
            13.0897134
          ],
          [
            80.2925002,
            13.0903219
          ]
        ]
      },
      "id": "way/624248200"
    },
    {
      "type": "Feature",
      "properties": {
        "start_km": 351.247,
        "end_km": 351.624
      },
      "geometry": {
        "type": "LineString",
        "coordinates": [
          [
            80.2952926,
            13.1010663
          ],
          [
            80.2953027,
            13.1009699
          ],
          [
            80.2953316,
            13.1007101
          ],
          [
            80.2953081,
            13.1004089
          ],
          [
            80.2952882,
            13.1002258
          ],
          [
            80.295234,
            13.0998806
          ],
          [
            80.2952231,
            13.0997608
          ],
          [
            80.2951852,
            13.0996234
          ],
          [
            80.2949483,
            13.0987991
          ],
          [
            80.2947331,
            13.0980981
          ],
          [
            80.2946721,
            13.09774
          ]
        ]
      },
      "id": "way/624248201"
    },
    {
      "type": "Feature",
      "properties": {
        "start_km": 351.624,
        "end_km": 352.652
      },
      "geometry": {
        "type": "LineString",
        "coordinates": [
          [
            80.2903443,
            13.0823218
          ],
          [
            80.2903379,
            13.0820323
          ],
          [
            80.2903524,
            13.081791
          ],
          [
            80.2903828,
            13.0815601
          ],
          [
            80.290403,
            13.081407
          ],
          [
            80.2904247,
            13.0811093
          ],
          [
            80.2903976,
            13.0809191
          ],
          [
            80.290309,
            13.0805245
          ],
          [
            80.2901553,
            13.0800207
          ],
          [
            80.2899762,
            13.0794183
          ],
          [
            80.289734,
            13.0785903
          ],
          [
            80.2893915,
            13.0775188
          ],
          [
            80.2890722,
            13.0764582
          ],
          [
            80.2886069,
            13.074977
          ],
          [
            80.2884213,
            13.0743638
          ],
          [
            80.2881052,
            13.0733589
          ]
        ]
      },
      "id": "way/624249603"
    },
    {
      "type": "Feature",
      "properties": {
        "start_km": 352.652,
        "end_km": 352.897
      },
      "geometry": {
        "type": "LineString",
        "coordinates": [
          [
            80.2892055,
            13.0759016
          ],
          [
            80.2890147,
            13.0752607
          ],
          [
            80.2889514,
            13.0750194
          ],
          [
            80.2888719,
            13.0745984
          ],
          [
            80.2888176,
            13.0743359
          ],
          [
            80.2887212,
            13.073744
          ]
        ]
      },
      "id": "way/624249604"
    },
    {
      "type": "Feature",
      "properties": {
        "start_km": 352.897,
        "end_km": 353.711
      },
      "geometry": {
        "type": "LineString",
        "coordinates": [
          [
            80.2904025,
            13.0799673
          ],
          [
            80.2903346,
            13.0795513
          ],
          [
            80.289122,
            13.0757856
          ],
          [
            80.2889995,
            13.0753928
          ],
          [
            80.2885334,
            13.073871
          ],
          [
            80.2884937,
            13.0733829
          ],
          [
            80.2884856,
            13.0732836
          ],
          [
            80.2883662,
            13.0729041
          ]
        ]
      },
      "id": "way/624249605"
    },
    {
      "type": "Feature",
      "properties": {
        "start_km": 353.711,
        "end_km": 354.225
      },
      "geometry": {
        "type": "LineString",
        "coordinates": [
          [
            80.2917923,
            13.0896278
          ],
          [
            80.2919326,
            13.0901278
          ],
          [
            80.2920518,
            13.09044
          ],
          [
            80.2921475,
            13.0907215
          ],
          [
            80.2923537,
            13.0912473
          ],
          [
            80.2925957,
            13.0919919
          ],
          [
            80.2927452,
            13.0925842
          ],
          [
            80.2927981,
            13.092886
          ],
          [
            80.2928734,
            13.0932511
          ],
          [
            80.2929129,
            13.0934624
          ],
          [
            80.2929957,
            13.0938687
          ],
          [
            80.2930275,
            13.0941062
          ]
        ]
      },
      "id": "way/624304463"
    },
    {
      "type": "Feature",
      "properties": {
        "start_km": 354.225,
        "end_km": 354.28
      },
      "geometry": {
        "type": "LineString",
        "coordinates": [
          [
            80.2905649,
            13.0870176
          ],
          [
            80.290311,
            13.0865967
          ]
        ]
      },
      "id": "way/624304464"
    },
    {
      "type": "Feature",
      "properties": {
        "start_km": 354.28,
        "end_km": 354.321
      },
      "geometry": {
        "type": "LineString",
        "coordinates": [
          [
            80.2911991,
            13.0897491
          ],
          [
            80.2912637,
            13.0901162
          ]
        ]
      },
      "id": "way/624304465"
    },
    {
      "type": "Feature",
      "properties": {
        "start_km": 354.321,
        "end_km": 354.37
      },
      "geometry": {
        "type": "LineString",
        "coordinates": [
          [
            80.2913046,
            13.0900597
          ],
          [
            80.2914701,
            13.0904757
          ]
        ]
      },
      "id": "way/624304466"
    },
    {
      "type": "Feature",
      "properties": {
        "start_km": 354.37,
        "end_km": 354.491
      },
      "geometry": {
        "type": "LineString",
        "coordinates": [
          [
            80.2907525,
            13.0881469
          ],
          [
            80.2912159,
            13.0891393
          ]
        ]
      },
      "id": "way/624304467"
    },
    {
      "type": "Feature",
      "properties": {
        "start_km": 354.491,
        "end_km": 354.548
      },
      "geometry": {
        "type": "LineString",
        "coordinates": [
          [
            80.2906682,
            13.0873452
          ],
          [
            80.290789,
            13.0878517
          ]
        ]
      },
      "id": "way/624304468"
    },
    {
      "type": "Feature",
      "properties": {
        "start_km": 354.548,
        "end_km": 354.62
      },
      "geometry": {
        "type": "LineString",
        "coordinates": [
          [
            80.2647053,
            13.1102016
          ],
          [
            80.265328,
            13.1104173
          ]
        ]
      },
      "id": "way/633866270"
    },
    {
      "type": "Feature",
      "properties": {
        "start_km": 354.62,
        "end_km": 354.684
      },
      "geometry": {
        "type": "LineString",
        "coordinates": [
          [
            80.2645724,
            13.110166
          ],
          [
            80.264017,
            13.1099843
          ]
        ]
      },
      "id": "way/633866271"
    },
    {
      "type": "Feature",
      "properties": {
        "start_km": 354.684,
        "end_km": 354.807
      },
      "geometry": {
        "type": "LineString",
        "coordinates": [
          [
            80.2216003,
            13.1086346
          ],
          [
            80.2227376,
            13.1086125
          ]
        ]
      },
      "id": "way/633866272"
    },
    {
      "type": "Feature",
      "properties": {
        "start_km": 354.807,
        "end_km": 354.871
      },
      "geometry": {
        "type": "LineString",
        "coordinates": [
          [
            80.2229067,
            13.1085878
          ],
          [
            80.2234962,
            13.1085627
          ]
        ]
      },
      "id": "way/633866273"
    },
    {
      "type": "Feature",
      "properties": {
        "start_km": 354.871,
        "end_km": 354.958
      },
      "geometry": {
        "type": "LineString",
        "coordinates": [
          [
            80.2032436,
            13.1112102
          ],
          [
            80.2040361,
            13.1110737
          ]
        ]
      },
      "id": "way/633868528"
    },
    {
      "type": "Feature",
      "properties": {
        "start_km": 354.958,
        "end_km": 355.055
      },
      "geometry": {
        "type": "LineString",
        "coordinates": [
          [
            80.2041454,
            13.1110617
          ],
          [
            80.2050243,
            13.1109051
          ]
        ]
      },
      "id": "way/633868529"
    },
    {
      "type": "Feature",
      "properties": {
        "start_km": 355.055,
        "end_km": 355.152
      },
      "geometry": {
        "type": "LineString",
        "coordinates": [
          [
            80.2071283,
            13.1104854
          ],
          [
            80.2080085,
            13.1103355
          ]
        ]
      },
      "id": "way/633868530"
    },
    {
      "type": "Feature",
      "properties": {
        "start_km": 355.152,
        "end_km": 356.877
      },
      "geometry": {
        "type": "LineString",
        "coordinates": [
          [
            80.207017,
            13.1103244
          ],
          [
            80.2077651,
            13.1102313
          ],
          [
            80.208042,
            13.1101852
          ],
          [
            80.2082306,
            13.1101524
          ],
          [
            80.2083872,
            13.1101196
          ],
          [
            80.2085373,
            13.1100724
          ],
          [
            80.2088216,
            13.1099722
          ],
          [
            80.2090521,
            13.1099189
          ],
          [
            80.2093465,
            13.1098843
          ],
          [
            80.2099657,
            13.109798
          ],
          [
            80.2102596,
            13.1097438
          ],
          [
            80.2104317,
            13.1097077
          ],
          [
            80.2106166,
            13.1096551
          ],
          [
            80.2108002,
            13.1095953
          ],
          [
            80.2109614,
            13.1095545
          ],
          [
            80.2111955,
            13.1094952
          ],
          [
            80.2114558,
            13.1094434
          ],
          [
            80.2116659,
            13.1094213
          ],
          [
            80.2121197,
            13.1094092
          ],
          [
            80.2123258,
            13.1094126
          ],
          [
            80.2125373,
            13.109403
          ],
          [
            80.213287,
            13.1093329
          ],
          [
            80.2135585,
            13.1093023
          ],
          [
            80.2139288,
            13.1092571
          ],
          [
            80.2147465,
            13.1091683
          ],
          [
            80.2160579,
            13.1090054
          ],
          [
            80.2176888,
            13.108815
          ],
          [
            80.2188834,
            13.1086804
          ],
          [
            80.2198864,
            13.1085689
          ],
          [
            80.220998,
            13.1084343
          ],
          [
            80.2211836,
            13.1083958
          ],
          [
            80.221694,
            13.1082539
          ],
          [
            80.221911,
            13.1082131
          ],
          [
            80.2222796,
            13.1081495
          ],
          [
            80.2227217,
            13.1080785
          ]
        ]
      },
      "id": "way/633872164"
    },
    {
      "type": "Feature",
      "properties": {
        "start_km": 356.877,
        "end_km": 357.383
      },
      "geometry": {
        "type": "LineString",
        "coordinates": [
          [
            80.213287,
            13.1093329
          ],
          [
            80.2135081,
            13.109291
          ],
          [
            80.2136955,
            13.10923
          ],
          [
            80.2138765,
            13.1091524
          ],
          [
            80.2143862,
            13.1088403
          ],
          [
            80.2144962,
            13.1087831
          ],
          [
            80.2146219,
            13.1087144
          ],
          [
            80.2147576,
            13.1086532
          ],
          [
            80.2148993,
            13.1086075
          ],
          [
            80.2150828,
            13.1085649
          ],
          [
            80.2153525,
            13.1084409
          ],
          [
            80.215565,
            13.1083067
          ],
          [
            80.2156879,
            13.1081693
          ],
          [
            80.2158008,
            13.1080237
          ],
          [
            80.215882,
            13.1078749
          ],
          [
            80.2159154,
            13.1078087
          ],
          [
            80.2159649,
            13.1075267
          ],
          [
            80.2159728,
            13.1074197
          ],
          [
            80.2159702,
            13.1073381
          ],
          [
            80.2159021,
            13.1063258
          ]
        ]
      },
      "id": "way/633872165"
    },
    {
      "type": "Feature",
      "properties": {
        "start_km": 357.383,
        "end_km": 357.55
      },
      "geometry": {
        "type": "LineString",
        "coordinates": [
          [
            80.2159702,
            13.1063242
          ],
          [
            80.216015,
            13.1069403
          ],
          [
            80.2160523,
            13.1074157
          ],
          [
            80.2160415,
            13.1074966
          ],
          [
            80.2160216,
            13.1075612
          ],
          [
            80.2159779,
            13.1076672
          ],
          [
            80.2159154,
            13.1078087
          ]
        ]
      },
      "id": "way/633872166"
    },
    {
      "type": "Feature",
      "properties": {
        "start_km": 357.55,
        "end_km": 358.379
      },
      "geometry": {
        "type": "LineString",
        "coordinates": [
          [
            80.2150828,
            13.1085649
          ],
          [
            80.2153067,
            13.1085083
          ],
          [
            80.2155061,
            13.1084314
          ],
          [
            80.2156798,
            13.1083526
          ],
          [
            80.2158437,
            13.1082756
          ],
          [
            80.2160002,
            13.1082044
          ],
          [
            80.2161182,
            13.108138
          ],
          [
            80.2162372,
            13.1080626
          ],
          [
            80.2163393,
            13.108016
          ],
          [
            80.2164815,
            13.1079737
          ],
          [
            80.2166374,
            13.1079391
          ],
          [
            80.2167599,
            13.107916
          ],
          [
            80.2177098,
            13.1078013
          ],
          [
            80.2180176,
            13.1077641
          ],
          [
            80.2192229,
            13.1076162
          ],
          [
            80.2197097,
            13.1075564
          ],
          [
            80.220916,
            13.1074218
          ],
          [
            80.2225489,
            13.1072372
          ]
        ]
      },
      "id": "way/633872167"
    },
    {
      "type": "Feature",
      "properties": {
        "start_km": 358.379,
        "end_km": 359.14
      },
      "geometry": {
        "type": "LineString",
        "coordinates": [
          [
            80.2147465,
            13.1091683
          ],
          [
            80.2152168,
            13.1090631
          ],
          [
            80.2156374,
            13.1090093
          ],
          [
            80.2167391,
            13.1088881
          ],
          [
            80.2182436,
            13.1087093
          ],
          [
            80.2195211,
            13.1085574
          ],
          [
            80.2199476,
            13.1085131
          ],
          [
            80.2201456,
            13.108489
          ],
          [
            80.2207037,
            13.1083775
          ],
          [
            80.2211695,
            13.1083185
          ],
          [
            80.221694,
            13.1082539
          ]
        ]
      },
      "id": "way/633872168"
    },
    {
      "type": "Feature",
      "properties": {
        "start_km": 359.14,
        "end_km": 359.255
      },
      "geometry": {
        "type": "LineString",
        "coordinates": [
          [
            80.21666,
            13.1090825
          ],
          [
            80.2172647,
            13.1089091
          ],
          [
            80.2176888,
            13.108815
          ]
        ]
      },
      "id": "way/633872169"
    },
    {
      "type": "Feature",
      "properties": {
        "start_km": 359.255,
        "end_km": 359.606
      },
      "geometry": {
        "type": "LineString",
        "coordinates": [
          [
            80.2170731,
            13.1090154
          ],
          [
            80.217352,
            13.1089575
          ],
          [
            80.2174801,
            13.108931
          ],
          [
            80.21764,
            13.108906
          ],
          [
            80.2187726,
            13.1087596
          ],
          [
            80.2195532,
            13.1086818
          ],
          [
            80.2202792,
            13.1086104
          ]
        ]
      },
      "id": "way/633892551"
    },
    {
      "type": "Feature",
      "properties": {
        "start_km": 359.606,
        "end_km": 360.912
      },
      "geometry": {
        "type": "LineString",
        "coordinates": [
          [
            80.2225746,
            13.1085323
          ],
          [
            80.2216003,
            13.1086346
          ],
          [
            80.2212075,
            13.1086815
          ],
          [
            80.2210582,
            13.1086958
          ],
          [
            80.2208181,
            13.108724
          ],
          [
            80.2157145,
            13.1093261
          ],
          [
            80.2137016,
            13.1095526
          ],
          [
            80.2131408,
            13.1096093
          ],
          [
            80.2124525,
            13.1097367
          ],
          [
            80.2122423,
            13.10978
          ],
          [
            80.2121045,
            13.10981
          ],
          [
            80.2111429,
            13.1099181
          ],
          [
            80.2106198,
            13.1099818
          ]
        ]
      },
      "id": "way/633892552"
    },
    {
      "type": "Feature",
      "properties": {
        "start_km": 360.912,
        "end_km": 360.977
      },
      "geometry": {
        "type": "LineString",
        "coordinates": [
          [
            80.2187726,
            13.1087596
          ],
          [
            80.2193691,
            13.108752
          ]
        ]
      },
      "id": "way/633892553"
    },
    {
      "type": "Feature",
      "properties": {
        "start_km": 360.977,
        "end_km": 361.225
      },
      "geometry": {
        "type": "LineString",
        "coordinates": [
          [
            80.2254574,
            13.1059745
          ],
          [
            80.2252149,
            13.106183
          ],
          [
            80.2250503,
            13.1062931
          ],
          [
            80.224932,
            13.1063623
          ],
          [
            80.224786,
            13.1064287
          ],
          [
            80.224643,
            13.1064833
          ],
          [
            80.2244904,
            13.10653
          ],
          [
            80.2243272,
            13.106565
          ],
          [
            80.2233496,
            13.1066875
          ]
        ]
      },
      "id": "way/633892554"
    },
    {
      "type": "Feature",
      "properties": {
        "start_km": 361.225,
        "end_km": 361.678
      },
      "geometry": {
        "type": "LineString",
        "coordinates": [
          [
            80.2261215,
            13.1053033
          ],
          [
            80.2258362,
            13.1055269
          ],
          [
            80.2256685,
            13.1056304
          ],
          [
            80.2256167,
            13.1056612
          ],
          [
            80.2254874,
            13.1057383
          ],
          [
            80.2253077,
            13.1058433
          ],
          [
            80.225191,
            13.1058943
          ],
          [
            80.2251011,
            13.1059234
          ],
          [
            80.224944,
            13.1059643
          ],
          [
            80.2244559,
            13.1060736
          ],
          [
            80.2243317,
            13.1060911
          ],
          [
            80.2241715,
            13.1060955
          ],
          [
            80.2239649,
            13.106078
          ],
          [
            80.2234968,
            13.1060489
          ],
          [
            80.2232523,
            13.1060408
          ],
          [
            80.2226026,
            13.1061276
          ],
          [
            80.2221595,
            13.1061796
          ]
        ]
      },
      "id": "way/633892555"
    },
    {
      "type": "Feature",
      "properties": {
        "start_km": 361.678,
        "end_km": 361.915
      },
      "geometry": {
        "type": "LineString",
        "coordinates": [
          [
            80.2234968,
            13.1060489
          ],
          [
            80.2238713,
            13.1060507
          ],
          [
            80.2241579,
            13.1060542
          ],
          [
            80.2242932,
            13.1060403
          ],
          [
            80.2244819,
            13.1060004
          ],
          [
            80.2249857,
            13.1058947
          ],
          [
            80.2251833,
            13.1058409
          ],
          [
            80.2253382,
            13.1057941
          ],
          [
            80.2256167,
            13.1056612
          ]
        ]
      },
      "id": "way/633892556"
    },
    {
      "type": "Feature",
      "properties": {
        "start_km": 361.915,
        "end_km": 362.203
      },
      "geometry": {
        "type": "LineString",
        "coordinates": [
          [
            80.2232523,
            13.1060408
          ],
          [
            80.2236256,
            13.1060143
          ],
          [
            80.223946,
            13.1059796
          ],
          [
            80.2240618,
            13.1059606
          ],
          [
            80.2242647,
            13.1059138
          ],
          [
            80.224676,
            13.1058045
          ],
          [
            80.2249501,
            13.1057577
          ],
          [
            80.2251976,
            13.10573
          ],
          [
            80.2254005,
            13.1057039
          ],
          [
            80.2255026,
            13.1056786
          ],
          [
            80.2255845,
            13.1056511
          ],
          [
            80.2258362,
            13.1055269
          ]
        ]
      },
      "id": "way/633892557"
    },
    {
      "type": "Feature",
      "properties": {
        "start_km": 362.203,
        "end_km": 362.366
      },
      "geometry": {
        "type": "LineString",
        "coordinates": [
          [
            80.2234173,
            13.1045688
          ],
          [
            80.2232563,
            13.1045718
          ],
          [
            80.2230528,
            13.1045589
          ],
          [
            80.2219193,
            13.1046928
          ]
        ]
      },
      "id": "way/633892558"
    },
    {
      "type": "Feature",
      "properties": {
        "start_km": 362.366,
        "end_km": 362.962
      },
      "geometry": {
        "type": "LineString",
        "coordinates": [
          [
            80.2240333,
            13.1078634
          ],
          [
            80.2242376,
            13.1077252
          ],
          [
            80.2245429,
            13.1074915
          ],
          [
            80.2251945,
            13.1069944
          ],
          [
            80.225415,
            13.1068262
          ],
          [
            80.2257577,
            13.1065435
          ],
          [
            80.2259775,
            13.1064237
          ],
          [
            80.2261302,
            13.1063395
          ],
          [
            80.2262628,
            13.1062825
          ],
          [
            80.2265497,
            13.1061803
          ],
          [
            80.2288515,
            13.1054305
          ]
        ]
      },
      "id": "way/633892559"
    },
    {
      "type": "Feature",
      "properties": {
        "start_km": 362.962,
        "end_km": 363.39
      },
      "geometry": {
        "type": "LineString",
        "coordinates": [
          [
            80.2251945,
            13.1069944
          ],
          [
            80.2253282,
            13.1069094
          ],
          [
            80.2254986,
            13.1068316
          ],
          [
            80.2260495,
            13.1066733
          ],
          [
            80.2289494,
            13.1058236
          ]
        ]
      },
      "id": "way/633892560"
    },
    {
      "type": "Feature",
      "properties": {
        "start_km": 363.39,
        "end_km": 364.89
      },
      "geometry": {
        "type": "LineString",
        "coordinates": [
          [
            80.2340455,
            13.1044934
          ],
          [
            80.2317242,
            13.1046071
          ],
          [
            80.2314674,
            13.1046728
          ],
          [
            80.231278,
            13.104746
          ],
          [
            80.2309227,
            13.1049254
          ],
          [
            80.2306037,
            13.1050896
          ],
          [
            80.2301161,
            13.1053422
          ],
          [
            80.229963,
            13.1054407
          ],
          [
            80.2297919,
            13.1055595
          ],
          [
            80.2295921,
            13.1057237
          ],
          [
            80.2292336,
            13.1060116
          ],
          [
            80.228889,
            13.1063236
          ],
          [
            80.2287487,
            13.1064431
          ],
          [
            80.2285974,
            13.106562
          ],
          [
            80.2285879,
            13.1065694
          ],
          [
            80.2284297,
            13.106673
          ],
          [
            80.2282637,
            13.1067816
          ],
          [
            80.228077,
            13.1068776
          ],
          [
            80.227911,
            13.1069761
          ],
          [
            80.2277579,
            13.1070696
          ],
          [
            80.2276049,
            13.1071328
          ],
          [
            80.2273974,
            13.107206
          ],
          [
            80.2269695,
            13.1073525
          ],
          [
            80.2262303,
            13.10759
          ],
          [
            80.2259838,
            13.1076708
          ],
          [
            80.2255248,
            13.1078148
          ],
          [
            80.2252369,
            13.1079127
          ],
          [
            80.2250543,
            13.1079754
          ],
          [
            80.2248374,
            13.1080472
          ],
          [
            80.2246507,
            13.1081028
          ],
          [
            80.2244639,
            13.1081558
          ],
          [
            80.2242113,
            13.1082088
          ],
          [
            80.2239943,
            13.1082406
          ],
          [
            80.2237131,
            13.1082711
          ],
          [
            80.2228088,
            13.1083713
          ],
          [
            80.2221287,
            13.1084609
          ],
          [
            80.2219127,
            13.1084982
          ],
          [
            80.2214195,
            13.108634
          ],
          [
            80.2212075,
            13.1086815
          ]
        ]
      },
      "id": "way/633892561"
    },
    {
      "type": "Feature",
      "properties": {
        "start_km": 364.89,
        "end_km": 365.913
      },
      "geometry": {
        "type": "LineString",
        "coordinates": [
          [
            80.2242113,
            13.1082088
          ],
          [
            80.2245325,
            13.1081768
          ],
          [
            80.2246154,
            13.1081555
          ],
          [
            80.224792,
            13.1081067
          ],
          [
            80.225815,
            13.1077774
          ],
          [
            80.2265617,
            13.1075313
          ],
          [
            80.2268139,
            13.1074482
          ],
          [
            80.227333,
            13.1072782
          ],
          [
            80.2278062,
            13.1070998
          ],
          [
            80.2279895,
            13.1069978
          ],
          [
            80.2281487,
            13.1068959
          ],
          [
            80.228321,
            13.1068066
          ],
          [
            80.2285282,
            13.1066877
          ],
          [
            80.2287594,
            13.1065815
          ],
          [
            80.2289469,
            13.1065135
          ],
          [
            80.2290843,
            13.1064731
          ],
          [
            80.2292436,
            13.1064285
          ],
          [
            80.2295402,
            13.1063733
          ],
          [
            80.2298076,
            13.106337
          ],
          [
            80.2332807,
            13.1061375
          ]
        ]
      },
      "id": "way/633892562"
    },
    {
      "type": "Feature",
      "properties": {
        "start_km": 365.913,
        "end_km": 366.434
      },
      "geometry": {
        "type": "LineString",
        "coordinates": [
          [
            80.2256684,
            13.1081003
          ],
          [
            80.2261832,
            13.1079297
          ],
          [
            80.2264854,
            13.1078215
          ],
          [
            80.2269173,
            13.1076653
          ],
          [
            80.2271702,
            13.1076022
          ],
          [
            80.2274231,
            13.1075722
          ],
          [
            80.2295113,
            13.107464
          ],
          [
            80.2303873,
            13.1074129
          ]
        ]
      },
      "id": "way/633892563"
    },
    {
      "type": "Feature",
      "properties": {
        "start_km": 366.434,
        "end_km": 366.936
      },
      "geometry": {
        "type": "LineString",
        "coordinates": [
          [
            80.225815,
            13.1077774
          ],
          [
            80.2265471,
            13.1075842
          ],
          [
            80.2269435,
            13.107491
          ],
          [
            80.2272773,
            13.1074125
          ],
          [
            80.2273522,
            13.1073949
          ],
          [
            80.2275889,
            13.1073515
          ],
          [
            80.2277223,
            13.1073348
          ],
          [
            80.230378,
            13.1071846
          ]
        ]
      },
      "id": "way/633892564"
    },
    {
      "type": "Feature",
      "properties": {
        "start_km": 366.936,
        "end_km": 367.273
      },
      "geometry": {
        "type": "LineString",
        "coordinates": [
          [
            80.2272773,
            13.1074125
          ],
          [
            80.2277316,
            13.1073859
          ],
          [
            80.2290733,
            13.1073168
          ],
          [
            80.2303873,
            13.1072417
          ]
        ]
      },
      "id": "way/633892565"
    },
    {
      "type": "Feature",
      "properties": {
        "start_km": 367.273,
        "end_km": 367.648
      },
      "geometry": {
        "type": "LineString",
        "coordinates": [
          [
            80.2269435,
            13.107491
          ],
          [
            80.2275342,
            13.107446
          ],
          [
            80.2293632,
            13.1073529
          ],
          [
            80.2303904,
            13.1073078
          ]
        ]
      },
      "id": "way/633892566"
    },
    {
      "type": "Feature",
      "properties": {
        "start_km": 367.648,
        "end_km": 368.064
      },
      "geometry": {
        "type": "LineString",
        "coordinates": [
          [
            80.2265471,
            13.1075842
          ],
          [
            80.2270376,
            13.1075271
          ],
          [
            80.2279536,
            13.1074881
          ],
          [
            80.2303811,
            13.1073589
          ]
        ]
      },
      "id": "way/633892567"
    },
    {
      "type": "Feature",
      "properties": {
        "start_km": 368.064,
        "end_km": 369.431
      },
      "geometry": {
        "type": "LineString",
        "coordinates": [
          [
            80.2246507,
            13.1081028
          ],
          [
            80.2249096,
            13.1079836
          ],
          [
            80.2250471,
            13.1079154
          ],
          [
            80.2252442,
            13.1078497
          ],
          [
            80.2258304,
            13.1076603
          ],
          [
            80.2267122,
            13.1073824
          ],
          [
            80.2269846,
            13.1072965
          ],
          [
            80.2273218,
            13.1071828
          ],
          [
            80.22748,
            13.1071273
          ],
          [
            80.2276641,
            13.107049
          ],
          [
            80.2280947,
            13.1068393
          ],
          [
            80.2282788,
            13.1067357
          ],
          [
            80.2288028,
            13.1063442
          ],
          [
            80.2291659,
            13.105993
          ],
          [
            80.2295266,
            13.1055984
          ],
          [
            80.2297812,
            13.1053319
          ],
          [
            80.2300501,
            13.1050503
          ],
          [
            80.2303402,
            13.1048188
          ],
          [
            80.2305474,
            13.1046573
          ],
          [
            80.230748,
            13.1045277
          ],
          [
            80.2309979,
            13.1043961
          ],
          [
            80.2317104,
            13.1040776
          ],
          [
            80.2320527,
            13.1039184
          ],
          [
            80.2323273,
            13.1038193
          ],
          [
            80.2325092,
            13.1037712
          ],
          [
            80.2326789,
            13.1037382
          ],
          [
            80.2340669,
            13.1036691
          ],
          [
            80.2343497,
            13.103657
          ],
          [
            80.2359258,
            13.1035897
          ]
        ]
      },
      "id": "way/633892568"
    },
    {
      "type": "Feature",
      "properties": {
        "start_km": 369.431,
        "end_km": 369.856
      },
      "geometry": {
        "type": "LineString",
        "coordinates": [
          [
            80.2265617,
            13.1075313
          ],
          [
            80.2270353,
            13.1074245
          ],
          [
            80.2274166,
            13.1073083
          ],
          [
            80.2277719,
            13.1071845
          ],
          [
            80.2279768,
            13.1071062
          ],
          [
            80.2281661,
            13.1070254
          ],
          [
            80.2283503,
            13.1069395
          ],
          [
            80.2285422,
            13.1068687
          ],
          [
            80.2287575,
            13.1068157
          ],
          [
            80.2289546,
            13.1067753
          ],
          [
            80.2291595,
            13.1067247
          ],
          [
            80.2293281,
            13.1067121
          ],
          [
            80.2303474,
            13.1066641
          ]
        ]
      },
      "id": "way/633892569"
    },
    {
      "type": "Feature",
      "properties": {
        "start_km": 369.856,
        "end_km": 370.459
      },
      "geometry": {
        "type": "LineString",
        "coordinates": [
          [
            80.2278062,
            13.1070998
          ],
          [
            80.228218,
            13.1069294
          ],
          [
            80.2284489,
            13.1068283
          ],
          [
            80.2286045,
            13.1067803
          ],
          [
            80.2289339,
            13.1067121
          ],
          [
            80.2292918,
            13.106654
          ],
          [
            80.2309933,
            13.106558
          ],
          [
            80.2328296,
            13.1064544
          ],
          [
            80.2332835,
            13.1064494
          ]
        ]
      },
      "id": "way/633892570"
    },
    {
      "type": "Feature",
      "properties": {
        "start_km": 370.459,
        "end_km": 370.938
      },
      "geometry": {
        "type": "LineString",
        "coordinates": [
          [
            80.2284489,
            13.1068283
          ],
          [
            80.2286486,
            13.1067449
          ],
          [
            80.2289754,
            13.1066616
          ],
          [
            80.2291751,
            13.1066149
          ],
          [
            80.2293541,
            13.1065934
          ],
          [
            80.2306042,
            13.1065328
          ],
          [
            80.232202,
            13.1064393
          ],
          [
            80.2328296,
            13.1064544
          ]
        ]
      },
      "id": "way/633892571"
    },
    {
      "type": "Feature",
      "properties": {
        "start_km": 370.938,
        "end_km": 371.763
      },
      "geometry": {
        "type": "LineString",
        "coordinates": [
          [
            80.2285974,
            13.106562
          ],
          [
            80.2289494,
            13.1063408
          ],
          [
            80.2293177,
            13.106126
          ],
          [
            80.2296342,
            13.1059467
          ],
          [
            80.2301062,
            13.105689
          ],
          [
            80.2307028,
            13.1053581
          ],
          [
            80.2309207,
            13.1052368
          ],
          [
            80.231193,
            13.1051232
          ],
          [
            80.2314757,
            13.1050423
          ],
          [
            80.2316106,
            13.105007
          ],
          [
            80.2330242,
            13.1049362
          ],
          [
            80.2341143,
            13.1048795
          ],
          [
            80.2344235,
            13.1048635
          ],
          [
            80.2346176,
            13.1048534
          ],
          [
            80.2357942,
            13.1047922
          ]
        ]
      },
      "id": "way/633892572"
    },
    {
      "type": "Feature",
      "properties": {
        "start_km": 371.763,
        "end_km": 372.466
      },
      "geometry": {
        "type": "LineString",
        "coordinates": [
          [
            80.2297812,
            13.1053319
          ],
          [
            80.2301342,
            13.105054
          ],
          [
            80.2303416,
            13.1048948
          ],
          [
            80.2306416,
            13.104716
          ],
          [
            80.2309238,
            13.1045493
          ],
          [
            80.2312724,
            13.104369
          ],
          [
            80.2313633,
            13.1043179
          ],
          [
            80.2315592,
            13.1042278
          ],
          [
            80.2317628,
            13.1041497
          ],
          [
            80.2319109,
            13.1041107
          ],
          [
            80.2322594,
            13.1040536
          ],
          [
            80.2340618,
            13.1039693
          ],
          [
            80.2343679,
            13.1039551
          ],
          [
            80.2359014,
            13.1038836
          ]
        ]
      },
      "id": "way/633892573"
    },
    {
      "type": "Feature",
      "properties": {
        "start_km": 372.466,
        "end_km": 373.016
      },
      "geometry": {
        "type": "LineString",
        "coordinates": [
          [
            80.2309238,
            13.1045493
          ],
          [
            80.2312785,
            13.1043991
          ],
          [
            80.2314605,
            13.104339
          ],
          [
            80.2317011,
            13.1042969
          ],
          [
            80.2328269,
            13.1041865
          ],
          [
            80.2340704,
            13.1041182
          ],
          [
            80.2343769,
            13.1041014
          ],
          [
            80.2359343,
            13.1040158
          ]
        ]
      },
      "id": "way/633892574"
    },
    {
      "type": "Feature",
      "properties": {
        "start_km": 373.016,
        "end_km": 373.297
      },
      "geometry": {
        "type": "LineString",
        "coordinates": [
          [
            80.2314605,
            13.104339
          ],
          [
            80.231735,
            13.1042609
          ],
          [
            80.2319294,
            13.1042248
          ],
          [
            80.2325802,
            13.1041648
          ],
          [
            80.2340361,
            13.1040836
          ]
        ]
      },
      "id": "way/633892575"
    },
    {
      "type": "Feature",
      "properties": {
        "start_km": 373.297,
        "end_km": 373.591
      },
      "geometry": {
        "type": "LineString",
        "coordinates": [
          [
            80.2313633,
            13.1043179
          ],
          [
            80.2317257,
            13.1042184
          ],
          [
            80.2319633,
            13.1041588
          ],
          [
            80.2321847,
            13.1041277
          ],
          [
            80.2324044,
            13.1041017
          ],
          [
            80.2340422,
            13.1040176
          ]
        ]
      },
      "id": "way/633892576"
    },
    {
      "type": "Feature",
      "properties": {
        "start_km": 373.591,
        "end_km": 374.118
      },
      "geometry": {
        "type": "LineString",
        "coordinates": [
          [
            80.2306416,
            13.104716
          ],
          [
            80.2309146,
            13.1046004
          ],
          [
            80.2311891,
            13.1045253
          ],
          [
            80.2314173,
            13.1044982
          ],
          [
            80.2316333,
            13.1045102
          ],
          [
            80.2318769,
            13.1045132
          ],
          [
            80.2324846,
            13.1044802
          ],
          [
            80.2340861,
            13.1043915
          ],
          [
            80.2343936,
            13.1043745
          ],
          [
            80.2354643,
            13.1043152
          ]
        ]
      },
      "id": "way/633892577"
    },
    {
      "type": "Feature",
      "properties": {
        "start_km": 374.118,
        "end_km": 374.617
      },
      "geometry": {
        "type": "LineString",
        "coordinates": [
          [
            80.2309146,
            13.1046004
          ],
          [
            80.2311953,
            13.1044832
          ],
          [
            80.2315561,
            13.1044231
          ],
          [
            80.2328145,
            13.104338
          ],
          [
            80.2340789,
            13.1042662
          ],
          [
            80.2343859,
            13.1042487
          ],
          [
            80.2354728,
            13.104187
          ]
        ]
      },
      "id": "way/633892578"
    },
    {
      "type": "Feature",
      "properties": {
        "start_km": 374.617,
        "end_km": 374.751
      },
      "geometry": {
        "type": "LineString",
        "coordinates": [
          [
            80.2328145,
            13.104338
          ],
          [
            80.2334192,
            13.1042609
          ],
          [
            80.2336351,
            13.1042158
          ],
          [
            80.2338726,
            13.1041948
          ],
          [
            80.2340422,
            13.1041888
          ]
        ]
      },
      "id": "way/633892579"
    },
    {
      "type": "Feature",
      "properties": {
        "start_km": 374.751,
        "end_km": 375.384
      },
      "geometry": {
        "type": "LineString",
        "coordinates": [
          [
            80.2303416,
            13.1048948
          ],
          [
            80.2306011,
            13.1046905
          ],
          [
            80.230889,
            13.104501
          ],
          [
            80.2314518,
            13.1042282
          ],
          [
            80.2319239,
            13.104016
          ],
          [
            80.2321028,
            13.1039326
          ],
          [
            80.232368,
            13.1038437
          ],
          [
            80.2325933,
            13.1037989
          ],
          [
            80.2327399,
            13.103786
          ],
          [
            80.232902,
            13.1037851
          ],
          [
            80.2331952,
            13.1038074
          ],
          [
            80.2340562,
            13.1038665
          ],
          [
            80.2343514,
            13.1038868
          ],
          [
            80.2358938,
            13.1038181
          ]
        ]
      },
      "id": "way/633892580"
    },
    {
      "type": "Feature",
      "properties": {
        "start_km": 375.384,
        "end_km": 376.048
      },
      "geometry": {
        "type": "LineString",
        "coordinates": [
          [
            80.2295921,
            13.1057237
          ],
          [
            80.2300149,
            13.105466
          ],
          [
            80.23064,
            13.1051477
          ],
          [
            80.2312703,
            13.1048622
          ],
          [
            80.2314776,
            13.1047917
          ],
          [
            80.231719,
            13.1047309
          ],
          [
            80.2326216,
            13.1046728
          ],
          [
            80.2340991,
            13.1046157
          ],
          [
            80.2344076,
            13.1046038
          ],
          [
            80.2354678,
            13.1045628
          ]
        ]
      },
      "id": "way/633892581"
    },
    {
      "type": "Feature",
      "properties": {
        "start_km": 376.048,
        "end_km": 376.782
      },
      "geometry": {
        "type": "LineString",
        "coordinates": [
          [
            80.2042215,
            13.110701
          ],
          [
            80.2036318,
            13.1107952
          ],
          [
            80.2031882,
            13.1108519
          ],
          [
            80.2015106,
            13.1110435
          ],
          [
            80.2012511,
            13.1110611
          ],
          [
            80.2010435,
            13.1110589
          ],
          [
            80.2008269,
            13.1110479
          ],
          [
            80.2005312,
            13.1110172
          ],
          [
            80.200204,
            13.1109556
          ],
          [
            80.1999558,
            13.1108941
          ],
          [
            80.1997211,
            13.110815
          ],
          [
            80.1994955,
            13.1107183
          ],
          [
            80.199263,
            13.1106128
          ],
          [
            80.1990396,
            13.1104897
          ],
          [
            80.1986989,
            13.1102633
          ],
          [
            80.1984777,
            13.1100875
          ],
          [
            80.1981799,
            13.1098523
          ],
          [
            80.1979266,
            13.1095696
          ]
        ]
      },
      "id": "way/633900030"
    },
    {
      "type": "Feature",
      "properties": {
        "start_km": 376.782,
        "end_km": 377.371
      },
      "geometry": {
        "type": "LineString",
        "coordinates": [
          [
            80.2034195,
            13.1107891
          ],
          [
            80.2030835,
            13.1107952
          ],
          [
            80.2026547,
            13.1108392
          ],
          [
            80.2017791,
            13.1109337
          ],
          [
            80.2015761,
            13.1109578
          ],
          [
            80.2013391,
            13.1109688
          ],
          [
            80.2010954,
            13.1109732
          ],
          [
            80.2008427,
            13.1109688
          ],
          [
            80.200617,
            13.1109446
          ],
          [
            80.2004523,
            13.1109271
          ],
          [
            80.2002311,
            13.1108831
          ],
          [
            80.200019,
            13.1108282
          ],
          [
            80.199861,
            13.1107732
          ],
          [
            80.1996309,
            13.1106941
          ],
          [
            80.1994165,
            13.1105974
          ],
          [
            80.1992405,
            13.1105139
          ],
          [
            80.1990825,
            13.1104216
          ],
          [
            80.1988749,
            13.1102853
          ],
          [
            80.1986673,
            13.1101403
          ],
          [
            80.1982811,
            13.1098727
          ]
        ]
      },
      "id": "way/633900032"
    },
    {
      "type": "Feature",
      "properties": {
        "start_km": 377.371,
        "end_km": 378.199
      },
      "geometry": {
        "type": "LineString",
        "coordinates": [
          [
            80.1979037,
            13.0990164
          ],
          [
            80.19888,
            13.0989041
          ],
          [
            80.2016783,
            13.0985752
          ],
          [
            80.2019444,
            13.0985404
          ],
          [
            80.202222,
            13.0985047
          ],
          [
            80.2028316,
            13.0984441
          ],
          [
            80.2036725,
            13.0983508
          ],
          [
            80.2039118,
            13.0983011
          ],
          [
            80.2040491,
            13.0982529
          ],
          [
            80.2042788,
            13.098155
          ],
          [
            80.2044575,
            13.098082
          ],
          [
            80.2046251,
            13.0980322
          ],
          [
            80.2048134,
            13.0979841
          ],
          [
            80.205083,
            13.0979514
          ],
          [
            80.2054293,
            13.0979157
          ]
        ]
      },
      "id": "way/633900035"
    },
    {
      "type": "Feature",
      "properties": {
        "start_km": 378.199,
        "end_km": 378.907
      },
      "geometry": {
        "type": "LineString",
        "coordinates": [
          [
            80.202222,
            13.0985047
          ],
          [
            80.2025033,
            13.0985064
          ],
          [
            80.2029229,
            13.0985095
          ],
          [
            80.2030522,
            13.0985313
          ],
          [
            80.2034,
            13.0985997
          ],
          [
            80.2037239,
            13.0986619
          ],
          [
            80.203925,
            13.0986898
          ],
          [
            80.2040702,
            13.0986883
          ],
          [
            80.2041851,
            13.0986789
          ],
          [
            80.2044564,
            13.0986448
          ],
          [
            80.2048202,
            13.0986044
          ],
          [
            80.2052111,
            13.0985608
          ],
          [
            80.2059387,
            13.0984754
          ],
          [
            80.2061976,
            13.0984449
          ],
          [
            80.2064142,
            13.0984194
          ],
          [
            80.2069644,
            13.0983499
          ],
          [
            80.2072884,
            13.0982906
          ],
          [
            80.2077153,
            13.0982407
          ],
          [
            80.2081574,
            13.0982259
          ],
          [
            80.2083946,
            13.0982167
          ],
          [
            80.2087058,
            13.098176
          ]
        ]
      },
      "id": "way/633900037"
    },
    {
      "type": "Feature",
      "properties": {
        "start_km": 378.907,
        "end_km": 379.3
      },
      "geometry": {
        "type": "LineString",
        "coordinates": [
          [
            80.2019444,
            13.0985404
          ],
          [
            80.2022894,
            13.0984643
          ],
          [
            80.2024601,
            13.0984099
          ],
          [
            80.2026404,
            13.0983415
          ],
          [
            80.2032164,
            13.098068
          ],
          [
            80.2035116,
            13.0979328
          ],
          [
            80.2039437,
            13.0977368
          ],
          [
            80.2043736,
            13.0975391
          ],
          [
            80.2044725,
            13.0974919
          ],
          [
            80.2045962,
            13.0974482
          ],
          [
            80.2047279,
            13.0974137
          ],
          [
            80.2053253,
            13.0973375
          ]
        ]
      },
      "id": "way/633900039"
    },
    {
      "type": "Feature",
      "properties": {
        "start_km": 379.3,
        "end_km": 379.508
      },
      "geometry": {
        "type": "LineString",
        "coordinates": [
          [
            80.2035116,
            13.0979328
          ],
          [
            80.203825,
            13.097826
          ],
          [
            80.2039313,
            13.0977898
          ],
          [
            80.2041627,
            13.0977261
          ],
          [
            80.2053802,
            13.0975815
          ]
        ]
      },
      "id": "way/633900041"
    },
    {
      "type": "Feature",
      "properties": {
        "start_km": 379.508,
        "end_km": 379.679
      },
      "geometry": {
        "type": "LineString",
        "coordinates": [
          [
            80.203825,
            13.097826
          ],
          [
            80.2041643,
            13.097768
          ],
          [
            80.2047977,
            13.0976903
          ],
          [
            80.2053865,
            13.0976173
          ]
        ]
      },
      "id": "way/633900043"
    },
    {
      "type": "Feature",
      "properties": {
        "start_km": 379.679,
        "end_km": 379.837
      },
      "geometry": {
        "type": "LineString",
        "coordinates": [
          [
            80.2039437,
            13.0977368
          ],
          [
            80.2041722,
            13.0976671
          ],
          [
            80.2045887,
            13.0975613
          ],
          [
            80.2053738,
            13.0974758
          ]
        ]
      },
      "id": "way/633900045"
    },
    {
      "type": "Feature",
      "properties": {
        "start_km": 379.837,
        "end_km": 380.153
      },
      "geometry": {
        "type": "LineString",
        "coordinates": [
          [
            80.2026404,
            13.0983415
          ],
          [
            80.2031805,
            13.0980514
          ],
          [
            80.2032882,
            13.097997
          ],
          [
            80.2036127,
            13.0978436
          ],
          [
            80.2041383,
            13.0975997
          ],
          [
            80.2042847,
            13.097532
          ],
          [
            80.2044267,
            13.0974648
          ],
          [
            80.2045578,
            13.097413
          ],
          [
            80.2046643,
            13.0973816
          ],
          [
            80.2053167,
            13.0972799
          ]
        ]
      },
      "id": "way/633900046"
    },
    {
      "type": "Feature",
      "properties": {
        "start_km": 380.153,
        "end_km": 380.285
      },
      "geometry": {
        "type": "LineString",
        "coordinates": [
          [
            80.2041722,
            13.0976671
          ],
          [
            80.2044438,
            13.0975646
          ],
          [
            80.2045823,
            13.0975257
          ],
          [
            80.2053603,
            13.0974296
          ]
        ]
      },
      "id": "way/633900048"
    },
    {
      "type": "Feature",
      "properties": {
        "start_km": 380.285,
        "end_km": 380.537
      },
      "geometry": {
        "type": "LineString",
        "coordinates": [
          [
            80.2031805,
            13.0980514
          ],
          [
            80.2033584,
            13.0979397
          ],
          [
            80.2041307,
            13.0975646
          ],
          [
            80.2044495,
            13.0974149
          ],
          [
            80.2045406,
            13.0973797
          ],
          [
            80.2046582,
            13.0973446
          ],
          [
            80.2053262,
            13.0972374
          ]
        ]
      },
      "id": "way/633900050"
    },
    {
      "type": "Feature",
      "properties": {
        "start_km": 380.537,
        "end_km": 380.94
      },
      "geometry": {
        "type": "LineString",
        "coordinates": [
          [
            80.2025033,
            13.0985064
          ],
          [
            80.2029335,
            13.0984674
          ],
          [
            80.2038686,
            13.0983555
          ],
          [
            80.2043927,
            13.0982924
          ],
          [
            80.2045578,
            13.0982721
          ],
          [
            80.2054325,
            13.098383
          ],
          [
            80.2061976,
            13.0984449
          ]
        ]
      },
      "id": "way/633900052"
    },
    {
      "type": "Feature",
      "properties": {
        "start_km": 380.94,
        "end_km": 381.457
      },
      "geometry": {
        "type": "LineString",
        "coordinates": [
          [
            80.2039118,
            13.0983011
          ],
          [
            80.2043681,
            13.0982452
          ],
          [
            80.204575,
            13.0982198
          ],
          [
            80.2050701,
            13.0981575
          ],
          [
            80.2055231,
            13.0981156
          ],
          [
            80.2057134,
            13.0980965
          ],
          [
            80.2071681,
            13.0979338
          ],
          [
            80.2072333,
            13.0979265
          ],
          [
            80.207503,
            13.0978955
          ],
          [
            80.208647,
            13.0977639
          ]
        ]
      },
      "id": "way/633900054"
    },
    {
      "type": "Feature",
      "properties": {
        "start_km": 381.457,
        "end_km": 381.752
      },
      "geometry": {
        "type": "LineString",
        "coordinates": [
          [
            80.2043681,
            13.0982452
          ],
          [
            80.2047314,
            13.0982425
          ],
          [
            80.2053339,
            13.0983183
          ],
          [
            80.2059525,
            13.0983719
          ],
          [
            80.2063225,
            13.0983812
          ],
          [
            80.2064439,
            13.0983701
          ],
          [
            80.2070796,
            13.0982924
          ]
        ]
      },
      "id": "way/633900056"
    },
    {
      "type": "Feature",
      "properties": {
        "start_km": 381.752,
        "end_km": 382.146
      },
      "geometry": {
        "type": "LineString",
        "coordinates": [
          [
            80.2050701,
            13.0981575
          ],
          [
            80.2057342,
            13.0982
          ],
          [
            80.2058694,
            13.0982118
          ],
          [
            80.2066014,
            13.0982758
          ],
          [
            80.2070796,
            13.0982924
          ],
          [
            80.2076868,
            13.098213
          ],
          [
            80.2083358,
            13.0981538
          ],
          [
            80.2086888,
            13.0981169
          ]
        ]
      },
      "id": "way/633900058"
    },
    {
      "type": "Feature",
      "properties": {
        "start_km": 382.146,
        "end_km": 382.487
      },
      "geometry": {
        "type": "LineString",
        "coordinates": [
          [
            80.2055231,
            13.0981156
          ],
          [
            80.2060075,
            13.0981169
          ],
          [
            80.2061612,
            13.0981169
          ],
          [
            80.2070948,
            13.0980152
          ],
          [
            80.2071793,
            13.0980053
          ],
          [
            80.2075115,
            13.0979666
          ],
          [
            80.2086489,
            13.0978341
          ]
        ]
      },
      "id": "way/633900060"
    },
    {
      "type": "Feature",
      "properties": {
        "start_km": 382.487,
        "end_km": 382.791
      },
      "geometry": {
        "type": "LineString",
        "coordinates": [
          [
            80.2058694,
            13.0982118
          ],
          [
            80.2062523,
            13.0982056
          ],
          [
            80.2071912,
            13.0980954
          ],
          [
            80.2074497,
            13.0980651
          ],
          [
            80.2075122,
            13.0980583
          ],
          [
            80.2086546,
            13.0979339
          ]
        ]
      },
      "id": "way/633900061"
    },
    {
      "type": "Feature",
      "properties": {
        "start_km": 382.791,
        "end_km": 383.235
      },
      "geometry": {
        "type": "LineString",
        "coordinates": [
          [
            80.204575,
            13.0982198
          ],
          [
            80.2050037,
            13.0981372
          ],
          [
            80.205387,
            13.0980448
          ],
          [
            80.2057115,
            13.0980023
          ],
          [
            80.2071571,
            13.0978298
          ],
          [
            80.2074155,
            13.097799
          ],
          [
            80.2074896,
            13.0977913
          ],
          [
            80.208628,
            13.0976733
          ]
        ]
      },
      "id": "way/633900063"
    },
    {
      "type": "Feature",
      "properties": {
        "start_km": 383.235,
        "end_km": 383.633
      },
      "geometry": {
        "type": "LineString",
        "coordinates": [
          [
            80.2050037,
            13.0981372
          ],
          [
            80.2052523,
            13.0980374
          ],
          [
            80.2054211,
            13.0979856
          ],
          [
            80.2056964,
            13.0979418
          ],
          [
            80.2065692,
            13.0978322
          ],
          [
            80.207152,
            13.0977639
          ],
          [
            80.2074212,
            13.0977324
          ],
          [
            80.2074823,
            13.0977257
          ],
          [
            80.2086205,
            13.0976012
          ]
        ]
      },
      "id": "way/633900065"
    },
    {
      "type": "Feature",
      "properties": {
        "start_km": 383.633,
        "end_km": 384.108
      },
      "geometry": {
        "type": "LineString",
        "coordinates": [
          [
            80.2030522,
            13.0985313
          ],
          [
            80.2035591,
            13.0986925
          ],
          [
            80.2038255,
            13.0987655
          ],
          [
            80.2039436,
            13.0987889
          ],
          [
            80.2040697,
            13.098806
          ],
          [
            80.2041862,
            13.0988075
          ],
          [
            80.2043553,
            13.0987951
          ],
          [
            80.2049569,
            13.0987158
          ],
          [
            80.2059158,
            13.0986257
          ],
          [
            80.2073695,
            13.0984469
          ]
        ]
      },
      "id": "way/633900067"
    },
    {
      "type": "Feature",
      "properties": {
        "start_km": 384.108,
        "end_km": 384.649
      },
      "geometry": {
        "type": "LineString",
        "coordinates": [
          [
            80.2035591,
            13.0986925
          ],
          [
            80.2038463,
            13.0987935
          ],
          [
            80.2040521,
            13.0988401
          ],
          [
            80.2041734,
            13.0988526
          ],
          [
            80.2043345,
            13.0988557
          ],
          [
            80.2044654,
            13.0988603
          ],
          [
            80.2047382,
            13.0988681
          ],
          [
            80.2049872,
            13.0988588
          ],
          [
            80.2052233,
            13.098837
          ],
          [
            80.2055488,
            13.0988044
          ],
          [
            80.2060339,
            13.0987484
          ],
          [
            80.2073679,
            13.0986117
          ],
          [
            80.2085004,
            13.0984799
          ]
        ]
      },
      "id": "way/633900069"
    },
    {
      "type": "Feature",
      "properties": {
        "start_km": 384.649,
        "end_km": 384.888
      },
      "geometry": {
        "type": "LineString",
        "coordinates": [
          [
            80.2055488,
            13.0988044
          ],
          [
            80.2058714,
            13.0987348
          ],
          [
            80.2061738,
            13.0986513
          ],
          [
            80.2071757,
            13.0985304
          ],
          [
            80.2077218,
            13.0984557
          ]
        ]
      },
      "id": "way/633900071"
    },
    {
      "type": "Feature",
      "properties": {
        "start_km": 384.888,
        "end_km": 385.322
      },
      "geometry": {
        "type": "LineString",
        "coordinates": [
          [
            80.2034,
            13.0985997
          ],
          [
            80.2038356,
            13.0987162
          ],
          [
            80.2039874,
            13.0987494
          ],
          [
            80.2041013,
            13.098755
          ],
          [
            80.2042265,
            13.0987494
          ],
          [
            80.2044125,
            13.0987273
          ],
          [
            80.2045851,
            13.0986958
          ],
          [
            80.2049684,
            13.0986238
          ],
          [
            80.2052189,
            13.098596
          ],
          [
            80.2058072,
            13.0985332
          ],
          [
            80.2064561,
            13.0984574
          ],
          [
            80.2073537,
            13.0983428
          ]
        ]
      },
      "id": "way/633900073"
    },
    {
      "type": "Feature",
      "properties": {
        "start_km": 385.322,
        "end_km": 385.412
      },
      "geometry": {
        "type": "LineString",
        "coordinates": [
          [
            80.2761217,
            13.1151258
          ],
          [
            80.2765035,
            13.115853
          ]
        ]
      },
      "id": "way/655709927"
    },
    {
      "type": "Feature",
      "properties": {
        "start_km": 385.412,
        "end_km": 385.505
      },
      "geometry": {
        "type": "LineString",
        "coordinates": [
          [
            80.2765999,
            13.1155203
          ],
          [
            80.2764944,
            13.1149978
          ],
          [
            80.2764324,
            13.1146937
          ]
        ]
      },
      "id": "way/655709928"
    },
    {
      "type": "Feature",
      "properties": {
        "start_km": 385.505,
        "end_km": 386.423
      },
      "geometry": {
        "type": "LineString",
        "coordinates": [
          [
            80.2708695,
            13.123643
          ],
          [
            80.2707726,
            13.1231832
          ],
          [
            80.2706232,
            13.1225033
          ],
          [
            80.2693646,
            13.1164566
          ],
          [
            80.2693086,
            13.1161905
          ],
          [
            80.2692829,
            13.1158198
          ],
          [
            80.2692531,
            13.1155028
          ]
        ]
      },
      "id": "way/655847070"
    },
    {
      "type": "Feature",
      "properties": {
        "start_km": 386.423,
        "end_km": 387.267
      },
      "geometry": {
        "type": "LineString",
        "coordinates": [
          [
            80.2692829,
            13.1158198
          ],
          [
            80.2693599,
            13.1162473
          ],
          [
            80.2695327,
            13.1170637
          ],
          [
            80.2707703,
            13.1229785
          ],
          [
            80.2708398,
            13.1232892
          ]
        ]
      },
      "id": "way/655847071"
    },
    {
      "type": "Feature",
      "properties": {
        "start_km": 387.267,
        "end_km": 387.379
      },
      "geometry": {
        "type": "LineString",
        "coordinates": [
          [
            80.2742634,
            13.1149247
          ],
          [
            80.2751796,
            13.1153904
          ]
        ]
      },
      "id": "way/655903062"
    },
    {
      "type": "Feature",
      "properties": {
        "start_km": 387.379,
        "end_km": 387.45
      },
      "geometry": {
        "type": "LineString",
        "coordinates": [
          [
            80.2766626,
            13.1166005
          ],
          [
            80.2768851,
            13.1168889
          ],
          [
            80.2770304,
            13.1171288
          ]
        ]
      },
      "id": "way/655903063"
    },
    {
      "type": "Feature",
      "properties": {
        "start_km": 387.45,
        "end_km": 387.537
      },
      "geometry": {
        "type": "LineString",
        "coordinates": [
          [
            80.2768658,
            13.1170149
          ],
          [
            80.2770514,
            13.1173345
          ],
          [
            80.2772493,
            13.1177135
          ]
        ]
      },
      "id": "way/655903064"
    },
    {
      "type": "Feature",
      "properties": {
        "start_km": 387.537,
        "end_km": 387.655
      },
      "geometry": {
        "type": "LineString",
        "coordinates": [
          [
            80.2772656,
            13.1177489
          ],
          [
            80.2777531,
            13.1187015
          ]
        ]
      },
      "id": "way/655903065"
    },
    {
      "type": "Feature",
      "properties": {
        "start_km": 387.655,
        "end_km": 387.729
      },
      "geometry": {
        "type": "LineString",
        "coordinates": [
          [
            80.2778257,
            13.118869
          ],
          [
            80.2779487,
            13.1192253
          ],
          [
            80.278031,
            13.1194985
          ]
        ]
      },
      "id": "way/655903066"
    },
    {
      "type": "Feature",
      "properties": {
        "start_km": 387.729,
        "end_km": 387.827
      },
      "geometry": {
        "type": "LineString",
        "coordinates": [
          [
            80.2774234,
            13.1178462
          ],
          [
            80.2776962,
            13.1183282
          ],
          [
            80.2778903,
            13.1186125
          ]
        ]
      },
      "id": "way/655903067"
    },
    {
      "type": "Feature",
      "properties": {
        "start_km": 387.827,
        "end_km": 387.899
      },
      "geometry": {
        "type": "LineString",
        "coordinates": [
          [
            80.2774837,
            13.11783
          ],
          [
            80.2778208,
            13.1183853
          ]
        ]
      },
      "id": "way/655903068"
    },
    {
      "type": "Feature",
      "properties": {
        "start_km": 387.899,
        "end_km": 387.968
      },
      "geometry": {
        "type": "LineString",
        "coordinates": [
          [
            80.2767708,
            13.1164447
          ],
          [
            80.2766632,
            13.1161087
          ],
          [
            80.2766086,
            13.1158412
          ]
        ]
      },
      "id": "way/655903069"
    },
    {
      "type": "Feature",
      "properties": {
        "start_km": 387.968,
        "end_km": 388.028
      },
      "geometry": {
        "type": "LineString",
        "coordinates": [
          [
            80.276645,
            13.1158466
          ],
          [
            80.2767323,
            13.1161027
          ],
          [
            80.2768027,
            13.1163683
          ]
        ]
      },
      "id": "way/655903070"
    },
    {
      "type": "Feature",
      "properties": {
        "start_km": 388.028,
        "end_km": 388.858
      },
      "geometry": {
        "type": "LineString",
        "coordinates": [
          [
            80.271764,
            13.1033122
          ],
          [
            80.2718763,
            13.10286
          ],
          [
            80.2720081,
            13.1025201
          ],
          [
            80.272098,
            13.1023074
          ],
          [
            80.2721309,
            13.1022416
          ],
          [
            80.272172,
            13.1021595
          ],
          [
            80.2722745,
            13.1017988
          ],
          [
            80.2724234,
            13.10126
          ],
          [
            80.2725116,
            13.1009673
          ],
          [
            80.2725655,
            13.1006742
          ],
          [
            80.2725915,
            13.1005158
          ],
          [
            80.2725984,
            13.1003527
          ],
          [
            80.2726223,
            13.099112
          ],
          [
            80.2725969,
            13.098841
          ],
          [
            80.2725477,
            13.0986327
          ],
          [
            80.2723571,
            13.0978408
          ],
          [
            80.2722585,
            13.0974282
          ],
          [
            80.2721867,
            13.0970468
          ],
          [
            80.2721174,
            13.0965811
          ],
          [
            80.2721056,
            13.096416
          ],
          [
            80.2721054,
            13.096297
          ],
          [
            80.2721267,
            13.096175
          ],
          [
            80.2721526,
            13.0959939
          ]
        ]
      },
      "id": "way/659467840"
    },
    {
      "type": "Feature",
      "properties": {
        "start_km": 388.858,
        "end_km": 388.92
      },
      "geometry": {
        "type": "LineString",
        "coordinates": [
          [
            80.2716598,
            13.1039117
          ],
          [
            80.2716387,
            13.1037678
          ],
          [
            80.2716409,
            13.1036103
          ],
          [
            80.2716645,
            13.1033463
          ]
        ]
      },
      "id": "way/659467841"
    },
    {
      "type": "Feature",
      "properties": {
        "start_km": 388.92,
        "end_km": 390.304
      },
      "geometry": {
        "type": "LineString",
        "coordinates": [
          [
            80.2310873,
            13.0534559
          ],
          [
            80.2311298,
            13.053798
          ],
          [
            80.2311466,
            13.0539251
          ],
          [
            80.2312109,
            13.0542843
          ],
          [
            80.2312579,
            13.0545881
          ],
          [
            80.2324164,
            13.0623012
          ],
          [
            80.2325212,
            13.0629296
          ],
          [
            80.2329533,
            13.0658315
          ]
        ]
      },
      "id": "way/661546313"
    },
    {
      "type": "Feature",
      "properties": {
        "start_km": 390.304,
        "end_km": 391.349
      },
      "geometry": {
        "type": "LineString",
        "coordinates": [
          [
            80.2742731,
            13.0834809
          ],
          [
            80.274255,
            13.083603
          ],
          [
            80.2740875,
            13.0846428
          ],
          [
            80.2738339,
            13.0862176
          ],
          [
            80.2738217,
            13.0862905
          ],
          [
            80.2737105,
            13.0869535
          ],
          [
            80.273657,
            13.0872415
          ],
          [
            80.2735792,
            13.0877471
          ],
          [
            80.2735274,
            13.0880519
          ],
          [
            80.2734749,
            13.0883764
          ],
          [
            80.2734539,
            13.088718
          ],
          [
            80.2734478,
            13.0890442
          ],
          [
            80.2734595,
            13.0893367
          ],
          [
            80.2735647,
            13.0908545
          ],
          [
            80.2735725,
            13.0910715
          ],
          [
            80.273574,
            13.0913038
          ],
          [
            80.2735601,
            13.0915368
          ],
          [
            80.2735448,
            13.0917056
          ],
          [
            80.2734788,
            13.0920781
          ],
          [
            80.2733658,
            13.0925068
          ],
          [
            80.2732435,
            13.0928125
          ]
        ]
      },
      "id": "way/661558727"
    },
    {
      "type": "Feature",
      "properties": {
        "start_km": 391.349,
        "end_km": 393.028
      },
      "geometry": {
        "type": "LineString",
        "coordinates": [
          [
            80.2722171,
            13.1063377
          ],
          [
            80.2720213,
            13.1058597
          ],
          [
            80.2718612,
            13.1053823
          ],
          [
            80.2718202,
            13.1052505
          ],
          [
            80.2716458,
            13.1046041
          ],
          [
            80.2715483,
            13.1041934
          ],
          [
            80.2715259,
            13.1040641
          ],
          [
            80.2715042,
            13.1039225
          ],
          [
            80.2714842,
            13.1036886
          ],
          [
            80.2714861,
            13.1034275
          ],
          [
            80.2715583,
            13.1023579
          ],
          [
            80.2716119,
            13.1013868
          ],
          [
            80.2716197,
            13.1012638
          ],
          [
            80.2715971,
            13.1006535
          ],
          [
            80.2715678,
            13.0999858
          ],
          [
            80.2715659,
            13.0997985
          ],
          [
            80.2716138,
            13.0989259
          ],
          [
            80.2716629,
            13.0980298
          ],
          [
            80.2717207,
            13.0971845
          ],
          [
            80.2717716,
            13.0966167
          ],
          [
            80.2718152,
            13.0962994
          ],
          [
            80.2718721,
            13.0959954
          ],
          [
            80.2719538,
            13.0956904
          ],
          [
            80.272058,
            13.0953893
          ],
          [
            80.2722081,
            13.0950485
          ],
          [
            80.272408,
            13.0946606
          ],
          [
            80.2726009,
            13.0943066
          ],
          [
            80.2737867,
            13.0921122
          ],
          [
            80.2739807,
            13.0917773
          ]
        ]
      },
      "id": "way/817723574"
    },
    {
      "type": "Feature",
      "properties": {
        "start_km": 393.028,
        "end_km": 393.099
      },
      "geometry": {
        "type": "LineString",
        "coordinates": [
          [
            80.2745943,
            13.0896238
          ],
          [
            80.2744589,
            13.0902482
          ]
        ]
      },
      "id": "way/817723575"
    },
    {
      "type": "Feature",
      "properties": {
        "start_km": 393.099,
        "end_km": 393.208
      },
      "geometry": {
        "type": "LineString",
        "coordinates": [
          [
            80.2745887,
            13.0892673
          ],
          [
            80.2745798,
            13.0893517
          ],
          [
            80.274551,
            13.08954
          ],
          [
            80.2744589,
            13.0902482
          ]
        ]
      },
      "id": "way/817723576"
    },
    {
      "type": "Feature",
      "properties": {
        "start_km": 393.208,
        "end_km": 393.267
      },
      "geometry": {
        "type": "LineString",
        "coordinates": [
          [
            80.2746359,
            13.089353
          ],
          [
            80.2747705,
            13.0888351
          ]
        ]
      },
      "id": "way/817723577"
    },
    {
      "type": "Feature",
      "properties": {
        "start_km": 393.267,
        "end_km": 393.337
      },
      "geometry": {
        "type": "LineString",
        "coordinates": [
          [
            80.2989585,
            13.1650849
          ],
          [
            80.2987464,
            13.1644902
          ]
        ]
      },
      "id": "way/817723578"
    },
    {
      "type": "Feature",
      "properties": {
        "start_km": 393.337,
        "end_km": 394.339
      },
      "geometry": {
        "type": "LineString",
        "coordinates": [
          [
            80.2952688,
            13.1572411
          ],
          [
            80.2953652,
            13.1574425
          ],
          [
            80.2956854,
            13.1581553
          ],
          [
            80.296417,
            13.1597816
          ],
          [
            80.2968354,
            13.1606917
          ],
          [
            80.2973022,
            13.1617116
          ],
          [
            80.2975944,
            13.1623629
          ],
          [
            80.2981994,
            13.1636078
          ],
          [
            80.2985816,
            13.1644723
          ],
          [
            80.2988054,
            13.1649856
          ],
          [
            80.2990854,
            13.1654865
          ]
        ]
      },
      "id": "way/817723579"
    },
    {
      "type": "Feature",
      "properties": {
        "start_km": 394.339,
        "end_km": 405.455
      },
      "geometry": {
        "type": "LineString",
        "coordinates": [
          [
            80.319094,
            13.2232536
          ],
          [
            80.3191921,
            13.2231272
          ],
          [
            80.3198241,
            13.2223132
          ],
          [
            80.3202085,
            13.2217741
          ],
          [
            80.3206126,
            13.2211957
          ],
          [
            80.3207956,
            13.2208443
          ],
          [
            80.3209045,
            13.2206501
          ],
          [
            80.3211711,
            13.2200694
          ],
          [
            80.3215033,
            13.2191063
          ],
          [
            80.3217165,
            13.2181472
          ],
          [
            80.3218158,
            13.2174773
          ],
          [
            80.321839,
            13.2170459
          ],
          [
            80.3218365,
            13.2164741
          ],
          [
            80.3217938,
            13.2159328
          ],
          [
            80.3217028,
            13.2152916
          ],
          [
            80.321529,
            13.2146651
          ],
          [
            80.3213659,
            13.2142046
          ],
          [
            80.3213074,
            13.2140722
          ],
          [
            80.3211017,
            13.2135913
          ],
          [
            80.3207352,
            13.2127618
          ],
          [
            80.3200401,
            13.2112412
          ],
          [
            80.3197641,
            13.2106537
          ],
          [
            80.3193658,
            13.2098038
          ],
          [
            80.318992,
            13.2089628
          ],
          [
            80.3187042,
            13.2083181
          ],
          [
            80.3183737,
            13.2076035
          ],
          [
            80.3181809,
            13.2071867
          ],
          [
            80.3175139,
            13.2057408
          ],
          [
            80.3169173,
            13.204382
          ],
          [
            80.3160044,
            13.2024698
          ],
          [
            80.315646,
            13.2016404
          ],
          [
            80.3150916,
            13.2004401
          ],
          [
            80.3125615,
            13.1948736
          ],
          [
            80.3121189,
            13.1939537
          ],
          [
            80.3116812,
            13.1929578
          ],
          [
            80.3105839,
            13.1905391
          ],
          [
            80.3092012,
            13.1874911
          ],
          [
            80.307717,
            13.1842112
          ],
          [
            80.3058817,
            13.1802283
          ],
          [
            80.3055318,
            13.1794798
          ],
          [
            80.3050761,
            13.178505
          ],
          [
            80.3041388,
            13.1764642
          ],
          [
            80.3025883,
            13.1730793
          ],
          [
            80.3022391,
            13.1723112
          ],
          [
            80.3018284,
            13.1714018
          ],
          [
            80.300997,
            13.16957
          ],
          [
            80.300298,
            13.1679964
          ],
          [
            80.2998647,
            13.1671219
          ],
          [
            80.2995593,
            13.1664424
          ],
          [
            80.2991981,
            13.1656143
          ],
          [
            80.2989585,
            13.1650849
          ],
          [
            80.2988178,
            13.1647743
          ],
          [
            80.2982803,
            13.163566
          ],
          [
            80.2976969,
            13.1623245
          ],
          [
            80.2972585,
            13.161417
          ],
          [
            80.2966531,
            13.1600647
          ],
          [
            80.2964167,
            13.1595494
          ],
          [
            80.2961894,
            13.1590539
          ],
          [
            80.2957787,
            13.1581223
          ],
          [
            80.2953054,
            13.1571034
          ],
          [
            80.2946541,
            13.1556617
          ],
          [
            80.2944614,
            13.1552333
          ],
          [
            80.2943454,
            13.1549896
          ],
          [
            80.2940553,
            13.15438
          ],
          [
            80.2936623,
            13.1534833
          ],
          [
            80.2933205,
            13.1527588
          ],
          [
            80.2927093,
            13.1513734
          ],
          [
            80.2925121,
            13.1508338
          ],
          [
            80.2921477,
            13.149917
          ],
          [
            80.2918013,
            13.1490931
          ],
          [
            80.29117,
            13.1476989
          ],
          [
            80.2895324,
            13.1441624
          ],
          [
            80.289337,
            13.1437939
          ],
          [
            80.2890054,
            13.1432287
          ],
          [
            80.2888011,
            13.1428102
          ],
          [
            80.288197,
            13.14151
          ],
          [
            80.2870388,
            13.139012
          ],
          [
            80.2857167,
            13.1360766
          ],
          [
            80.2850261,
            13.1344926
          ],
          [
            80.2836287,
            13.1314207
          ]
        ]
      },
      "id": "way/817723580"
    },
    {
      "type": "Feature",
      "properties": {
        "start_km": 405.455,
        "end_km": 412.551
      },
      "geometry": {
        "type": "LineString",
        "coordinates": [
          [
            80.3212532,
            13.2137148
          ],
          [
            80.3208234,
            13.2127179
          ],
          [
            80.3206951,
            13.2124614
          ],
          [
            80.3204063,
            13.211861
          ],
          [
            80.3202805,
            13.2115741
          ],
          [
            80.3201764,
            13.2113439
          ],
          [
            80.3201366,
            13.211256
          ],
          [
            80.3199298,
            13.2108017
          ],
          [
            80.3197149,
            13.2103278
          ],
          [
            80.319072,
            13.2089314
          ],
          [
            80.3187473,
            13.2082035
          ],
          [
            80.318451,
            13.2075658
          ],
          [
            80.31827,
            13.2071763
          ],
          [
            80.317755,
            13.2059751
          ],
          [
            80.3175435,
            13.2054265
          ],
          [
            80.3173797,
            13.2050179
          ],
          [
            80.3173286,
            13.2048914
          ],
          [
            80.3169632,
            13.204076
          ],
          [
            80.3167184,
            13.2035936
          ],
          [
            80.3163,
            13.2026979
          ],
          [
            80.3157421,
            13.2014654
          ],
          [
            80.3152682,
            13.2005465
          ],
          [
            80.314987,
            13.1999116
          ],
          [
            80.3145083,
            13.1988449
          ],
          [
            80.3138819,
            13.1975275
          ],
          [
            80.3132852,
            13.196193
          ],
          [
            80.3128037,
            13.1951119
          ],
          [
            80.312667,
            13.1948113
          ],
          [
            80.3122284,
            13.1938663
          ],
          [
            80.311788,
            13.1929079
          ],
          [
            80.3112011,
            13.1915683
          ],
          [
            80.3106732,
            13.190446
          ],
          [
            80.3105869,
            13.1902625
          ],
          [
            80.3101228,
            13.1892519
          ],
          [
            80.3097152,
            13.1883222
          ],
          [
            80.3091653,
            13.1871575
          ],
          [
            80.3086798,
            13.1860946
          ],
          [
            80.3081005,
            13.1848516
          ],
          [
            80.3078186,
            13.1841754
          ],
          [
            80.3070034,
            13.1823785
          ],
          [
            80.3064781,
            13.1812014
          ],
          [
            80.3061458,
            13.1804568
          ],
          [
            80.3059269,
            13.1799328
          ],
          [
            80.3057074,
            13.1794589
          ],
          [
            80.3055235,
            13.179062
          ],
          [
            80.3052119,
            13.1784444
          ],
          [
            80.3049219,
            13.1778163
          ],
          [
            80.3042298,
            13.1764119
          ],
          [
            80.3034261,
            13.1745912
          ],
          [
            80.3026967,
            13.1730513
          ],
          [
            80.3018816,
            13.1712835
          ],
          [
            80.3010789,
            13.169531
          ],
          [
            80.3003758,
            13.1679415
          ],
          [
            80.2996862,
            13.1664647
          ],
          [
            80.299488,
            13.1660219
          ],
          [
            80.2992887,
            13.1655671
          ],
          [
            80.2981134,
            13.1628435
          ],
          [
            80.2978572,
            13.1622388
          ],
          [
            80.2976011,
            13.1616499
          ],
          [
            80.2969694,
            13.160271
          ],
          [
            80.2965577,
            13.1593724
          ],
          [
            80.2963324,
            13.1588919
          ],
          [
            80.2955653,
            13.1573836
          ],
          [
            80.2953011,
            13.156856
          ],
          [
            80.294821,
            13.155793
          ],
          [
            80.2947284,
            13.1556114
          ],
          [
            80.294492,
            13.1551903
          ]
        ]
      },
      "id": "way/817723581"
    },
    {
      "type": "Feature",
      "properties": {
        "start_km": 412.551,
        "end_km": 412.644
      },
      "geometry": {
        "type": "LineString",
        "coordinates": [
          [
            80.29526,
            13.1573237
          ],
          [
            80.2955854,
            13.1580975
          ]
        ]
      },
      "id": "way/817723583"
    },
    {
      "type": "Feature",
      "properties": {
        "start_km": 412.644,
        "end_km": 412.731
      },
      "geometry": {
        "type": "LineString",
        "coordinates": [
          [
            80.2953054,
            13.1571034
          ],
          [
            80.2956743,
            13.1578038
          ]
        ]
      },
      "id": "way/817723584"
    },
    {
      "type": "Feature",
      "properties": {
        "start_km": 412.731,
        "end_km": 412.913
      },
      "geometry": {
        "type": "LineString",
        "coordinates": [
          [
            80.2614975,
            13.1096225
          ],
          [
            80.2631581,
            13.1098494
          ]
        ]
      },
      "id": "way/819563313"
    },
    {
      "type": "Feature",
      "properties": {
        "start_km": 412.913,
        "end_km": 413.091
      },
      "geometry": {
        "type": "LineString",
        "coordinates": [
          [
            80.2631371,
            13.1097764
          ],
          [
            80.2620865,
            13.1096494
          ],
          [
            80.2615062,
            13.1095753
          ]
        ]
      },
      "id": "way/819563314"
    },
    {
      "type": "Feature",
      "properties": {
        "start_km": 413.091,
        "end_km": 414.061
      },
      "geometry": {
        "type": "LineString",
        "coordinates": [
          [
            80.2816098,
            13.1276624
          ],
          [
            80.2818222,
            13.1279354
          ],
          [
            80.2820439,
            13.1282324
          ],
          [
            80.2821906,
            13.1285414
          ],
          [
            80.2825504,
            13.1293145
          ],
          [
            80.2826869,
            13.1296031
          ],
          [
            80.2831087,
            13.1305179
          ],
          [
            80.2833617,
            13.1310507
          ],
          [
            80.2835556,
            13.131459
          ],
          [
            80.2849376,
            13.1345299
          ],
          [
            80.2854088,
            13.1355851
          ]
        ]
      },
      "id": "way/819563315"
    },
    {
      "type": "Feature",
      "properties": {
        "start_km": 414.061,
        "end_km": 414.951
      },
      "geometry": {
        "type": "LineString",
        "coordinates": [
          [
            80.2738455,
            13.1261988
          ],
          [
            80.2781667,
            13.1263017
          ],
          [
            80.2792405,
            13.1263183
          ],
          [
            80.2794796,
            13.126346
          ],
          [
            80.2797394,
            13.1264007
          ],
          [
            80.2800004,
            13.126474
          ],
          [
            80.2801596,
            13.1265383
          ],
          [
            80.2802995,
            13.1266037
          ],
          [
            80.2804793,
            13.1266871
          ],
          [
            80.2806845,
            13.1268134
          ],
          [
            80.280902,
            13.1269997
          ],
          [
            80.2812874,
            13.1273534
          ],
          [
            80.2816098,
            13.1276624
          ]
        ]
      },
      "id": "way/819563316"
    },
    {
      "type": "Feature",
      "properties": {
        "start_km": 414.951,
        "end_km": 415.002
      },
      "geometry": {
        "type": "LineString",
        "coordinates": [
          [
            80.2740971,
            13.0912382
          ],
          [
            80.2738745,
            13.0916388
          ]
        ]
      },
      "id": "way/822593946"
    },
    {
      "type": "Feature",
      "properties": {
        "start_km": 415.002,
        "end_km": 415.67
      },
      "geometry": {
        "type": "LineString",
        "coordinates": [
          [
            80.2745069,
            13.0894343
          ],
          [
            80.274503,
            13.088911
          ],
          [
            80.2744282,
            13.0877219
          ],
          [
            80.2744358,
            13.0871146
          ],
          [
            80.2744946,
            13.0865445
          ],
          [
            80.2747379,
            13.0850682
          ],
          [
            80.2749756,
            13.0836222
          ],
          [
            80.2749931,
            13.0835059
          ],
          [
            80.2750024,
            13.0834439
          ]
        ]
      },
      "id": "way/822593947"
    },
    {
      "type": "Feature",
      "properties": {
        "start_km": 415.67,
        "end_km": 415.678
      },
      "geometry": {
        "type": "LineString",
        "coordinates": [
          [
            80.2741668,
            13.0912982
          ],
          [
            80.2741331,
            13.0913668
          ]
        ]
      },
      "id": "way/822593948"
    },
    {
      "type": "Feature",
      "properties": {
        "start_km": 415.678,
        "end_km": 415.874
      },
      "geometry": {
        "type": "LineString",
        "coordinates": [
          [
            80.2742044,
            13.091344
          ],
          [
            80.2742927,
            13.0911251
          ],
          [
            80.2743546,
            13.090931
          ],
          [
            80.2744187,
            13.090728
          ],
          [
            80.2744732,
            13.0904716
          ],
          [
            80.2745529,
            13.0899338
          ],
          [
            80.2745943,
            13.0896238
          ]
        ]
      },
      "id": "way/822593949"
    },
    {
      "type": "Feature",
      "properties": {
        "start_km": 415.874,
        "end_km": 415.922
      },
      "geometry": {
        "type": "LineString",
        "coordinates": [
          [
            80.2742416,
            13.0913701
          ],
          [
            80.2740379,
            13.0917554
          ]
        ]
      },
      "id": "way/822593950"
    },
    {
      "type": "Feature",
      "properties": {
        "start_km": 415.922,
        "end_km": 415.983
      },
      "geometry": {
        "type": "LineString",
        "coordinates": [
          [
            80.2740172,
            13.0918882
          ],
          [
            80.2742685,
            13.0913964
          ]
        ]
      },
      "id": "way/822593952"
    },
    {
      "type": "Feature",
      "properties": {
        "start_km": 415.983,
        "end_km": 417.632
      },
      "geometry": {
        "type": "LineString",
        "coordinates": [
          [
            80.2737744,
            13.0920326
          ],
          [
            80.272359,
            13.0946412
          ],
          [
            80.2721623,
            13.0950307
          ],
          [
            80.2720125,
            13.0953807
          ],
          [
            80.2719122,
            13.0956812
          ],
          [
            80.2718268,
            13.0959807
          ],
          [
            80.2717647,
            13.0962906
          ],
          [
            80.2717197,
            13.0966188
          ],
          [
            80.2716672,
            13.0971812
          ],
          [
            80.2716133,
            13.0978916
          ],
          [
            80.2716009,
            13.0981579
          ],
          [
            80.2715655,
            13.0989155
          ],
          [
            80.2715242,
            13.0997996
          ],
          [
            80.2715241,
            13.0999853
          ],
          [
            80.2715564,
            13.1006607
          ],
          [
            80.2715825,
            13.1012627
          ],
          [
            80.2715771,
            13.1013824
          ],
          [
            80.2715142,
            13.1023555
          ],
          [
            80.2714515,
            13.1034225
          ],
          [
            80.2714508,
            13.1036958
          ],
          [
            80.2714638,
            13.103923
          ],
          [
            80.271486,
            13.1041014
          ],
          [
            80.271513,
            13.1042548
          ],
          [
            80.271589,
            13.104613
          ],
          [
            80.2716847,
            13.1050089
          ],
          [
            80.2718109,
            13.1054354
          ],
          [
            80.2719857,
            13.105917
          ],
          [
            80.2721783,
            13.1063619
          ]
        ]
      },
      "id": "way/822593953"
    },
    {
      "type": "Feature",
      "properties": {
        "start_km": 417.632,
        "end_km": 417.684
      },
      "geometry": {
        "type": "LineString",
        "coordinates": [
          [
            80.2739047,
            13.0916838
          ],
          [
            80.2741239,
            13.0912636
          ]
        ]
      },
      "id": "way/822593954"
    },
    {
      "type": "Feature",
      "properties": {
        "start_km": 417.684,
        "end_km": 417.831
      },
      "geometry": {
        "type": "LineString",
        "coordinates": [
          [
            80.2738745,
            13.0916388
          ],
          [
            80.2737328,
            13.0919104
          ],
          [
            80.273428,
            13.0924724
          ],
          [
            80.2732435,
            13.0928125
          ]
        ]
      },
      "id": "way/822593955"
    },
    {
      "type": "Feature",
      "properties": {
        "start_km": 417.831,
        "end_km": 417.873
      },
      "geometry": {
        "type": "LineString",
        "coordinates": [
          [
            80.2739999,
            13.0917414
          ],
          [
            80.2741752,
            13.0914019
          ]
        ]
      },
      "id": "way/822593956"
    },
    {
      "type": "Feature",
      "properties": {
        "start_km": 417.873,
        "end_km": 419.537
      },
      "geometry": {
        "type": "LineString",
        "coordinates": [
          [
            80.2739954,
            13.0918352
          ],
          [
            80.2738304,
            13.0921257
          ],
          [
            80.2735841,
            13.0925885
          ],
          [
            80.2727408,
            13.0941435
          ],
          [
            80.2726624,
            13.0943172
          ],
          [
            80.2726049,
            13.094459
          ],
          [
            80.2724772,
            13.0947752
          ],
          [
            80.2723555,
            13.0951134
          ],
          [
            80.2721262,
            13.0958034
          ],
          [
            80.2720888,
            13.0959153
          ],
          [
            80.2720019,
            13.0961871
          ],
          [
            80.271771,
            13.0978611
          ],
          [
            80.2717471,
            13.0980343
          ],
          [
            80.2716649,
            13.0989445
          ],
          [
            80.2716033,
            13.1000059
          ],
          [
            80.2716378,
            13.100485
          ],
          [
            80.2716677,
            13.1007003
          ],
          [
            80.271747,
            13.10114
          ],
          [
            80.2717832,
            13.1013316
          ],
          [
            80.271788,
            13.1014051
          ],
          [
            80.2718023,
            13.101658
          ],
          [
            80.2717926,
            13.1019205
          ],
          [
            80.2717659,
            13.1023633
          ],
          [
            80.271696,
            13.1031109
          ],
          [
            80.2716645,
            13.1033463
          ],
          [
            80.2716284,
            13.1035499
          ],
          [
            80.2716023,
            13.1037791
          ],
          [
            80.2715991,
            13.1038992
          ],
          [
            80.2716053,
            13.104026
          ],
          [
            80.2716223,
            13.1042116
          ],
          [
            80.2716972,
            13.1045871
          ],
          [
            80.2718669,
            13.1052352
          ],
          [
            80.2719134,
            13.1053955
          ],
          [
            80.2720915,
            13.1058954
          ],
          [
            80.2722542,
            13.1063037
          ]
        ]
      },
      "id": "way/822593957"
    },
    {
      "type": "Feature",
      "properties": {
        "start_km": 419.537,
        "end_km": 420.036
      },
      "geometry": {
        "type": "LineString",
        "coordinates": [
          [
            80.2721526,
            13.0959939
          ],
          [
            80.2722042,
            13.0957509
          ],
          [
            80.2722282,
            13.0956443
          ],
          [
            80.2723008,
            13.0954212
          ],
          [
            80.2723198,
            13.095363
          ],
          [
            80.2723939,
            13.0951354
          ],
          [
            80.2726327,
            13.0944947
          ],
          [
            80.2726914,
            13.0943397
          ],
          [
            80.2727669,
            13.0941691
          ],
          [
            80.2729011,
            13.0939272
          ],
          [
            80.2736259,
            13.0926111
          ],
          [
            80.2740172,
            13.0918882
          ]
        ]
      },
      "id": "way/822593958"
    },
    {
      "type": "Feature",
      "properties": {
        "start_km": 420.036,
        "end_km": 420.046
      },
      "geometry": {
        "type": "LineString",
        "coordinates": [
          [
            80.2740379,
            13.0917554
          ],
          [
            80.2739954,
            13.0918352
          ]
        ]
      },
      "id": "way/825823769"
    },
    {
      "type": "Feature",
      "properties": {
        "start_km": 420.046,
        "end_km": 420.054
      },
      "geometry": {
        "type": "LineString",
        "coordinates": [
          [
            80.2741752,
            13.0914019
          ],
          [
            80.2742044,
            13.091344
          ]
        ]
      },
      "id": "way/825823770"
    },
    {
      "type": "Feature",
      "properties": {
        "start_km": 420.054,
        "end_km": 420.058
      },
      "geometry": {
        "type": "LineString",
        "coordinates": [
          [
            80.2739807,
            13.0917773
          ],
          [
            80.2739999,
            13.0917414
          ]
        ]
      },
      "id": "way/825823771"
    },
    {
      "type": "Feature",
      "properties": {
        "start_km": 420.058,
        "end_km": 420.103
      },
      "geometry": {
        "type": "LineString",
        "coordinates": [
          [
            80.2741331,
            13.0913668
          ],
          [
            80.2739411,
            13.0917253
          ]
        ]
      },
      "id": "way/825823772"
    },
    {
      "type": "Feature",
      "properties": {
        "start_km": 420.103,
        "end_km": 420.145
      },
      "geometry": {
        "type": "LineString",
        "coordinates": [
          [
            80.2740379,
            13.0917554
          ],
          [
            80.2741752,
            13.0914019
          ]
        ]
      },
      "id": "way/825823773"
    },
    {
      "type": "Feature",
      "properties": {
        "start_km": 420.145,
        "end_km": 420.189
      },
      "geometry": {
        "type": "LineString",
        "coordinates": [
          [
            80.2739999,
            13.0917414
          ],
          [
            80.2741331,
            13.0913668
          ]
        ]
      },
      "id": "way/825823774"
    },
    {
      "type": "Feature",
      "properties": {
        "start_km": 420.189,
        "end_km": 420.247
      },
      "geometry": {
        "type": "LineString",
        "coordinates": [
          [
            80.2736259,
            13.0926111
          ],
          [
            80.2738304,
            13.0921257
          ]
        ]
      },
      "id": "way/825823775"
    },
    {
      "type": "Feature",
      "properties": {
        "start_km": 420.247,
        "end_km": 420.292
      },
      "geometry": {
        "type": "LineString",
        "coordinates": [
          [
            80.2743158,
            13.0909149
          ],
          [
            80.2742524,
            13.0911029
          ],
          [
            80.2741668,
            13.0912982
          ]
        ]
      },
      "id": "way/825823776"
    },
    {
      "type": "Feature",
      "properties": {
        "start_km": 420.292,
        "end_km": 420.322
      },
      "geometry": {
        "type": "LineString",
        "coordinates": [
          [
            80.2743849,
            13.0904493
          ],
          [
            80.2744071,
            13.0901807
          ]
        ]
      },
      "id": "way/825823777"
    },
    {
      "type": "Feature",
      "properties": {
        "start_km": 420.322,
        "end_km": 420.375
      },
      "geometry": {
        "type": "LineString",
        "coordinates": [
          [
            80.2744284,
            13.0904603
          ],
          [
            80.2744053,
            13.0906992
          ],
          [
            80.2743546,
            13.090931
          ]
        ]
      },
      "id": "way/825823778"
    },
    {
      "type": "Feature",
      "properties": {
        "start_km": 420.375,
        "end_km": 420.427
      },
      "geometry": {
        "type": "LineString",
        "coordinates": [
          [
            80.2743849,
            13.0904493
          ],
          [
            80.2743597,
            13.0906979
          ],
          [
            80.2743158,
            13.0909149
          ]
        ]
      },
      "id": "way/825823779"
    },
    {
      "type": "Feature",
      "properties": {
        "start_km": 420.427,
        "end_km": 420.49
      },
      "geometry": {
        "type": "LineString",
        "coordinates": [
          [
            80.274931,
            13.0881184
          ],
          [
            80.275142,
            13.0875901
          ]
        ]
      },
      "id": "way/825823780"
    },
    {
      "type": "Feature",
      "properties": {
        "start_km": 420.49,
        "end_km": 420.554
      },
      "geometry": {
        "type": "LineString",
        "coordinates": [
          [
            80.2746554,
            13.0897879
          ],
          [
            80.2747049,
            13.089207
          ]
        ]
      },
      "id": "way/825823781"
    },
    {
      "type": "Feature",
      "properties": {
        "start_km": 420.554,
        "end_km": 421.837
      },
      "geometry": {
        "type": "LineString",
        "coordinates": [
          [
            80.2707854,
            13.1050363
          ],
          [
            80.2709263,
            13.1047961
          ],
          [
            80.2709958,
            13.1046606
          ],
          [
            80.2710559,
            13.1045114
          ],
          [
            80.2711503,
            13.1042508
          ],
          [
            80.271226,
            13.1039948
          ],
          [
            80.2712709,
            13.1038111
          ],
          [
            80.2713064,
            13.1036388
          ],
          [
            80.2713352,
            13.1034554
          ],
          [
            80.271364,
            13.1032379
          ],
          [
            80.2714212,
            13.1023311
          ],
          [
            80.2714806,
            13.1012989
          ],
          [
            80.2714612,
            13.1004317
          ],
          [
            80.2714575,
            13.1001101
          ],
          [
            80.2714683,
            13.0998507
          ],
          [
            80.271556,
            13.0981591
          ],
          [
            80.2715701,
            13.097887
          ],
          [
            80.271622,
            13.0971737
          ],
          [
            80.2716648,
            13.0965986
          ],
          [
            80.2717143,
            13.0962719
          ],
          [
            80.2717836,
            13.0959697
          ],
          [
            80.2718733,
            13.0956564
          ],
          [
            80.2719719,
            13.0953634
          ],
          [
            80.2721236,
            13.0950074
          ],
          [
            80.272327,
            13.0946207
          ],
          [
            80.2727872,
            13.0937823
          ]
        ]
      },
      "id": "way/825823782"
    },
    {
      "type": "Feature",
      "properties": {
        "start_km": 421.837,
        "end_km": 421.932
      },
      "geometry": {
        "type": "LineString",
        "coordinates": [
          [
            80.2741239,
            13.0912636
          ],
          [
            80.2742086,
            13.091082
          ],
          [
            80.2742688,
            13.0908994
          ],
          [
            80.2743396,
            13.0906927
          ],
          [
            80.2743849,
            13.0904493
          ]
        ]
      },
      "id": "way/825823783"
    },
    {
      "type": "Feature",
      "properties": {
        "start_km": 421.932,
        "end_km": 422.438
      },
      "geometry": {
        "type": "LineString",
        "coordinates": [
          [
            80.275142,
            13.0875901
          ],
          [
            80.2752174,
            13.0873735
          ],
          [
            80.2752583,
            13.0872128
          ],
          [
            80.2752878,
            13.0870443
          ],
          [
            80.2753412,
            13.0866833
          ],
          [
            80.275842,
            13.0835557
          ],
          [
            80.2759199,
            13.0830804
          ]
        ]
      },
      "id": "way/825938927"
    },
    {
      "type": "Feature",
      "properties": {
        "start_km": 422.438,
        "end_km": 422.506
      },
      "geometry": {
        "type": "LineString",
        "coordinates": [
          [
            80.2734528,
            13.0899355
          ],
          [
            80.273444,
            13.0905516
          ]
        ]
      },
      "id": "way/825938928"
    },
    {
      "type": "Feature",
      "properties": {
        "start_km": 422.506,
        "end_km": 422.535
      },
      "geometry": {
        "type": "LineString",
        "coordinates": [
          [
            80.2747705,
            13.0888351
          ],
          [
            80.2748118,
            13.0885821
          ]
        ]
      },
      "id": "way/825938929"
    },
    {
      "type": "Feature",
      "properties": {
        "start_km": 422.535,
        "end_km": 422.593
      },
      "geometry": {
        "type": "LineString",
        "coordinates": [
          [
            80.2744403,
            13.0896541
          ],
          [
            80.2744372,
            13.0897447
          ],
          [
            80.2744071,
            13.0901807
          ]
        ]
      },
      "id": "way/825938930"
    },
    {
      "type": "Feature",
      "properties": {
        "start_km": 422.593,
        "end_km": 422.676
      },
      "geometry": {
        "type": "LineString",
        "coordinates": [
          [
            80.2744071,
            13.0901807
          ],
          [
            80.2745069,
            13.0894343
          ]
        ]
      },
      "id": "way/825938931"
    },
    {
      "type": "Feature",
      "properties": {
        "start_km": 422.676,
        "end_km": 422.75
      },
      "geometry": {
        "type": "LineString",
        "coordinates": [
          [
            80.274352,
            13.0889962
          ],
          [
            80.2744058,
            13.0893052
          ],
          [
            80.2744403,
            13.0896541
          ]
        ]
      },
      "id": "way/825938932"
    },
    {
      "type": "Feature",
      "properties": {
        "start_km": 422.75,
        "end_km": 422.827
      },
      "geometry": {
        "type": "LineString",
        "coordinates": [
          [
            80.2734223,
            13.0868278
          ],
          [
            80.2734008,
            13.0875224
          ]
        ]
      },
      "id": "way/825938933"
    },
    {
      "type": "Feature",
      "properties": {
        "start_km": 422.827,
        "end_km": 422.893
      },
      "geometry": {
        "type": "LineString",
        "coordinates": [
          [
            80.2733593,
            13.0883153
          ],
          [
            80.2733393,
            13.0889124
          ]
        ]
      },
      "id": "way/825938934"
    },
    {
      "type": "Feature",
      "properties": {
        "start_km": 422.893,
        "end_km": 423.014
      },
      "geometry": {
        "type": "LineString",
        "coordinates": [
          [
            80.273657,
            13.0872415
          ],
          [
            80.2735642,
            13.0876039
          ],
          [
            80.2734894,
            13.087896
          ],
          [
            80.2734518,
            13.0880724
          ],
          [
            80.2734199,
            13.0883087
          ]
        ]
      },
      "id": "way/825938935"
    },
    {
      "type": "Feature",
      "properties": {
        "start_km": 423.014,
        "end_km": 423.621
      },
      "geometry": {
        "type": "LineString",
        "coordinates": [
          [
            80.2740045,
            13.083451
          ],
          [
            80.2739849,
            13.0835855
          ],
          [
            80.2739122,
            13.0841719
          ],
          [
            80.2737321,
            13.0852794
          ],
          [
            80.2735873,
            13.0862214
          ],
          [
            80.2734008,
            13.0875224
          ],
          [
            80.2733687,
            13.0878555
          ],
          [
            80.2733593,
            13.088105
          ],
          [
            80.2733593,
            13.0883153
          ],
          [
            80.2733982,
            13.0888901
          ]
        ]
      },
      "id": "way/825938936"
    },
    {
      "type": "Feature",
      "properties": {
        "start_km": 423.621,
        "end_km": 423.714
      },
      "geometry": {
        "type": "LineString",
        "coordinates": [
          [
            80.2737105,
            13.0869535
          ],
          [
            80.2739279,
            13.0861417
          ]
        ]
      },
      "id": "way/825938937"
    },
    {
      "type": "Feature",
      "properties": {
        "start_km": 423.714,
        "end_km": 423.771
      },
      "geometry": {
        "type": "LineString",
        "coordinates": [
          [
            80.2724981,
            13.0942183
          ],
          [
            80.2727872,
            13.0937823
          ]
        ]
      },
      "id": "way/825938938"
    },
    {
      "type": "Feature",
      "properties": {
        "start_km": 423.771,
        "end_km": 423.856
      },
      "geometry": {
        "type": "LineString",
        "coordinates": [
          [
            80.2716138,
            13.0989259
          ],
          [
            80.2716009,
            13.0981579
          ]
        ]
      },
      "id": "way/825938940"
    },
    {
      "type": "Feature",
      "properties": {
        "start_km": 423.856,
        "end_km": 423.94
      },
      "geometry": {
        "type": "LineString",
        "coordinates": [
          [
            80.271556,
            13.0981591
          ],
          [
            80.2715655,
            13.0989155
          ]
        ]
      },
      "id": "way/825938941"
    },
    {
      "type": "Feature",
      "properties": {
        "start_km": 423.94,
        "end_km": 424.35
      },
      "geometry": {
        "type": "LineString",
        "coordinates": [
          [
            80.2713839,
            13.0980716
          ],
          [
            80.2712778,
            13.0986996
          ],
          [
            80.2712295,
            13.0996502
          ],
          [
            80.2711781,
            13.1002156
          ],
          [
            80.2710736,
            13.1009297
          ],
          [
            80.2710334,
            13.1014778
          ],
          [
            80.2710253,
            13.1017581
          ]
        ]
      },
      "id": "way/825938942"
    },
    {
      "type": "Feature",
      "properties": {
        "start_km": 424.35,
        "end_km": 424.429
      },
      "geometry": {
        "type": "LineString",
        "coordinates": [
          [
            80.2716133,
            13.0978916
          ],
          [
            80.271622,
            13.0971737
          ]
        ]
      },
      "id": "way/825938943"
    },
    {
      "type": "Feature",
      "properties": {
        "start_km": 424.429,
        "end_km": 424.508
      },
      "geometry": {
        "type": "LineString",
        "coordinates": [
          [
            80.2715762,
            13.0971733
          ],
          [
            80.2715701,
            13.097887
          ]
        ]
      },
      "id": "way/825938944"
    },
    {
      "type": "Feature",
      "properties": {
        "start_km": 424.508,
        "end_km": 424.539
      },
      "geometry": {
        "type": "LineString",
        "coordinates": [
          [
            80.2745943,
            13.0896238
          ],
          [
            80.2746359,
            13.089353
          ]
        ]
      },
      "id": "way/825978814"
    },
    {
      "type": "Feature",
      "properties": {
        "start_km": 424.539,
        "end_km": 424.577
      },
      "geometry": {
        "type": "LineString",
        "coordinates": [
          [
            80.2739411,
            13.0917253
          ],
          [
            80.2737744,
            13.0920326
          ]
        ]
      },
      "id": "way/825978815"
    },
    {
      "type": "Feature",
      "properties": {
        "start_km": 424.577,
        "end_km": 424.688
      },
      "geometry": {
        "type": "LineString",
        "coordinates": [
          [
            80.2734249,
            13.0925684
          ],
          [
            80.2739047,
            13.0916838
          ]
        ]
      },
      "id": "way/825978816"
    },
    {
      "type": "Feature",
      "properties": {
        "start_km": 424.688,
        "end_km": 424.758
      },
      "geometry": {
        "type": "LineString",
        "coordinates": [
          [
            80.2734249,
            13.0925684
          ],
          [
            80.2737744,
            13.0920326
          ]
        ]
      },
      "id": "way/825978817"
    },
    {
      "type": "Feature",
      "properties": {
        "start_km": 424.758,
        "end_km": 424.934
      },
      "geometry": {
        "type": "LineString",
        "coordinates": [
          [
            80.2732435,
            13.0928125
          ],
          [
            80.2724981,
            13.0942183
          ]
        ]
      },
      "id": "way/825978831"
    },
    {
      "type": "Feature",
      "properties": {
        "start_km": 424.934,
        "end_km": 425.032
      },
      "geometry": {
        "type": "LineString",
        "coordinates": [
          [
            80.2727872,
            13.0937823
          ],
          [
            80.2731951,
            13.0929921
          ]
        ]
      },
      "id": "way/825978832"
    },
    {
      "type": "Feature",
      "properties": {
        "start_km": 425.032,
        "end_km": 433.526
      },
      "geometry": {
        "type": "LineString",
        "coordinates": [
          [
            80.1639929,
            13.1146403
          ],
          [
            80.1650843,
            13.1146799
          ],
          [
            80.1672079,
            13.114696
          ],
          [
            80.1700562,
            13.11461
          ],
          [
            80.1745265,
            13.1143885
          ],
          [
            80.1771268,
            13.1141789
          ],
          [
            80.1797027,
            13.1139244
          ],
          [
            80.1825389,
            13.1136137
          ],
          [
            80.188357,
            13.1128995
          ],
          [
            80.1969525,
            13.1119464
          ],
          [
            80.2032436,
            13.1112102
          ],
          [
            80.203345,
            13.1111983
          ],
          [
            80.2050227,
            13.110997
          ],
          [
            80.2057011,
            13.1109039
          ],
          [
            80.2067681,
            13.1107381
          ],
          [
            80.2074204,
            13.1106318
          ],
          [
            80.208095,
            13.1105387
          ],
          [
            80.210403,
            13.1102694
          ],
          [
            80.2123537,
            13.1100454
          ],
          [
            80.2212884,
            13.1089856
          ],
          [
            80.2244934,
            13.1086274
          ],
          [
            80.2276681,
            13.1082482
          ],
          [
            80.2284123,
            13.1081656
          ],
          [
            80.2296186,
            13.1080625
          ],
          [
            80.2300402,
            13.1080277
          ],
          [
            80.2350152,
            13.1077628
          ],
          [
            80.2371317,
            13.1076482
          ],
          [
            80.2376546,
            13.1076218
          ],
          [
            80.2385264,
            13.1075958
          ],
          [
            80.2405496,
            13.1075611
          ],
          [
            80.2419244,
            13.1075781
          ]
        ]
      },
      "id": "way/834891905"
    },
    {
      "type": "Feature",
      "properties": {
        "start_km": 433.526,
        "end_km": 433.701
      },
      "geometry": {
        "type": "LineString",
        "coordinates": [
          [
            80.265784,
            13.1105309
          ],
          [
            80.265636,
            13.1104981
          ],
          [
            80.265328,
            13.1104173
          ],
          [
            80.2647772,
            13.1102788
          ],
          [
            80.2646918,
            13.1102562
          ],
          [
            80.2642184,
            13.1101308
          ]
        ]
      },
      "id": "way/845036459"
    },
    {
      "type": "Feature",
      "properties": {
        "start_km": 433.701,
        "end_km": 433.736
      },
      "geometry": {
        "type": "LineString",
        "coordinates": [
          [
            80.2660981,
            13.1106043
          ],
          [
            80.265784,
            13.1105309
          ]
        ]
      },
      "id": "way/845036460"
    },
    {
      "type": "Feature",
      "properties": {
        "start_km": 433.736,
        "end_km": 434.334
      },
      "geometry": {
        "type": "LineString",
        "coordinates": [
          [
            80.2806309,
            13.0803449
          ],
          [
            80.2804833,
            13.0802311
          ],
          [
            80.2802919,
            13.0801283
          ],
          [
            80.2800605,
            13.0800328
          ],
          [
            80.279766,
            13.0799519
          ],
          [
            80.2795783,
            13.0799145
          ],
          [
            80.2792159,
            13.0798723
          ],
          [
            80.2787066,
            13.0798332
          ],
          [
            80.2765537,
            13.0796457
          ],
          [
            80.2762815,
            13.0796494
          ],
          [
            80.2760708,
            13.0796724
          ],
          [
            80.2757515,
            13.0797434
          ],
          [
            80.2752651,
            13.0798775
          ]
        ]
      },
      "id": "way/1019655229"
    },
    {
      "type": "Feature",
      "properties": {
        "start_km": 434.334,
        "end_km": 434.338
      },
      "geometry": {
        "type": "LineString",
        "coordinates": [
          [
            80.2806651,
            13.0803712
          ],
          [
            80.2806309,
            13.0803449
          ]
        ]
      },
      "id": "way/1019655230"
    },
    {
      "type": "Feature",
      "properties": {
        "start_km": 434.338,
        "end_km": 434.935
      },
      "geometry": {
        "type": "LineString",
        "coordinates": [
          [
            80.2806289,
            13.0803998
          ],
          [
            80.2804548,
            13.0802725
          ],
          [
            80.280276,
            13.0801731
          ],
          [
            80.2799945,
            13.0800684
          ],
          [
            80.2797938,
            13.0800035
          ],
          [
            80.279569,
            13.0799545
          ],
          [
            80.2792195,
            13.0799087
          ],
          [
            80.2787126,
            13.0798769
          ],
          [
            80.2765517,
            13.0796934
          ],
          [
            80.2762936,
            13.0796951
          ],
          [
            80.2760786,
            13.0797195
          ],
          [
            80.2757583,
            13.0797848
          ],
          [
            80.2752694,
            13.0799209
          ]
        ]
      },
      "id": "way/1019655231"
    },
    {
      "type": "Feature",
      "properties": {
        "start_km": 434.935,
        "end_km": 434.939
      },
      "geometry": {
        "type": "LineString",
        "coordinates": [
          [
            80.2806557,
            13.0804194
          ],
          [
            80.2806289,
            13.0803998
          ]
        ]
      },
      "id": "way/1019655232"
    },
    {
      "type": "Feature",
      "properties": {
        "start_km": 434.939,
        "end_km": 435.536
      },
      "geometry": {
        "type": "LineString",
        "coordinates": [
          [
            80.2806253,
            13.0804503
          ],
          [
            80.2804052,
            13.0803114
          ],
          [
            80.2802259,
            13.0802094
          ],
          [
            80.2799787,
            13.0801142
          ],
          [
            80.2798079,
            13.0800604
          ],
          [
            80.2795651,
            13.0799921
          ],
          [
            80.279163,
            13.079946
          ],
          [
            80.2787194,
            13.0799139
          ],
          [
            80.2765597,
            13.0797427
          ],
          [
            80.2762909,
            13.0797448
          ],
          [
            80.276087,
            13.0797623
          ],
          [
            80.2757722,
            13.0798182
          ],
          [
            80.2752671,
            13.0799594
          ]
        ]
      },
      "id": "way/1019655233"
    },
    {
      "type": "Feature",
      "properties": {
        "start_km": 435.536,
        "end_km": 435.543
      },
      "geometry": {
        "type": "LineString",
        "coordinates": [
          [
            80.2806782,
            13.0804961
          ],
          [
            80.2806253,
            13.0804503
          ]
        ]
      },
      "id": "way/1019655234"
    },
    {
      "type": "Feature",
      "properties": {
        "start_km": 435.543,
        "end_km": 440.546
      },
      "geometry": {
        "type": "LineString",
        "coordinates": [
          [
            80.1853208,
            12.9892792
          ],
          [
            80.1854661,
            12.9893513
          ],
          [
            80.1859663,
            12.9896003
          ],
          [
            80.1873321,
            12.9902338
          ],
          [
            80.1878207,
            12.9904187
          ],
          [
            80.1883805,
            12.9905841
          ],
          [
            80.1914774,
            12.9917894
          ],
          [
            80.1923445,
            12.9921303
          ],
          [
            80.1932592,
            12.9925078
          ],
          [
            80.1960143,
            12.9935617
          ],
          [
            80.197095,
            12.9939106
          ],
          [
            80.1975338,
            12.9940557
          ],
          [
            80.1984532,
            12.9943185
          ],
          [
            80.198847,
            12.9944606
          ],
          [
            80.1994765,
            12.9947038
          ],
          [
            80.2001448,
            12.9949727
          ],
          [
            80.2005572,
            12.9951903
          ],
          [
            80.2010028,
            12.9954054
          ],
          [
            80.2017446,
            12.995696
          ],
          [
            80.2019825,
            12.995785
          ],
          [
            80.2025917,
            12.9960718
          ],
          [
            80.2037747,
            12.9965782
          ],
          [
            80.2043797,
            12.9968533
          ],
          [
            80.2050105,
            12.9972542
          ],
          [
            80.2056215,
            12.9977894
          ],
          [
            80.2062303,
            12.9984763
          ],
          [
            80.2066901,
            12.9990424
          ],
          [
            80.2069331,
            12.9994014
          ],
          [
            80.2072346,
            12.9998541
          ],
          [
            80.207499,
            13.0003645
          ],
          [
            80.2078396,
            13.0009996
          ],
          [
            80.2081029,
            13.0014907
          ],
          [
            80.2101935,
            13.0053676
          ],
          [
            80.2107188,
            13.0062178
          ],
          [
            80.2110908,
            13.0067384
          ],
          [
            80.2113342,
            13.007005
          ],
          [
            80.2116403,
            13.0073132
          ],
          [
            80.2120734,
            13.0076833
          ],
          [
            80.2128072,
            13.0082177
          ],
          [
            80.2143184,
            13.0093479
          ],
          [
            80.2148946,
            13.0098141
          ],
          [
            80.2150532,
            13.0099424
          ],
          [
            80.2156227,
            13.0104309
          ],
          [
            80.2161579,
            13.0108243
          ],
          [
            80.2178212,
            13.012063
          ],
          [
            80.218363,
            13.0124991
          ],
          [
            80.2187996,
            13.0129435
          ],
          [
            80.2192008,
            13.0134854
          ],
          [
            80.2195622,
            13.0140855
          ],
          [
            80.2203472,
            13.0157813
          ]
        ]
      },
      "id": "way/1080320431"
    },
    {
      "type": "Feature",
      "properties": {
        "start_km": 440.546,
        "end_km": 444.357
      },
      "geometry": {
        "type": "LineString",
        "coordinates": [
          [
            80.1853163,
            12.9893106
          ],
          [
            80.1859597,
            12.9896282
          ],
          [
            80.1870479,
            12.9901442
          ],
          [
            80.18783,
            12.9904677
          ],
          [
            80.1885155,
            12.9907367
          ],
          [
            80.189549,
            12.9911372
          ],
          [
            80.1908285,
            12.9916334
          ],
          [
            80.1920295,
            12.9920614
          ],
          [
            80.1932421,
            12.9925505
          ],
          [
            80.1970686,
            12.994027
          ],
          [
            80.1993669,
            12.9949254
          ],
          [
            80.2009153,
            12.9955166
          ],
          [
            80.201765,
            12.9958369
          ],
          [
            80.2025395,
            12.9961386
          ],
          [
            80.2027246,
            12.996213
          ],
          [
            80.2028487,
            12.9962465
          ],
          [
            80.2033405,
            12.9964441
          ],
          [
            80.2043464,
            12.9968774
          ],
          [
            80.2050014,
            12.9973101
          ],
          [
            80.2055834,
            12.9978187
          ],
          [
            80.2061873,
            12.9984919
          ],
          [
            80.2066675,
            12.9990747
          ],
          [
            80.2069062,
            12.9994276
          ],
          [
            80.2071974,
            12.9998705
          ],
          [
            80.2074762,
            13.0003867
          ],
          [
            80.2078155,
            13.0010348
          ],
          [
            80.2080649,
            13.0015
          ],
          [
            80.2100599,
            13.0052729
          ],
          [
            80.2106466,
            13.0063497
          ],
          [
            80.2109495,
            13.0068074
          ],
          [
            80.2111554,
            13.0070619
          ],
          [
            80.2114388,
            13.0073628
          ],
          [
            80.2116775,
            13.0075843
          ],
          [
            80.2120111,
            13.0078361
          ],
          [
            80.212708,
            13.0083355
          ]
        ]
      },
      "id": "way/1080320432"
    },
    {
      "type": "Feature",
      "properties": {
        "start_km": 444.357,
        "end_km": 449.35
      },
      "geometry": {
        "type": "LineString",
        "coordinates": [
          [
            80.1852903,
            12.9894909
          ],
          [
            80.1862204,
            12.9899741
          ],
          [
            80.1873276,
            12.9904675
          ],
          [
            80.1879398,
            12.9907035
          ],
          [
            80.1881086,
            12.9907686
          ],
          [
            80.1888296,
            12.9909944
          ],
          [
            80.1896965,
            12.9913039
          ],
          [
            80.1931961,
            12.9926406
          ],
          [
            80.1959322,
            12.9937157
          ],
          [
            80.1969058,
            12.9940753
          ],
          [
            80.1972966,
            12.9942566
          ],
          [
            80.1976997,
            12.994456
          ],
          [
            80.1983292,
            12.9947461
          ],
          [
            80.1992885,
            12.9951306
          ],
          [
            80.2005029,
            12.9955891
          ],
          [
            80.2009091,
            12.9957311
          ],
          [
            80.2015107,
            12.9959154
          ],
          [
            80.2021162,
            12.9960877
          ],
          [
            80.2024457,
            12.9961953
          ],
          [
            80.2031719,
            12.9964808
          ],
          [
            80.2041332,
            12.9968906
          ],
          [
            80.2045485,
            12.9971225
          ],
          [
            80.2049303,
            12.9973819
          ],
          [
            80.2054931,
            12.9978816
          ],
          [
            80.2061299,
            12.9985668
          ],
          [
            80.2065897,
            12.9991531
          ],
          [
            80.2068332,
            12.9994726
          ],
          [
            80.2071114,
            12.9999084
          ],
          [
            80.2074118,
            13.000415
          ],
          [
            80.2077578,
            13.0010597
          ],
          [
            80.2079825,
            13.0015255
          ],
          [
            80.2104709,
            13.0062612
          ],
          [
            80.2108344,
            13.0068139
          ],
          [
            80.2110576,
            13.007178
          ],
          [
            80.2112606,
            13.0074173
          ],
          [
            80.2114358,
            13.0075932
          ],
          [
            80.2118952,
            13.0079949
          ],
          [
            80.2125437,
            13.0084785
          ],
          [
            80.21342,
            13.0090866
          ],
          [
            80.2144052,
            13.0097185
          ],
          [
            80.2147422,
            13.0099376
          ],
          [
            80.2160746,
            13.0109292
          ],
          [
            80.2177274,
            13.0121667
          ],
          [
            80.2182399,
            13.0125829
          ],
          [
            80.2186803,
            13.0130353
          ],
          [
            80.2190591,
            13.0135493
          ],
          [
            80.2194333,
            13.0141338
          ],
          [
            80.2202306,
            13.0158367
          ]
        ]
      },
      "id": "way/1080320435"
    },
    {
      "type": "Feature",
      "properties": {
        "start_km": 449.35,
        "end_km": 449.983
      },
      "geometry": {
        "type": "LineString",
        "coordinates": [
          [
            80.274062,
            13.1102472
          ],
          [
            80.2777282,
            13.1098493
          ],
          [
            80.2780191,
            13.1098149
          ],
          [
            80.2783272,
            13.1097639
          ],
          [
            80.2786538,
            13.1097071
          ],
          [
            80.279027,
            13.1096132
          ],
          [
            80.279313,
            13.1095276
          ],
          [
            80.2798142,
            13.1093843
          ]
        ]
      },
      "id": "way/1119268910"
    },
    {
      "type": "Feature",
      "properties": {
        "start_km": 449.983,
        "end_km": 450.895
      },
      "geometry": {
        "type": "LineString",
        "coordinates": [
          [
            80.2766618,
            13.1157576
          ],
          [
            80.2765999,
            13.1155203
          ],
          [
            80.2765117,
            13.1149029
          ],
          [
            80.276496,
            13.1144793
          ],
          [
            80.2765101,
            13.1142159
          ],
          [
            80.2765858,
            13.1135778
          ],
          [
            80.2766372,
            13.1133595
          ],
          [
            80.2766899,
            13.1131268
          ],
          [
            80.2767936,
            13.112748
          ],
          [
            80.2769656,
            13.1122802
          ],
          [
            80.2772823,
            13.1116815
          ],
          [
            80.2775665,
            13.1112683
          ],
          [
            80.2778275,
            13.1109391
          ],
          [
            80.27809,
            13.1106647
          ],
          [
            80.2784441,
            13.1103659
          ],
          [
            80.2788608,
            13.1100363
          ],
          [
            80.279111,
            13.109872
          ],
          [
            80.2795026,
            13.1096568
          ],
          [
            80.2798424,
            13.1094845
          ],
          [
            80.2804531,
            13.1092541
          ]
        ]
      },
      "id": "way/1119268911"
    },
    {
      "type": "Feature",
      "properties": {
        "start_km": 450.895,
        "end_km": 451.784
      },
      "geometry": {
        "type": "LineString",
        "coordinates": [
          [
            80.2872616,
            13.1068742
          ],
          [
            80.2879259,
            13.1065183
          ],
          [
            80.2883909,
            13.1062607
          ],
          [
            80.2889709,
            13.1059269
          ],
          [
            80.2894151,
            13.1056384
          ],
          [
            80.2896487,
            13.10548
          ],
          [
            80.2902892,
            13.1051047
          ],
          [
            80.2907177,
            13.104849
          ],
          [
            80.2910079,
            13.1046758
          ],
          [
            80.2912041,
            13.1045529
          ],
          [
            80.2913037,
            13.1044848
          ],
          [
            80.2915296,
            13.1043069
          ],
          [
            80.2917097,
            13.1041319
          ],
          [
            80.2917894,
            13.1040395
          ],
          [
            80.2920233,
            13.1037489
          ],
          [
            80.292113,
            13.1036437
          ],
          [
            80.292339,
            13.1034705
          ],
          [
            80.2927218,
            13.103226
          ],
          [
            80.2931145,
            13.1029951
          ],
          [
            80.2933171,
            13.1028799
          ],
          [
            80.2934143,
            13.1028262
          ],
          [
            80.2936967,
            13.1026645
          ],
          [
            80.2937754,
            13.1026272
          ],
          [
            80.293816,
            13.102608
          ],
          [
            80.2940742,
            13.1025039
          ]
        ]
      },
      "id": "way/1119268912"
    },
    {
      "type": "Feature",
      "properties": {
        "start_km": 451.784,
        "end_km": 451.898
      },
      "geometry": {
        "type": "LineString",
        "coordinates": [
          [
            80.2846107,
            13.1080479
          ],
          [
            80.2836374,
            13.1084453
          ]
        ]
      },
      "id": "way/1119268913"
    },
    {
      "type": "Feature",
      "properties": {
        "start_km": 451.898,
        "end_km": 451.969
      },
      "geometry": {
        "type": "LineString",
        "coordinates": [
          [
            80.2871727,
            13.1069123
          ],
          [
            80.2865968,
            13.107209
          ]
        ]
      },
      "id": "way/1119268914"
    },
    {
      "type": "Feature",
      "properties": {
        "start_km": 451.969,
        "end_km": 455.15
      },
      "geometry": {
        "type": "LineString",
        "coordinates": [
          [
            80.276847,
            13.1126988
          ],
          [
            80.2769413,
            13.1124604
          ],
          [
            80.2770179,
            13.1123043
          ],
          [
            80.2770932,
            13.1121508
          ],
          [
            80.2772452,
            13.1118549
          ],
          [
            80.2773661,
            13.1116439
          ],
          [
            80.2775321,
            13.1113904
          ],
          [
            80.2777164,
            13.1111493
          ],
          [
            80.2778613,
            13.1109739
          ],
          [
            80.2780737,
            13.1107588
          ],
          [
            80.2783537,
            13.1104985
          ],
          [
            80.2787222,
            13.1101957
          ],
          [
            80.2789403,
            13.1100395
          ],
          [
            80.2791851,
            13.1098956
          ],
          [
            80.2794988,
            13.1097189
          ],
          [
            80.2797013,
            13.1096175
          ],
          [
            80.2800755,
            13.1094421
          ],
          [
            80.2803921,
            13.1093284
          ],
          [
            80.2808556,
            13.1092146
          ],
          [
            80.2814547,
            13.1090715
          ],
          [
            80.2820595,
            13.1089336
          ],
          [
            80.2836374,
            13.1084453
          ],
          [
            80.28436,
            13.1081773
          ],
          [
            80.2857242,
            13.1076527
          ],
          [
            80.2866889,
            13.1072664
          ],
          [
            80.2872362,
            13.1070564
          ],
          [
            80.2879242,
            13.1067859
          ],
          [
            80.2879999,
            13.1067562
          ],
          [
            80.2880823,
            13.1067233
          ],
          [
            80.2888291,
            13.106426
          ],
          [
            80.2894654,
            13.1061616
          ],
          [
            80.2895722,
            13.1061156
          ],
          [
            80.2904983,
            13.1057184
          ],
          [
            80.2912153,
            13.1054124
          ],
          [
            80.2916532,
            13.105222
          ],
          [
            80.2919109,
            13.1051116
          ],
          [
            80.2921715,
            13.1049993
          ],
          [
            80.2924504,
            13.1048485
          ],
          [
            80.292684,
            13.1047094
          ],
          [
            80.2929372,
            13.1045528
          ],
          [
            80.2932384,
            13.1043514
          ],
          [
            80.2935179,
            13.1041549
          ],
          [
            80.2938885,
            13.1038876
          ],
          [
            80.294141,
            13.1037189
          ],
          [
            80.2944685,
            13.1034943
          ],
          [
            80.2946241,
            13.103353
          ],
          [
            80.2947964,
            13.1031543
          ],
          [
            80.2950039,
            13.1028121
          ],
          [
            80.2950842,
            13.1026394
          ],
          [
            80.295136,
            13.1024129
          ],
          [
            80.2951561,
            13.1022565
          ],
          [
            80.2951611,
            13.101973
          ],
          [
            80.2951377,
            13.1017286
          ],
          [
            80.2950926,
            13.1015135
          ],
          [
            80.2949721,
            13.1011127
          ],
          [
            80.2947379,
            13.1003338
          ],
          [
            80.2945254,
            13.0996544
          ],
          [
            80.2944649,
            13.0994563
          ],
          [
            80.2944318,
            13.099348
          ],
          [
            80.2941356,
            13.0984437
          ],
          [
            80.2938914,
            13.097647
          ],
          [
            80.2936873,
            13.0969659
          ],
          [
            80.2933455,
            13.0958671
          ],
          [
            80.2931941,
            13.0953002
          ]
        ]
      },
      "id": "way/1119268915"
    },
    {
      "type": "Feature",
      "properties": {
        "start_km": 455.15,
        "end_km": 455.219
      },
      "geometry": {
        "type": "LineString",
        "coordinates": [
          [
            80.2938041,
            13.1036891
          ],
          [
            80.2932638,
            13.1040219
          ]
        ]
      },
      "id": "way/1119268916"
    },
    {
      "type": "Feature",
      "properties": {
        "start_km": 455.219,
        "end_km": 455.349
      },
      "geometry": {
        "type": "LineString",
        "coordinates": [
          [
            80.2883254,
            13.1065388
          ],
          [
            80.2894654,
            13.1061616
          ]
        ]
      },
      "id": "way/1119268917"
    },
    {
      "type": "Feature",
      "properties": {
        "start_km": 455.349,
        "end_km": 455.481
      },
      "geometry": {
        "type": "LineString",
        "coordinates": [
          [
            80.2907196,
            13.1057238
          ],
          [
            80.2895722,
            13.1061156
          ]
        ]
      },
      "id": "way/1119268918"
    },
    {
      "type": "Feature",
      "properties": {
        "start_km": 455.481,
        "end_km": 455.574
      },
      "geometry": {
        "type": "LineString",
        "coordinates": [
          [
            80.2890992,
            13.1063681
          ],
          [
            80.2899143,
            13.1060975
          ]
        ]
      },
      "id": "way/1119268919"
    },
    {
      "type": "Feature",
      "properties": {
        "start_km": 455.574,
        "end_km": 455.672
      },
      "geometry": {
        "type": "LineString",
        "coordinates": [
          [
            80.2889363,
            13.1064344
          ],
          [
            80.2880823,
            13.1067233
          ]
        ]
      },
      "id": "way/1119268920"
    },
    {
      "type": "Feature",
      "properties": {
        "start_km": 455.672,
        "end_km": 455.771
      },
      "geometry": {
        "type": "LineString",
        "coordinates": [
          [
            80.2881905,
            13.1065999
          ],
          [
            80.2873335,
            13.1069034
          ]
        ]
      },
      "id": "way/1119268921"
    },
    {
      "type": "Feature",
      "properties": {
        "start_km": 455.771,
        "end_km": 455.881
      },
      "geometry": {
        "type": "LineString",
        "coordinates": [
          [
            80.2879242,
            13.1067859
          ],
          [
            80.2869648,
            13.1071078
          ]
        ]
      },
      "id": "way/1119268922"
    },
    {
      "type": "Feature",
      "properties": {
        "start_km": 455.881,
        "end_km": 455.975
      },
      "geometry": {
        "type": "LineString",
        "coordinates": [
          [
            80.2945254,
            13.0996544
          ],
          [
            80.2948182,
            13.1004511
          ]
        ]
      },
      "id": "way/1119268923"
    },
    {
      "type": "Feature",
      "properties": {
        "start_km": 455.975,
        "end_km": 456.063
      },
      "geometry": {
        "type": "LineString",
        "coordinates": [
          [
            80.2944649,
            13.0994563
          ],
          [
            80.2941709,
            13.098712
          ]
        ]
      },
      "id": "way/1119268924"
    },
    {
      "type": "Feature",
      "properties": {
        "start_km": 456.063,
        "end_km": 456.225
      },
      "geometry": {
        "type": "LineString",
        "coordinates": [
          [
            80.2935919,
            13.1046989
          ],
          [
            80.2937559,
            13.1045539
          ],
          [
            80.2939533,
            13.1043795
          ],
          [
            80.294149,
            13.1042443
          ],
          [
            80.294333,
            13.1041547
          ],
          [
            80.29485,
            13.1039445
          ]
        ]
      },
      "id": "way/1119268925"
    },
    {
      "type": "Feature",
      "properties": {
        "start_km": 456.225,
        "end_km": 456.363
      },
      "geometry": {
        "type": "LineString",
        "coordinates": [
          [
            80.2937559,
            13.1045539
          ],
          [
            80.294042,
            13.1042818
          ],
          [
            80.2942394,
            13.1041221
          ],
          [
            80.2944384,
            13.1040292
          ],
          [
            80.2947998,
            13.1038712
          ]
        ]
      },
      "id": "way/1119268926"
    },
    {
      "type": "Feature",
      "properties": {
        "start_km": 456.363,
        "end_km": 456.71
      },
      "geometry": {
        "type": "LineString",
        "coordinates": [
          [
            80.294671,
            13.1043567
          ],
          [
            80.2944317,
            13.1043926
          ],
          [
            80.2941691,
            13.1044512
          ],
          [
            80.2939115,
            13.1045588
          ],
          [
            80.2937057,
            13.1046777
          ],
          [
            80.2934079,
            13.1048895
          ],
          [
            80.2931938,
            13.1049971
          ],
          [
            80.2929044,
            13.1051111
          ],
          [
            80.2925731,
            13.1052089
          ],
          [
            80.2921097,
            13.1053262
          ],
          [
            80.2916999,
            13.10545
          ]
        ]
      },
      "id": "way/1119268927"
    },
    {
      "type": "Feature",
      "properties": {
        "start_km": 456.71,
        "end_km": 456.856
      },
      "geometry": {
        "type": "LineString",
        "coordinates": [
          [
            80.2924945,
            13.1052789
          ],
          [
            80.2930031,
            13.1051225
          ],
          [
            80.2937609,
            13.1048244
          ]
        ]
      },
      "id": "way/1119268928"
    },
    {
      "type": "Feature",
      "properties": {
        "start_km": 456.856,
        "end_km": 457.011
      },
      "geometry": {
        "type": "LineString",
        "coordinates": [
          [
            80.2929914,
            13.1051828
          ],
          [
            80.2933828,
            13.1051111
          ],
          [
            80.2936338,
            13.1050525
          ],
          [
            80.2938061,
            13.1050003
          ],
          [
            80.2943498,
            13.1047869
          ]
        ]
      },
      "id": "way/1119268929"
    },
    {
      "type": "Feature",
      "properties": {
        "start_km": 457.011,
        "end_km": 457.635
      },
      "geometry": {
        "type": "LineString",
        "coordinates": [
          [
            80.294318,
            13.1047233
          ],
          [
            80.293699,
            13.104971
          ],
          [
            80.2934665,
            13.1050557
          ],
          [
            80.2929914,
            13.1051828
          ],
          [
            80.2924945,
            13.1052789
          ],
          [
            80.2921583,
            13.1053523
          ],
          [
            80.2916999,
            13.10545
          ],
          [
            80.2913452,
            13.1055347
          ],
          [
            80.2911512,
            13.1056032
          ],
          [
            80.2906476,
            13.105802
          ],
          [
            80.2899143,
            13.1060975
          ],
          [
            80.2891754,
            13.1063902
          ],
          [
            80.288876,
            13.1065058
          ]
        ]
      },
      "id": "way/1119268930"
    },
    {
      "type": "Feature",
      "properties": {
        "start_km": 457.635,
        "end_km": 457.726
      },
      "geometry": {
        "type": "LineString",
        "coordinates": [
          [
            80.2935882,
            13.0968515
          ],
          [
            80.2938044,
            13.0976511
          ]
        ]
      },
      "id": "way/1119268931"
    },
    {
      "type": "Feature",
      "properties": {
        "start_km": 457.726,
        "end_km": 457.831
      },
      "geometry": {
        "type": "LineString",
        "coordinates": [
          [
            80.2935673,
            13.0967848
          ],
          [
            80.2933455,
            13.0958671
          ]
        ]
      },
      "id": "way/1119268932"
    },
    {
      "type": "Feature",
      "properties": {
        "start_km": 457.831,
        "end_km": 457.914
      },
      "geometry": {
        "type": "LineString",
        "coordinates": [
          [
            80.2918544,
            13.0903503
          ],
          [
            80.2917791,
            13.0899138
          ],
          [
            80.2917075,
            13.0896057
          ]
        ]
      },
      "id": "way/1119268933"
    },
    {
      "type": "Feature",
      "properties": {
        "start_km": 457.914,
        "end_km": 457.984
      },
      "geometry": {
        "type": "LineString",
        "coordinates": [
          [
            80.2919326,
            13.0901278
          ],
          [
            80.2919184,
            13.0897491
          ],
          [
            80.2919077,
            13.0894993
          ]
        ]
      },
      "id": "way/1119268934"
    },
    {
      "type": "Feature",
      "properties": {
        "start_km": 457.984,
        "end_km": 458.055
      },
      "geometry": {
        "type": "LineString",
        "coordinates": [
          [
            80.2929064,
            13.0944147
          ],
          [
            80.2928276,
            13.0937777
          ]
        ]
      },
      "id": "way/1119268935"
    },
    {
      "type": "Feature",
      "properties": {
        "start_km": 458.055,
        "end_km": 458.245
      },
      "geometry": {
        "type": "LineString",
        "coordinates": [
          [
            80.2929047,
            13.0937236
          ],
          [
            80.2930001,
            13.0942943
          ],
          [
            80.2930748,
            13.0947571
          ],
          [
            80.2931163,
            13.0950615
          ],
          [
            80.2931459,
            13.0954235
          ]
        ]
      },
      "id": "way/1119268936"
    },
    {
      "type": "Feature",
      "properties": {
        "start_km": 458.245,
        "end_km": 458.338
      },
      "geometry": {
        "type": "LineString",
        "coordinates": [
          [
            80.2929129,
            13.0934624
          ],
          [
            80.2929478,
            13.0937915
          ],
          [
            80.292977,
            13.0940962
          ],
          [
            80.2930001,
            13.0942943
          ]
        ]
      },
      "id": "way/1119268937"
    },
    {
      "type": "Feature",
      "properties": {
        "start_km": 458.338,
        "end_km": 458.41
      },
      "geometry": {
        "type": "LineString",
        "coordinates": [
          [
            80.2931941,
            13.0953002
          ],
          [
            80.2931921,
            13.0946415
          ]
        ]
      },
      "id": "way/1119268938"
    },
    {
      "type": "Feature",
      "properties": {
        "start_km": 458.41,
        "end_km": 458.623
      },
      "geometry": {
        "type": "LineString",
        "coordinates": [
          [
            80.2932938,
            13.0938015
          ],
          [
            80.2932784,
            13.0940181
          ],
          [
            80.2932619,
            13.0943696
          ],
          [
            80.2932619,
            13.094812
          ],
          [
            80.2932772,
            13.0952417
          ],
          [
            80.2933527,
            13.0957122
          ]
        ]
      },
      "id": "way/1119268939"
    },
    {
      "type": "Feature",
      "properties": {
        "start_km": 458.623,
        "end_km": 458.706
      },
      "geometry": {
        "type": "LineString",
        "coordinates": [
          [
            80.2932453,
            13.0937969
          ],
          [
            80.2932311,
            13.0942451
          ],
          [
            80.2931941,
            13.0945457
          ]
        ]
      },
      "id": "way/1119268940"
    },
    {
      "type": "Feature",
      "properties": {
        "start_km": 458.706,
        "end_km": 458.804
      },
      "geometry": {
        "type": "LineString",
        "coordinates": [
          [
            80.2529181,
            13.0767663
          ],
          [
            80.2538201,
            13.0767934
          ]
        ]
      },
      "id": "way/1123933732"
    },
    {
      "type": "Feature",
      "properties": {
        "start_km": 458.804,
        "end_km": 463.658
      },
      "geometry": {
        "type": "LineString",
        "coordinates": [
          [
            80.2801037,
            13.0439388
          ],
          [
            80.2795538,
            13.0406307
          ],
          [
            80.2778506,
            13.0358697
          ],
          [
            80.277518,
            13.035253
          ],
          [
            80.2766115,
            13.0344012
          ],
          [
            80.2755547,
            13.0340301
          ],
          [
            80.2744745,
            13.0340692
          ],
          [
            80.267669,
            13.0367849
          ],
          [
            80.2661616,
            13.0371345
          ],
          [
            80.2621382,
            13.0372703
          ],
          [
            80.2614516,
            13.0373749
          ],
          [
            80.2597511,
            13.0381536
          ],
          [
            80.258351,
            13.0382685
          ],
          [
            80.2571125,
            13.0378608
          ],
          [
            80.2560458,
            13.036872
          ],
          [
            80.255202,
            13.0360474
          ],
          [
            80.2502708,
            13.0296623
          ],
          [
            80.2498698,
            13.0293787
          ],
          [
            80.2494235,
            13.0291891
          ],
          [
            80.2491789,
            13.0291865
          ],
          [
            80.2487735,
            13.0291738
          ],
          [
            80.2474307,
            13.0293648
          ]
        ]
      },
      "id": "way/1188056519"
    },
    {
      "type": "Feature",
      "properties": {
        "start_km": 463.658,
        "end_km": 463.731
      },
      "geometry": {
        "type": "LineString",
        "coordinates": [
          [
            80.2484686,
            13.0152186
          ],
          [
            80.2484112,
            13.0145658
          ]
        ]
      },
      "id": "way/1201675870"
    },
    {
      "type": "Feature",
      "properties": {
        "start_km": 463.731,
        "end_km": 463.803
      },
      "geometry": {
        "type": "LineString",
        "coordinates": [
          [
            80.2485052,
            13.0152125
          ],
          [
            80.2484402,
            13.0145652
          ]
        ]
      },
      "id": "way/1201675871"
    },
    {
      "type": "Feature",
      "properties": {
        "start_km": 463.803,
        "end_km": 463.807
      },
      "geometry": {
        "type": "LineString",
        "coordinates": [
          [
            80.2484724,
            13.0152615
          ],
          [
            80.2484686,
            13.0152186
          ]
        ]
      },
      "id": "way/1201675872"
    },
    {
      "type": "Feature",
      "properties": {
        "start_km": 463.807,
        "end_km": 463.813
      },
      "geometry": {
        "type": "LineString",
        "coordinates": [
          [
            80.2485101,
            13.0152607
          ],
          [
            80.2485052,
            13.0152125
          ]
        ]
      },
      "id": "way/1201675873"
    },
    {
      "type": "Feature",
      "properties": {
        "start_km": 463.813,
        "end_km": 464.933
      },
      "geometry": {
        "type": "LineString",
        "coordinates": [
          [
            80.2713398,
            13.1008538
          ],
          [
            80.271394,
            13.0997746
          ],
          [
            80.2714444,
            13.0989691
          ],
          [
            80.2714791,
            13.0982513
          ],
          [
            80.271534,
            13.097495
          ],
          [
            80.2715726,
            13.0969604
          ],
          [
            80.2716051,
            13.0965902
          ],
          [
            80.2717107,
            13.0960249
          ],
          [
            80.271893,
            13.0954005
          ],
          [
            80.2721157,
            13.0948532
          ],
          [
            80.272868,
            13.0934503
          ],
          [
            80.2733186,
            13.0925464
          ],
          [
            80.2734916,
            13.091811
          ],
          [
            80.273552,
            13.0911213
          ]
        ]
      },
      "id": "way/1232263519"
    },
    {
      "type": "Feature",
      "properties": {
        "start_km": 464.933,
        "end_km": 465.658
      },
      "geometry": {
        "type": "LineString",
        "coordinates": [
          [
            80.273552,
            13.0911213
          ],
          [
            80.2735118,
            13.0904042
          ],
          [
            80.2734595,
            13.0896269
          ],
          [
            80.2734179,
            13.0886159
          ],
          [
            80.2735372,
            13.0878543
          ],
          [
            80.2735642,
            13.0876039
          ],
          [
            80.2735882,
            13.0873553
          ],
          [
            80.27367,
            13.0868681
          ],
          [
            80.2738217,
            13.0862905
          ],
          [
            80.2739195,
            13.0859629
          ],
          [
            80.2740117,
            13.0857468
          ],
          [
            80.2740589,
            13.0852235
          ],
          [
            80.2740875,
            13.0846428
          ]
        ]
      },
      "id": "way/1232263520"
    },
    {
      "type": "Feature",
      "properties": {
        "start_km": 465.658,
        "end_km": 465.895
      },
      "geometry": {
        "type": "LineString",
        "coordinates": [
          [
            80.2735634,
            13.0765576
          ],
          [
            80.273601,
            13.076253
          ],
          [
            80.273673,
            13.075644
          ],
          [
            80.2738203,
            13.0744312
          ]
        ]
      },
      "id": "way/1237151537"
    },
    {
      "type": "Feature",
      "properties": {
        "start_km": 465.895,
        "end_km": 466.13
      },
      "geometry": {
        "type": "LineString",
        "coordinates": [
          [
            80.2737533,
            13.0744209
          ],
          [
            80.2737148,
            13.0747485
          ],
          [
            80.2736617,
            13.0752484
          ],
          [
            80.2735131,
            13.0765343
          ]
        ]
      },
      "id": "way/1237151538"
    },
    {
      "type": "Feature",
      "properties": {
        "start_km": 466.13,
        "end_km": 466.184
      },
      "geometry": {
        "type": "LineString",
        "coordinates": [
          [
            80.273597,
            13.1261947
          ],
          [
            80.2733417,
            13.1261849
          ],
          [
            80.2731002,
            13.1261506
          ]
        ]
      },
      "id": "way/1249390034"
    },
    {
      "type": "Feature",
      "properties": {
        "start_km": 466.184,
        "end_km": 466.195
      },
      "geometry": {
        "type": "LineString",
        "coordinates": [
          [
            80.2731002,
            13.1261506
          ],
          [
            80.2729967,
            13.1261312
          ]
        ]
      },
      "id": "way/1249390035"
    },
    {
      "type": "Feature",
      "properties": {
        "start_km": 466.195,
        "end_km": 466.221
      },
      "geometry": {
        "type": "LineString",
        "coordinates": [
          [
            80.2421531,
            13.1073678
          ],
          [
            80.2419211,
            13.1073612
          ]
        ]
      },
      "id": "way/1257313446"
    },
    {
      "type": "Feature",
      "properties": {
        "start_km": 466.221,
        "end_km": 468.134
      },
      "geometry": {
        "type": "LineString",
        "coordinates": [
          [
            80.2596746,
            13.1092355
          ],
          [
            80.2592848,
            13.1091751
          ],
          [
            80.2589584,
            13.1091128
          ],
          [
            80.2584375,
            13.1090034
          ],
          [
            80.2581754,
            13.1089585
          ],
          [
            80.2565553,
            13.1087454
          ],
          [
            80.2562801,
            13.1087162
          ],
          [
            80.2560587,
            13.108701
          ],
          [
            80.2555956,
            13.1086831
          ],
          [
            80.2552297,
            13.1086525
          ],
          [
            80.2548037,
            13.1085957
          ],
          [
            80.2518685,
            13.1082211
          ],
          [
            80.2488038,
            13.1078162
          ],
          [
            80.2473075,
            13.1076405
          ],
          [
            80.2462401,
            13.1075378
          ],
          [
            80.2453281,
            13.1074663
          ],
          [
            80.2447085,
            13.1074292
          ],
          [
            80.2441619,
            13.1074051
          ],
          [
            80.2436304,
            13.1073797
          ],
          [
            80.2421531,
            13.1073678
          ]
        ]
      },
      "id": "way/1257313447"
    },
    {
      "type": "Feature",
      "properties": {
        "start_km": 468.134,
        "end_km": 470.047
      },
      "geometry": {
        "type": "LineString",
        "coordinates": [
          [
            80.2421538,
            13.10742
          ],
          [
            80.2436388,
            13.1074255
          ],
          [
            80.2441574,
            13.1074477
          ],
          [
            80.2447135,
            13.1074772
          ],
          [
            80.2453844,
            13.1075175
          ],
          [
            80.2462379,
            13.1075765
          ],
          [
            80.2473118,
            13.1076773
          ],
          [
            80.2487921,
            13.1078584
          ],
          [
            80.2513584,
            13.1082041
          ],
          [
            80.2518603,
            13.1082717
          ],
          [
            80.2557642,
            13.1087818
          ],
          [
            80.2596758,
            13.1092883
          ]
        ]
      },
      "id": "way/1257313448"
    },
    {
      "type": "Feature",
      "properties": {
        "start_km": 470.047,
        "end_km": 470.072
      },
      "geometry": {
        "type": "LineString",
        "coordinates": [
          [
            80.2419211,
            13.1074148
          ],
          [
            80.2421538,
            13.10742
          ]
        ]
      },
      "id": "way/1257313449"
    },
    {
      "type": "Feature",
      "properties": {
        "start_km": 470.072,
        "end_km": 471.984
      },
      "geometry": {
        "type": "LineString",
        "coordinates": [
          [
            80.242141,
            13.1075781
          ],
          [
            80.2436299,
            13.1076002
          ],
          [
            80.2440927,
            13.1076189
          ],
          [
            80.2453409,
            13.1076847
          ],
          [
            80.2463043,
            13.1077544
          ],
          [
            80.247841,
            13.1078983
          ],
          [
            80.2487969,
            13.1079985
          ],
          [
            80.2518474,
            13.1083698
          ],
          [
            80.2557532,
            13.1088735
          ],
          [
            80.2596613,
            13.1093757
          ]
        ]
      },
      "id": "way/1257313450"
    },
    {
      "type": "Feature",
      "properties": {
        "start_km": 471.984,
        "end_km": 472.007
      },
      "geometry": {
        "type": "LineString",
        "coordinates": [
          [
            80.2419244,
            13.1075781
          ],
          [
            80.242141,
            13.1075781
          ]
        ]
      },
      "id": "way/1257313451"
    },
    {
      "type": "Feature",
      "properties": {
        "start_km": 472.007,
        "end_km": 472.031
      },
      "geometry": {
        "type": "LineString",
        "coordinates": [
          [
            80.2421424,
            13.1075389
          ],
          [
            80.2419244,
            13.1075376
          ]
        ]
      },
      "id": "way/1257313452"
    },
    {
      "type": "Feature",
      "properties": {
        "start_km": 472.031,
        "end_km": 473.943
      },
      "geometry": {
        "type": "LineString",
        "coordinates": [
          [
            80.2596653,
            13.1093271
          ],
          [
            80.2557585,
            13.1088313
          ],
          [
            80.2518482,
            13.108314
          ],
          [
            80.2487942,
            13.1079371
          ],
          [
            80.247902,
            13.1078441
          ],
          [
            80.247293,
            13.107792
          ],
          [
            80.2462205,
            13.1077053
          ],
          [
            80.2453347,
            13.1076356
          ],
          [
            80.2441079,
            13.1075776
          ],
          [
            80.2436365,
            13.1075693
          ],
          [
            80.2421424,
            13.1075389
          ]
        ]
      },
      "id": "way/1257313453"
    },
    {
      "type": "Feature",
      "properties": {
        "start_km": 473.943,
        "end_km": 474.104
      },
      "geometry": {
        "type": "LineString",
        "coordinates": [
          [
            80.2716837,
            13.1036218
          ],
          [
            80.271764,
            13.1033122
          ],
          [
            80.2720628,
            13.1027093
          ],
          [
            80.2721739,
            13.1025341
          ],
          [
            80.2723173,
            13.1023081
          ]
        ]
      },
      "id": "way/1263441143"
    },
    {
      "type": "Feature",
      "properties": {
        "start_km": 474.104,
        "end_km": 474.112
      },
      "geometry": {
        "type": "LineString",
        "coordinates": [
          [
            80.2723173,
            13.1023081
          ],
          [
            80.2723523,
            13.1022529
          ]
        ]
      },
      "id": "way/1263441144"
    },
    {
      "type": "Feature",
      "properties": {
        "start_km": 474.112,
        "end_km": 475.165
      },
      "geometry": {
        "type": "LineString",
        "coordinates": [
          [
            80.2405788,
            13.0735601
          ],
          [
            80.2401597,
            13.0734392
          ],
          [
            80.2392961,
            13.0731904
          ],
          [
            80.2367834,
            13.0724587
          ],
          [
            80.2363945,
            13.0723287
          ],
          [
            80.2360838,
            13.0722154
          ],
          [
            80.2357711,
            13.0720854
          ],
          [
            80.2354795,
            13.0719257
          ],
          [
            80.2351992,
            13.0717456
          ],
          [
            80.2349323,
            13.071558
          ],
          [
            80.2346883,
            13.0713538
          ],
          [
            80.2345053,
            13.0711774
          ],
          [
            80.2343127,
            13.0709712
          ],
          [
            80.2341259,
            13.0707354
          ],
          [
            80.233941,
            13.0704531
          ],
          [
            80.2337999,
            13.0702117
          ],
          [
            80.233676,
            13.0699536
          ],
          [
            80.233569,
            13.0696803
          ],
          [
            80.2334578,
            13.0693141
          ],
          [
            80.2332768,
            13.0684451
          ]
        ]
      },
      "id": "way/1267319775"
    },
    {
      "type": "Feature",
      "properties": {
        "start_km": 475.165,
        "end_km": 475.183
      },
      "geometry": {
        "type": "LineString",
        "coordinates": [
          [
            80.2407359,
            13.0736065
          ],
          [
            80.2405788,
            13.0735601
          ]
        ]
      },
      "id": "way/1267319776"
    },
    {
      "type": "Feature",
      "properties": {
        "start_km": 475.183,
        "end_km": 476.231
      },
      "geometry": {
        "type": "LineString",
        "coordinates": [
          [
            80.2333194,
            13.068439
          ],
          [
            80.2335142,
            13.0693064
          ],
          [
            80.2336207,
            13.069671
          ],
          [
            80.2337151,
            13.0699391
          ],
          [
            80.233839,
            13.0701768
          ],
          [
            80.2339896,
            13.070435
          ],
          [
            80.2341688,
            13.0707042
          ],
          [
            80.2343461,
            13.0709271
          ],
          [
            80.2345368,
            13.0711462
          ],
          [
            80.2347236,
            13.071317
          ],
          [
            80.2349581,
            13.0715195
          ],
          [
            80.2352364,
            13.0717107
          ],
          [
            80.2355109,
            13.0718853
          ],
          [
            80.2357969,
            13.0720487
          ],
          [
            80.2360924,
            13.072175
          ],
          [
            80.2364165,
            13.0722976
          ],
          [
            80.2367997,
            13.0724164
          ],
          [
            80.2393075,
            13.0731402
          ],
          [
            80.2405917,
            13.0735179
          ]
        ]
      },
      "id": "way/1267319777"
    },
    {
      "type": "Feature",
      "properties": {
        "start_km": 476.231,
        "end_km": 476.248
      },
      "geometry": {
        "type": "LineString",
        "coordinates": [
          [
            80.2405917,
            13.0735179
          ],
          [
            80.2407459,
            13.0735646
          ]
        ]
      },
      "id": "way/1267319778"
    },
    {
      "type": "Feature",
      "properties": {
        "start_km": 476.248,
        "end_km": 477.29
      },
      "geometry": {
        "type": "LineString",
        "coordinates": [
          [
            80.2333557,
            13.0684338
          ],
          [
            80.2335626,
            13.0693121
          ],
          [
            80.2336565,
            13.0696579
          ],
          [
            80.233763,
            13.0699152
          ],
          [
            80.2338857,
            13.0701647
          ],
          [
            80.2340299,
            13.0704116
          ],
          [
            80.2342078,
            13.0706834
          ],
          [
            80.2343885,
            13.0709145
          ],
          [
            80.2345732,
            13.0711194
          ],
          [
            80.2347444,
            13.0712848
          ],
          [
            80.2349924,
            13.0714949
          ],
          [
            80.2352553,
            13.0716774
          ],
          [
            80.2355384,
            13.0718521
          ],
          [
            80.2358268,
            13.0720044
          ],
          [
            80.2361207,
            13.0721265
          ],
          [
            80.2364227,
            13.0722381
          ],
          [
            80.2368096,
            13.0723629
          ],
          [
            80.2393277,
            13.0731061
          ],
          [
            80.2402034,
            13.0733479
          ],
          [
            80.2406107,
            13.0734554
          ]
        ]
      },
      "id": "way/1267319779"
    },
    {
      "type": "Feature",
      "properties": {
        "start_km": 477.29,
        "end_km": 477.309
      },
      "geometry": {
        "type": "LineString",
        "coordinates": [
          [
            80.2406107,
            13.0734554
          ],
          [
            80.2407744,
            13.0735004
          ]
        ]
      },
      "id": "way/1267319780"
    },
    {
      "type": "Feature",
      "properties": {
        "start_km": 477.309,
        "end_km": 477.355
      },
      "geometry": {
        "type": "LineString",
        "coordinates": [
          [
            80.240617,
            13.0734349
          ],
          [
            80.2402034,
            13.0733479
          ]
        ]
      },
      "id": "way/1267319781"
    },
    {
      "type": "Feature",
      "properties": {
        "start_km": 477.355,
        "end_km": 477.373
      },
      "geometry": {
        "type": "LineString",
        "coordinates": [
          [
            80.2407793,
            13.0734657
          ],
          [
            80.240617,
            13.0734349
          ]
        ]
      },
      "id": "way/1267319782"
    },
    {
      "type": "Feature",
      "properties": {
        "start_km": 477.373,
        "end_km": 478.434
      },
      "geometry": {
        "type": "LineString",
        "coordinates": [
          [
            80.2405397,
            13.0736928
          ],
          [
            80.2401919,
            13.0735458
          ],
          [
            80.2397551,
            13.0733751
          ],
          [
            80.2392806,
            13.0732385
          ],
          [
            80.2367679,
            13.0725084
          ],
          [
            80.2363742,
            13.072385
          ],
          [
            80.2360696,
            13.0722721
          ],
          [
            80.2357595,
            13.0721381
          ],
          [
            80.2354522,
            13.0719832
          ],
          [
            80.2351744,
            13.0717957
          ],
          [
            80.2349056,
            13.07161
          ],
          [
            80.2346521,
            13.0713965
          ],
          [
            80.2344671,
            13.0712182
          ],
          [
            80.2342727,
            13.0710102
          ],
          [
            80.2340821,
            13.0707762
          ],
          [
            80.2339009,
            13.0704847
          ],
          [
            80.233758,
            13.0702358
          ],
          [
            80.2336245,
            13.0699796
          ],
          [
            80.2335068,
            13.0697025
          ],
          [
            80.2334034,
            13.0693304
          ],
          [
            80.2332321,
            13.0684515
          ]
        ]
      },
      "id": "way/1267319783"
    },
    {
      "type": "Feature",
      "properties": {
        "start_km": 478.434,
        "end_km": 478.451
      },
      "geometry": {
        "type": "LineString",
        "coordinates": [
          [
            80.2406942,
            13.07374
          ],
          [
            80.2405397,
            13.0736928
          ]
        ]
      },
      "id": "way/1267319784"
    },
    {
      "type": "Feature",
      "properties": {
        "start_km": 478.451,
        "end_km": 478.603
      },
      "geometry": {
        "type": "LineString",
        "coordinates": [
          [
            80.2248649,
            13.0268087
          ],
          [
            80.2252248,
            13.0281356
          ]
        ]
      },
      "id": "way/1270466100"
    },
    {
      "type": "Feature",
      "properties": {
        "start_km": 478.603,
        "end_km": 478.626
      },
      "geometry": {
        "type": "LineString",
        "coordinates": [
          [
            80.2248086,
            13.0266075
          ],
          [
            80.2248649,
            13.0268087
          ]
        ]
      },
      "id": "way/1270466101"
    },
    {
      "type": "Feature",
      "properties": {
        "start_km": 478.626,
        "end_km": 478.778
      },
      "geometry": {
        "type": "LineString",
        "coordinates": [
          [
            80.224818,
            13.0268204
          ],
          [
            80.2251756,
            13.0281489
          ]
        ]
      },
      "id": "way/1270466102"
    },
    {
      "type": "Feature",
      "properties": {
        "start_km": 478.778,
        "end_km": 478.802
      },
      "geometry": {
        "type": "LineString",
        "coordinates": [
          [
            80.2247603,
            13.0266166
          ],
          [
            80.224818,
            13.0268204
          ]
        ]
      },
      "id": "way/1270466103"
    },
    {
      "type": "Feature",
      "properties": {
        "start_km": 478.802,
        "end_km": 478.825
      },
      "geometry": {
        "type": "LineString",
        "coordinates": [
          [
            80.2247697,
            13.026827
          ],
          [
            80.224712,
            13.0266297
          ]
        ]
      },
      "id": "way/1270466104"
    },
    {
      "type": "Feature",
      "properties": {
        "start_km": 478.825,
        "end_km": 478.977
      },
      "geometry": {
        "type": "LineString",
        "coordinates": [
          [
            80.2251385,
            13.0281559
          ],
          [
            80.2247697,
            13.026827
          ]
        ]
      },
      "id": "way/1270466105"
    },
    {
      "type": "Feature",
      "properties": {
        "start_km": 478.977,
        "end_km": 479.128
      },
      "geometry": {
        "type": "LineString",
        "coordinates": [
          [
            80.2247027,
            13.0268544
          ],
          [
            80.2250881,
            13.0281681
          ]
        ]
      },
      "id": "way/1270466106"
    },
    {
      "type": "Feature",
      "properties": {
        "start_km": 479.128,
        "end_km": 479.152
      },
      "geometry": {
        "type": "LineString",
        "coordinates": [
          [
            80.2246436,
            13.0266454
          ],
          [
            80.2247027,
            13.0268544
          ]
        ]
      },
      "id": "way/1270466107"
    },
    {
      "type": "Feature",
      "properties": {
        "start_km": 479.152,
        "end_km": 479.238
      },
      "geometry": {
        "type": "LineString",
        "coordinates": [
          [
            80.2755269,
            13.0827363
          ],
          [
            80.2754043,
            13.0835056
          ]
        ]
      },
      "id": "way/1288838746"
    },
    {
      "type": "Feature",
      "properties": {
        "start_km": 479.238,
        "end_km": 479.315
      },
      "geometry": {
        "type": "LineString",
        "coordinates": [
          [
            80.2745963,
            13.0885713
          ],
          [
            80.2745887,
            13.0892673
          ]
        ]
      },
      "id": "way/1288838747"
    },
    {
      "type": "Feature",
      "properties": {
        "start_km": 479.315,
        "end_km": 480.149
      },
      "geometry": {
        "type": "LineString",
        "coordinates": [
          [
            80.2031882,
            13.1108519
          ],
          [
            80.2027434,
            13.1109806
          ],
          [
            80.2014245,
            13.1111267
          ],
          [
            80.2012422,
            13.111137
          ],
          [
            80.2010595,
            13.1111394
          ],
          [
            80.200877,
            13.1111338
          ],
          [
            80.2006948,
            13.1111203
          ],
          [
            80.2005135,
            13.1110988
          ],
          [
            80.2003334,
            13.1110694
          ],
          [
            80.2001548,
            13.1110321
          ],
          [
            80.1999781,
            13.1109871
          ],
          [
            80.199788,
            13.1109293
          ],
          [
            80.199601,
            13.1108625
          ],
          [
            80.1994176,
            13.1107869
          ],
          [
            80.1992382,
            13.1107027
          ],
          [
            80.1990633,
            13.11061
          ],
          [
            80.1988932,
            13.1105091
          ],
          [
            80.1987284,
            13.1104002
          ],
          [
            80.1985693,
            13.1102836
          ],
          [
            80.1984162,
            13.1101596
          ],
          [
            80.1982799,
            13.1100136
          ],
          [
            80.1973307,
            13.1091354
          ],
          [
            80.1965337,
            13.1083358
          ]
        ]
      },
      "id": "way/1340568931"
    },
    {
      "type": "Feature",
      "properties": {
        "start_km": 480.149,
        "end_km": 480.262
      },
      "geometry": {
        "type": "LineString",
        "coordinates": [
          [
            80.2121197,
            13.1094092
          ],
          [
            80.2127301,
            13.1095238
          ],
          [
            80.2128495,
            13.1095617
          ],
          [
            80.2131408,
            13.1096093
          ]
        ]
      },
      "id": "way/1374913013"
    }
  ]
}
